name of company,college name,region,year,Salary
INFOSYS,"TRINITY COLLEGE OF ENGINEERING AND RESEARCH,PUNE",PUNE,2015,618371
QUINNOX,PILLAI HOC COLLEGE OF ENGINEERING AND TECHNOLOGY,NAVI MUMBAI,2018,448273
TATA,PUNE INSTITUTE OF COMPUTER TECHNOLOGY,PUNE,2015,95384
GODREJ INFOTECH,SMT. INDIRA GANDHI COLLEGE OF ENGINEERING,NAVI MUMBAI,2015,373761
INFOGAIN,ARMY INSTITUTE OF TECHNOLOGY,PUNE,2014,423141
ZENSAR TECHNOLOGIES,COLLEGE OF ENGINEERING PUNE,PUNE,2018,1089338
INDUS VALLEY PARTNERS,PILLAI HOC COLLEGE OF ENGINEERING AND TECHNOLOGY,NAVI MUMBAI,2014,780005
IBM,PILLAI HOC COLLEGE OF ENGINEERING AND TECHNOLOGY,NAVI MUMBAI,2018,439783
MU SIGMA,K. J. SOMAIYA COLLEGE OF ENGINEERING,MUMBAI,2018,709027
GENPACT,DHOLE PATIL COLLEGE OF ENGINEERING PUNE,PUNE,2018,623983
ATIDAN,DWARKADAS J. SANGHVI COLLEGE OF ENGINEERING,MUMBAI,2018,806133
MICROSOFT,DWARKADAS J. SANGHVI COLLEGE OF ENGINEERING,MUMBAI,2015,1150416
AMAZON,ALAMURI RATNAMALA INSTITUTE OF ENGINEERING & TECHNOLOGY,THANE,2017,451820
INDUS VALLEY PARTNERS,SMT. INDIRA GANDHI COLLEGE OF ENGINEERING,NAVI MUMBAI,2017,797986
TCS,VISHWAKARMA INSTITUTE OF TECHNOLOGY,PUNE,2015,41110
WNS,PILLAI COLLEGE OF ENGINEERING,NAVI MUMBAI,2015,466649
BHARAT PETROLEUM,"SHREE RAMCHANDRA COLLEGE OF ENGINEERING,PUNE",PUNE,2018,374159
CMC,VISHWAKARMA INSTITUTE OF TECHNOLOGY,PUNE,2014,434761
EDELWEISS FINANCIAL SERVICES,VEERMATA JIJABAI TECHNOLOGICAL INSTITUTE,MUMBAI,2015,923138
MIRRAW,DWARKADAS J. SANGHVI COLLEGE OF ENGINEERING,MUMBAI,2017,439440
SABA SOFTWARE,COLLEGE OF ENGINEERING PUNE,PUNE,2016,728993
RAJA SOFTWARE LABS,INDIRA COLLEGE OF ENGINEERING AND MANAGEMENT,PUNE,2016,441942
RAVE TECHNOLOGIES,COLLEGE OF ENGINEERING PUNE,PUNE,2017,418798
CREDIT SUISSE,DWARKADAS J. SANGHVI COLLEGE OF ENGINEERING,MUMBAI,2015,982507
RUBIQUE,THADOMAL SHAHANI ENGINEERING COLLEGE,MUMBAI,2014,1026836
HCL TECHNOLOGIES,"TRINITY COLLEGE OF ENGINEERING AND RESEARCH,PUNE",PUNE,2015,304676
TATA,ALAMURI RATNAMALA INSTITUTE OF ENGINEERING & TECHNOLOGY,THANE,2015,96681
WNS,DWARKADAS J. SANGHVI COLLEGE OF ENGINEERING,MUMBAI,2017,402764
GOOGLE,PUNE INSTITUTE OF COMPUTER TECHNOLOGY,PUNE,2015,52144
BANK OF AMERICA,DWARKADAS J. SANGHVI COLLEGE OF ENGINEERING,MUMBAI,2018,791005
INFOGAIN,RAMRAO ADIK INSTITUTE OF TECHNOLOGY,NAVI MUMBAI,2017,403646
AMAZON,PILLAI COLLEGE OF ENGINEERING,NAVI MUMBAI,2015,444450
ORANGE,ALAMURI RATNAMALA INSTITUTE OF ENGINEERING & TECHNOLOGY,THANE,2018,20399
ZENSAR TECHNOLOGIES,PILLAI HOC COLLEGE OF ENGINEERING AND TECHNOLOGY,NAVI MUMBAI,2015,482534
CRMNEXT,THAKUR COLLEGE OF ENGINEERING AND TECHNOLOGY,MUMBAI,2018,26282
INDUS VALLEY PARTNERS,SMT. INDIRA GANDHI COLLEGE OF ENGINEERING,NAVI MUMBAI,2015,765409
MINDTREE,ALAMURI RATNAMALA INSTITUTE OF ENGINEERING & TECHNOLOGY,THANE,2014,17932
THIRDWARE SOLUTION,PILLAI HOC COLLEGE OF ENGINEERING AND TECHNOLOGY,NAVI MUMBAI,2015,443514
JOHNSON CONTROLS,PILLAI HOC COLLEGE OF ENGINEERING AND TECHNOLOGY,NAVI MUMBAI,2016,780560
SIEMENS,"TRINITY COLLEGE OF ENGINEERING AND RESEARCH,PUNE",PUNE,2017,474215
ZYCUS,PILLAI HOC COLLEGE OF ENGINEERING AND TECHNOLOGY,NAVI MUMBAI,2018,17663
CREDIT SUISSE,PUNE INSTITUTE OF COMPUTER TECHNOLOGY,PUNE,2015,978845
MICROSOFT,PUNE INSTITUTE OF COMPUTER TECHNOLOGY,PUNE,2016,424233
MPHASIS,VEERMATA JIJABAI TECHNOLOGICAL INSTITUTE,MUMBAI,2017,723090
HEXAWARE TECHNOLOGIES,VEERMATA JIJABAI TECHNOLOGICAL INSTITUTE,MUMBAI,2014,30869
ZYCUS,SMT. INDIRA GANDHI COLLEGE OF ENGINEERING,NAVI MUMBAI,2018,17444
DIRECTI,RAMRAO ADIK INSTITUTE OF TECHNOLOGY,NAVI MUMBAI,2017,1703771
INFOGAIN,XAVIER INSTITUTE OF ENGINEERING,MUMBAI,2016,220311
CAPITA,THAKUR COLLEGE OF ENGINEERING AND TECHNOLOGY,MUMBAI,2016,585588
UBS,ALAMURI RATNAMALA INSTITUTE OF ENGINEERING & TECHNOLOGY,THANE,2014,1826942
ZYCUS,ARMY INSTITUTE OF TECHNOLOGY,PUNE,2017,17133
CALSOFT,PILLAI HOC COLLEGE OF ENGINEERING AND TECHNOLOGY,NAVI MUMBAI,2017,16602
NEWGEN SOFTWARE,ALAMURI RATNAMALA INSTITUTE OF ENGINEERING & TECHNOLOGY,THANE,2015,443515
SIEMENS,THADOMAL SHAHANI ENGINEERING COLLEGE,MUMBAI,2017,485744
LARSEN & TOUBRO,ALAMURI RATNAMALA INSTITUTE OF ENGINEERING & TECHNOLOGY,THANE,2018,1796400
INFOSYS,VISHWAKARMA INSTITUTE OF TECHNOLOGY,PUNE,2015,643776
NUCSOFT,VEERMATA JIJABAI TECHNOLOGICAL INSTITUTE,MUMBAI,2014,231610
NEWGEN,"DR. D. Y. PATIL VIDYAPEETH, PUNE",PUNE,2017,11083
IGATE,DHOLE PATIL COLLEGE OF ENGINEERING PUNE,PUNE,2015,31532
NVIDIA,THADOMAL SHAHANI ENGINEERING COLLEGE,MUMBAI,2015,247729
ORIENT TECHNOLOGIES,PILLAI COLLEGE OF ENGINEERING,NAVI MUMBAI,2018,26708
UGAM,ALAMURI RATNAMALA INSTITUTE OF ENGINEERING & TECHNOLOGY,THANE,2015,535465
UBS,ARMY INSTITUTE OF TECHNOLOGY,PUNE,2015,374439
MORGAN STANLEY,DHOLE PATIL COLLEGE OF ENGINEERING PUNE,PUNE,2016,1736046
RUBIQUE,MIT COLLEGE OF ENGINEERING,PUNE,2014,978981
AMAZON,RAMRAO ADIK INSTITUTE OF TECHNOLOGY,NAVI MUMBAI,2014,439796
CMC,BHARATI VIDYAPEETH COLLEGE OF ENGINEERING,PUNE,2018,180517
QUINNOX,"TRINITY COLLEGE OF ENGINEERING AND RESEARCH,PUNE",PUNE,2015,808082
CAPGEMINI,SMT. INDIRA GANDHI COLLEGE OF ENGINEERING,NAVI MUMBAI,2014,793584
SYNTROSYS,PUNE INSTITUTE OF COMPUTER TECHNOLOGY,PUNE,2016,937996
UBS,DWARKADAS J. SANGHVI COLLEGE OF ENGINEERING,MUMBAI,2017,1850980
CRMNEXT,K. J. SOMAIYA COLLEGE OF ENGINEERING,MUMBAI,2016,26680
IDBI INTECH,VEERMATA JIJABAI TECHNOLOGICAL INSTITUTE,MUMBAI,2015,540817
CAPGEMINI,PILLAI HOC COLLEGE OF ENGINEERING AND TECHNOLOGY,NAVI MUMBAI,2018,390727
SCHNEIDER ELECTRIC,VISHWAKARMA INSTITUTE OF TECHNOLOGY,PUNE,2018,443321
IBM,SMT. INDIRA GANDHI COLLEGE OF ENGINEERING,NAVI MUMBAI,2014,432899
CMC,DHOLE PATIL COLLEGE OF ENGINEERING PUNE,PUNE,2017,427219
ACCOLITE,VEERMATA JIJABAI TECHNOLOGICAL INSTITUTE,MUMBAI,2017,1175242
VPHRASE,"DR. D. Y. PATIL VIDYAPEETH, PUNE",PUNE,2018,417538
WIPRO,THAKUR COLLEGE OF ENGINEERING AND TECHNOLOGY,MUMBAI,2018,482145
SYMANTEC,ALAMURI RATNAMALA INSTITUTE OF ENGINEERING & TECHNOLOGY,THANE,2014,15658
IDBI INTECH,LOKMANYA TILAK COLLEGE OF ENGINEERING,NAVI MUMBAI,2016,378711
CLOVER INFOTECH,"TRINITY COLLEGE OF ENGINEERING AND RESEARCH,PUNE",PUNE,2018,17460
IBM,PUNE INSTITUTE OF COMPUTER TECHNOLOGY,PUNE,2018,447226
JIO,THAKUR COLLEGE OF ENGINEERING AND TECHNOLOGY,MUMBAI,2017,734589
RAJA SOFTWARE LABS,DHOLE PATIL COLLEGE OF ENGINEERING PUNE,PUNE,2018,443321
UBS,"TRINITY COLLEGE OF ENGINEERING AND RESEARCH,PUNE",PUNE,2014,1842499
CRMNEXT,MIT COLLEGE OF ENGINEERING,PUNE,2017,26759
INGRAM MICRO,THAKUR COLLEGE OF ENGINEERING AND TECHNOLOGY,MUMBAI,2016,357120
MORGAN STANLEY,THADOMAL SHAHANI ENGINEERING COLLEGE,MUMBAI,2016,1784514
GOOGLE,RAMRAO ADIK INSTITUTE OF TECHNOLOGY,NAVI MUMBAI,2017,45105
WEATHERFORD,PUNE INSTITUTE OF COMPUTER TECHNOLOGY,PUNE,2018,501096
VERIZON,MIT COLLEGE OF ENGINEERING,PUNE,2018,554151
GEP,DWARKADAS J. SANGHVI COLLEGE OF ENGINEERING,MUMBAI,2015,755508
MASTEK,VEERMATA JIJABAI TECHNOLOGICAL INSTITUTE,MUMBAI,2018,305980
DIRECTI,MIT COLLEGE OF ENGINEERING,PUNE,2015,25600
MPHASIS,XAVIER INSTITUTE OF ENGINEERING,MUMBAI,2018,724122
MICROSOFT,VEERMATA JIJABAI TECHNOLOGICAL INSTITUTE,MUMBAI,2014,1176245
MAJESCO,K. J. SOMAIYA COLLEGE OF ENGINEERING,MUMBAI,2018,485992
BANK OF AMERICA,RAMRAO ADIK INSTITUTE OF TECHNOLOGY,NAVI MUMBAI,2016,891691
GODREJ INFOTECH,"SHREE RAMCHANDRA COLLEGE OF ENGINEERING,PUNE",PUNE,2016,372477
SABA SOFTWARE,INDIRA COLLEGE OF ENGINEERING AND MANAGEMENT,PUNE,2014,708218
IBM INDIA,VEERMATA JIJABAI TECHNOLOGICAL INSTITUTE,MUMBAI,2017,566421
JOHNSON CONTROLS,DWARKADAS J. SANGHVI COLLEGE OF ENGINEERING,MUMBAI,2014,980047
QUANTIPHI,BHARATI VIDYAPEETH COLLEGE OF ENGINEERING,PUNE,2017,30864
XORIANT,PILLAI HOC COLLEGE OF ENGINEERING AND TECHNOLOGY,NAVI MUMBAI,2016,666570
CAPGEMINI,ARMY INSTITUTE OF TECHNOLOGY,PUNE,2018,393609
JOHNSON CONTROLS,ALAMURI RATNAMALA INSTITUTE OF ENGINEERING & TECHNOLOGY,THANE,2018,810251
INFOGAIN,RAMRAO ADIK INSTITUTE OF TECHNOLOGY,NAVI MUMBAI,2014,229723
IDBI INTECH,VEERMATA JIJABAI TECHNOLOGICAL INSTITUTE,MUMBAI,2014,557758
CAPGEMINI,DWARKADAS J. SANGHVI COLLEGE OF ENGINEERING,MUMBAI,2015,390727
LARSEN & TOUBRO,VISHWAKARMA INSTITUTE OF TECHNOLOGY,PUNE,2015,1764982
TIBCO SOFTWARE,"TRINITY COLLEGE OF ENGINEERING AND RESEARCH,PUNE",PUNE,2017,1284385
MEDIA.NET,LOKMANYA TILAK COLLEGE OF ENGINEERING,NAVI MUMBAI,2016,560803
IBM INDIA,XAVIER INSTITUTE OF ENGINEERING,MUMBAI,2016,561320
EDELWEISS FINANCIAL SERVICES,VEERMATA JIJABAI TECHNOLOGICAL INSTITUTE,MUMBAI,2018,935975
NUCSOFT,PILLAI COLLEGE OF ENGINEERING,NAVI MUMBAI,2014,226582
QUINNOX,ARMY INSTITUTE OF TECHNOLOGY,PUNE,2016,446973
INDUS VALLEY PARTNERS,DWARKADAS J. SANGHVI COLLEGE OF ENGINEERING,MUMBAI,2017,30541
MAQ SOFTWARE,COLLEGE OF ENGINEERING PUNE,PUNE,2018,760901
IBM,DWARKADAS J. SANGHVI COLLEGE OF ENGINEERING,MUMBAI,2018,364709
TCS,"DR. D. Y. PATIL VIDYAPEETH, PUNE",PUNE,2014,372802
VERIZON,PUNE INSTITUTE OF COMPUTER TECHNOLOGY,PUNE,2016,556754
MPHASIS,PUNE INSTITUTE OF COMPUTER TECHNOLOGY,PUNE,2016,487898
UGAM,SMT. INDIRA GANDHI COLLEGE OF ENGINEERING,NAVI MUMBAI,2018,783087
MORGAN STANLEY,PUNE INSTITUTE OF COMPUTER TECHNOLOGY,PUNE,2017,515321
CAPGEMINI,LOKMANYA TILAK COLLEGE OF ENGINEERING,NAVI MUMBAI,2016,398841
KPIT TECHNOLOGIES,LOKMANYA TILAK COLLEGE OF ENGINEERING,NAVI MUMBAI,2014,794813
NVIDIA,INDIRA COLLEGE OF ENGINEERING AND MANAGEMENT,PUNE,2014,21669
SIEMENS,LOKMANYA TILAK COLLEGE OF ENGINEERING,NAVI MUMBAI,2014,492276
VPHRASE,RAMRAO ADIK INSTITUTE OF TECHNOLOGY,NAVI MUMBAI,2016,409730
MAJESCO,XAVIER INSTITUTE OF ENGINEERING,MUMBAI,2016,485992
AMDOCS,PILLAI HOC COLLEGE OF ENGINEERING AND TECHNOLOGY,NAVI MUMBAI,2015,668431
NUCSOFT,VISHWAKARMA INSTITUTE OF TECHNOLOGY,PUNE,2018,227119
MORGAN STANLEY,COLLEGE OF ENGINEERING PUNE,PUNE,2017,529932
CREDIT SUISSE,"SHREE RAMCHANDRA COLLEGE OF ENGINEERING,PUNE",PUNE,2018,957887
CAPGEMINI,VEERMATA JIJABAI TECHNOLOGICAL INSTITUTE,MUMBAI,2018,796048
SAINT-GOBAIN,MIT COLLEGE OF ENGINEERING,PUNE,2018,730114
BNP PARIBAS,SMT. INDIRA GANDHI COLLEGE OF ENGINEERING,NAVI MUMBAI,2018,53693
IDBI INTECH,PUNE INSTITUTE OF COMPUTER TECHNOLOGY,PUNE,2015,538868
MORGAN STANLEY,DWARKADAS J. SANGHVI COLLEGE OF ENGINEERING,MUMBAI,2014,530451
XORIANT,DWARKADAS J. SANGHVI COLLEGE OF ENGINEERING,MUMBAI,2015,454180
NVIDIA,"DR. D. Y. PATIL VIDYAPEETH, PUNE",PUNE,2015,249519
CIMPRESS,ALAMURI RATNAMALA INSTITUTE OF ENGINEERING & TECHNOLOGY,THANE,2016,1384586
DIRECTI,INDIRA COLLEGE OF ENGINEERING AND MANAGEMENT,PUNE,2016,1649407
ZYCUS,THAKUR COLLEGE OF ENGINEERING AND TECHNOLOGY,MUMBAI,2016,41974
NVIDIA,DHOLE PATIL COLLEGE OF ENGINEERING PUNE,PUNE,2018,22327
ACCENTURE,K. J. SOMAIYA COLLEGE OF ENGINEERING,MUMBAI,2017,300841
WNS,PILLAI HOC COLLEGE OF ENGINEERING AND TECHNOLOGY,NAVI MUMBAI,2018,409027
NVIDIA,DWARKADAS J. SANGHVI COLLEGE OF ENGINEERING,MUMBAI,2016,245813
CRMNEXT,MIT COLLEGE OF ENGINEERING,PUNE,2015,26486
GEOMETRIC SOFTWARE SOLUTIONS,RAMRAO ADIK INSTITUTE OF TECHNOLOGY,NAVI MUMBAI,2017,351174
VISA INC.,INDIRA COLLEGE OF ENGINEERING AND MANAGEMENT,PUNE,2015,1156787
SIEMENS,SMT. INDIRA GANDHI COLLEGE OF ENGINEERING,NAVI MUMBAI,2018,494440
PROTEGRITY,K. J. SOMAIYA COLLEGE OF ENGINEERING,MUMBAI,2018,51849
CLOVER INFOTECH,DHOLE PATIL COLLEGE OF ENGINEERING PUNE,PUNE,2016,375392
PC TECHNOLOGY,XAVIER INSTITUTE OF ENGINEERING,MUMBAI,2015,798523
MIRRAW,ALAMURI RATNAMALA INSTITUTE OF ENGINEERING & TECHNOLOGY,THANE,2017,30914
CREDIT SUISSE,DHOLE PATIL COLLEGE OF ENGINEERING PUNE,PUNE,2018,292566
INFORMATICA,PILLAI HOC COLLEGE OF ENGINEERING AND TECHNOLOGY,NAVI MUMBAI,2015,390466
ACCENTURE,"DR. D. Y. PATIL VIDYAPEETH, PUNE",PUNE,2018,664502
ACCOLITE,SMT. INDIRA GANDHI COLLEGE OF ENGINEERING,NAVI MUMBAI,2015,134312
ADOBE,"TRINITY COLLEGE OF ENGINEERING AND RESEARCH,PUNE",PUNE,2018,111445
BNP PARIBAS,PUNE INSTITUTE OF COMPUTER TECHNOLOGY,PUNE,2016,38731
OSP LABS,"SHREE RAMCHANDRA COLLEGE OF ENGINEERING,PUNE",PUNE,2016,861597
QUINNOX,LOKMANYA TILAK COLLEGE OF ENGINEERING,NAVI MUMBAI,2014,446689
ENDURANCE INTERNATIONAL GROUP,ALAMURI RATNAMALA INSTITUTE OF ENGINEERING & TECHNOLOGY,THANE,2016,758477
SIEMENS,PILLAI HOC COLLEGE OF ENGINEERING AND TECHNOLOGY,NAVI MUMBAI,2017,503090
IBM,PILLAI HOC COLLEGE OF ENGINEERING AND TECHNOLOGY,NAVI MUMBAI,2017,440139
LIONBRIDGE,BHARATI VIDYAPEETH COLLEGE OF ENGINEERING,PUNE,2017,42822
LIONBRIDGE,DWARKADAS J. SANGHVI COLLEGE OF ENGINEERING,MUMBAI,2016,43867
NUCSOFT,MIT COLLEGE OF ENGINEERING,PUNE,2015,29577
QUANTIPHI,PILLAI HOC COLLEGE OF ENGINEERING AND TECHNOLOGY,NAVI MUMBAI,2014,30571
SYMANTEC,MIT COLLEGE OF ENGINEERING,PUNE,2018,16303
HEXAWARE TECHNOLOGIES,THAKUR COLLEGE OF ENGINEERING AND TECHNOLOGY,MUMBAI,2017,747755
AMAZON,XAVIER INSTITUTE OF ENGINEERING,MUMBAI,2015,20482
BOOKMYSHOW,LOKMANYA TILAK COLLEGE OF ENGINEERING,NAVI MUMBAI,2017,363631
MORGAN STANLEY,THADOMAL SHAHANI ENGINEERING COLLEGE,MUMBAI,2018,515321
HCL TECHNOLOGIES,PUNE INSTITUTE OF COMPUTER TECHNOLOGY,PUNE,2018,305980
VPHRASE,VEERMATA JIJABAI TECHNOLOGICAL INSTITUTE,MUMBAI,2018,401476
TCS,RAMRAO ADIK INSTITUTE OF TECHNOLOGY,NAVI MUMBAI,2018,353030
TECH MAHINDRA,PUNE INSTITUTE OF COMPUTER TECHNOLOGY,PUNE,2018,485992
GEOMETRIC,PILLAI HOC COLLEGE OF ENGINEERING AND TECHNOLOGY,NAVI MUMBAI,2016,439054
BNP PARIBAS,DWARKADAS J. SANGHVI COLLEGE OF ENGINEERING,MUMBAI,2017,54264
MAQ SOFTWARE,THAKUR COLLEGE OF ENGINEERING AND TECHNOLOGY,MUMBAI,2015,1681973
TOPPR.COM,ALAMURI RATNAMALA INSTITUTE OF ENGINEERING & TECHNOLOGY,THANE,2014,403613
ACCENTURE,XAVIER INSTITUTE OF ENGINEERING,MUMBAI,2017,652951
UBS,DWARKADAS J. SANGHVI COLLEGE OF ENGINEERING,MUMBAI,2014,387299
INFOSYS,THAKUR COLLEGE OF ENGINEERING AND TECHNOLOGY,MUMBAI,2014,621848
MICROSOFT,INDIRA COLLEGE OF ENGINEERING AND MANAGEMENT,PUNE,2018,431147
RAJA SOFTWARE LABS,ARMY INSTITUTE OF TECHNOLOGY,PUNE,2016,437069
HCL TECHNOLOGIES,DWARKADAS J. SANGHVI COLLEGE OF ENGINEERING,MUMBAI,2017,312484
INFOSYS,ARMY INSTITUTE OF TECHNOLOGY,PUNE,2018,636636
NEOSOFT TECHNOLOGIES,DWARKADAS J. SANGHVI COLLEGE OF ENGINEERING,MUMBAI,2016,479387
CAPGEMINI,K. J. SOMAIYA COLLEGE OF ENGINEERING,MUMBAI,2015,392372
AMAZON,COLLEGE OF ENGINEERING PUNE,PUNE,2015,451912
HEXAWARE TECHNOLOGIES,DWARKADAS J. SANGHVI COLLEGE OF ENGINEERING,MUMBAI,2016,31493
NUCSOFT,"TRINITY COLLEGE OF ENGINEERING AND RESEARCH,PUNE",PUNE,2018,226113
QUINNOX,DWARKADAS J. SANGHVI COLLEGE OF ENGINEERING,MUMBAI,2016,447417
LARSEN & TOUBRO,ALAMURI RATNAMALA INSTITUTE OF ENGINEERING & TECHNOLOGY,THANE,2018,1753029
RAVE TECHNOLOGIES,BHARATI VIDYAPEETH COLLEGE OF ENGINEERING,PUNE,2015,416778
NETWORK 18,ALAMURI RATNAMALA INSTITUTE OF ENGINEERING & TECHNOLOGY,THANE,2018,430104
QUINNOX,PILLAI HOC COLLEGE OF ENGINEERING AND TECHNOLOGY,NAVI MUMBAI,2018,446973
LTI,ARMY INSTITUTE OF TECHNOLOGY,PUNE,2018,1254848
MU SIGMA,PUNE INSTITUTE OF COMPUTER TECHNOLOGY,PUNE,2017,689624
GEOMETRIC,DWARKADAS J. SANGHVI COLLEGE OF ENGINEERING,MUMBAI,2015,434296
BOOKMYSHOW,DWARKADAS J. SANGHVI COLLEGE OF ENGINEERING,MUMBAI,2017,352813
SIEMENS,PILLAI COLLEGE OF ENGINEERING,NAVI MUMBAI,2018,489493
XL DYNAMICS,XAVIER INSTITUTE OF ENGINEERING,MUMBAI,2015,677323
LIONBRIDGE,SMT. INDIRA GANDHI COLLEGE OF ENGINEERING,NAVI MUMBAI,2015,44037
SIEMENS,DHOLE PATIL COLLEGE OF ENGINEERING PUNE,PUNE,2016,495844
ATOS,DWARKADAS J. SANGHVI COLLEGE OF ENGINEERING,MUMBAI,2016,25600
NSEIT,PUNE INSTITUTE OF COMPUTER TECHNOLOGY,PUNE,2016,58973
ACCENTURE,XAVIER INSTITUTE OF ENGINEERING,MUMBAI,2018,299512
TCS,PUNE INSTITUTE OF COMPUTER TECHNOLOGY,PUNE,2017,368897
CAPITA,COLLEGE OF ENGINEERING PUNE,PUNE,2017,573200
CMS IT SERVICES,XAVIER INSTITUTE OF ENGINEERING,MUMBAI,2017,437046
NUCSOFT,THAKUR COLLEGE OF ENGINEERING AND TECHNOLOGY,MUMBAI,2014,220298
CALSOFT,PUNE INSTITUTE OF COMPUTER TECHNOLOGY,PUNE,2015,16212
DELOITTE,RAMRAO ADIK INSTITUTE OF TECHNOLOGY,NAVI MUMBAI,2018,721362
INFOGAIN,RAMRAO ADIK INSTITUTE OF TECHNOLOGY,NAVI MUMBAI,2018,228786
MPHASIS,"TRINITY COLLEGE OF ENGINEERING AND RESEARCH,PUNE",PUNE,2017,493328
PROTEGRITY,ALAMURI RATNAMALA INSTITUTE OF ENGINEERING & TECHNOLOGY,THANE,2015,51686
ZYCUS,"SHREE RAMCHANDRA COLLEGE OF ENGINEERING,PUNE",PUNE,2017,17142
SCHNEIDER ELECTRIC,THADOMAL SHAHANI ENGINEERING COLLEGE,MUMBAI,2016,108013
OSP LABS,RAMRAO ADIK INSTITUTE OF TECHNOLOGY,NAVI MUMBAI,2015,861877
MORGAN STANLEY,RAMRAO ADIK INSTITUTE OF TECHNOLOGY,NAVI MUMBAI,2015,1741748
UGAM,ARMY INSTITUTE OF TECHNOLOGY,PUNE,2014,533197
THIRDWARE SOLUTION,VEERMATA JIJABAI TECHNOLOGICAL INSTITUTE,MUMBAI,2016,435950
BNP PARIBAS,DHOLE PATIL COLLEGE OF ENGINEERING PUNE,PUNE,2018,38791
ATOS,XAVIER INSTITUTE OF ENGINEERING,MUMBAI,2017,689425
HEXAWARE TECHNOLOGIES,"SHREE RAMCHANDRA COLLEGE OF ENGINEERING,PUNE",PUNE,2017,783561
WEATHERFORD,INDIRA COLLEGE OF ENGINEERING AND MANAGEMENT,PUNE,2017,511479
NUCSOFT,DWARKADAS J. SANGHVI COLLEGE OF ENGINEERING,MUMBAI,2016,225812
CYBAGE SOFTWARE,K. J. SOMAIYA COLLEGE OF ENGINEERING,MUMBAI,2014,598189
ORACLE,"DR. D. Y. PATIL VIDYAPEETH, PUNE",PUNE,2018,485375
NUCSOFT,DHOLE PATIL COLLEGE OF ENGINEERING PUNE,PUNE,2015,29563
CAPITA,XAVIER INSTITUTE OF ENGINEERING,MUMBAI,2018,579967
GEP,THADOMAL SHAHANI ENGINEERING COLLEGE,MUMBAI,2018,736274
ACCOLITE,VEERMATA JIJABAI TECHNOLOGICAL INSTITUTE,MUMBAI,2015,1165202
CAPGEMINI,VEERMATA JIJABAI TECHNOLOGICAL INSTITUTE,MUMBAI,2014,793365
BANK OF AMERICA,RAMRAO ADIK INSTITUTE OF TECHNOLOGY,NAVI MUMBAI,2014,788943
INFOGAIN,LOKMANYA TILAK COLLEGE OF ENGINEERING,NAVI MUMBAI,2018,415614
MIRRAW,XAVIER INSTITUTE OF ENGINEERING,MUMBAI,2014,31331
HEXAWARE TECHNOLOGIES,DWARKADAS J. SANGHVI COLLEGE OF ENGINEERING,MUMBAI,2016,743578
UGAM,BHARATI VIDYAPEETH COLLEGE OF ENGINEERING,PUNE,2017,795958
HEXAWARE TECHNOLOGIES,PILLAI HOC COLLEGE OF ENGINEERING AND TECHNOLOGY,NAVI MUMBAI,2017,30598
SAP,PUNE INSTITUTE OF COMPUTER TECHNOLOGY,PUNE,2018,786986
AMAZON,BHARATI VIDYAPEETH COLLEGE OF ENGINEERING,PUNE,2015,19822
MPHASIS,VEERMATA JIJABAI TECHNOLOGICAL INSTITUTE,MUMBAI,2018,722573
ECLINICALWORKS,PUNE INSTITUTE OF COMPUTER TECHNOLOGY,PUNE,2018,335685
ACCENTURE,PILLAI COLLEGE OF ENGINEERING,NAVI MUMBAI,2017,679315
ORACLE,XAVIER INSTITUTE OF ENGINEERING,MUMBAI,2018,485178
ECLINICALWORKS,XAVIER INSTITUTE OF ENGINEERING,MUMBAI,2014,336597
MASTEK,VISHWAKARMA INSTITUTE OF TECHNOLOGY,PUNE,2015,38295
CREDIT SUISSE,COLLEGE OF ENGINEERING PUNE,PUNE,2017,943053
MEDIA.NET,RAMRAO ADIK INSTITUTE OF TECHNOLOGY,NAVI MUMBAI,2018,579391
DELOITTE,DWARKADAS J. SANGHVI COLLEGE OF ENGINEERING,MUMBAI,2018,329421
INGRAM MICRO,DWARKADAS J. SANGHVI COLLEGE OF ENGINEERING,MUMBAI,2018,368278
CAPGEMINI,ALAMURI RATNAMALA INSTITUTE OF ENGINEERING & TECHNOLOGY,THANE,2017,389121
MPHASIS,SMT. INDIRA GANDHI COLLEGE OF ENGINEERING,NAVI MUMBAI,2017,470402
TCS,RAMRAO ADIK INSTITUTE OF TECHNOLOGY,NAVI MUMBAI,2014,365160
CAPGEMINI,ARMY INSTITUTE OF TECHNOLOGY,PUNE,2018,390727
TATA,PILLAI COLLEGE OF ENGINEERING,NAVI MUMBAI,2014,94562
CREDIT SUISSE,MIT COLLEGE OF ENGINEERING,PUNE,2018,304415
INFIBEAM,ARMY INSTITUTE OF TECHNOLOGY,PUNE,2015,179577
ATIDAN,PILLAI HOC COLLEGE OF ENGINEERING AND TECHNOLOGY,NAVI MUMBAI,2015,935975
MORGAN STANLEY,DHOLE PATIL COLLEGE OF ENGINEERING PUNE,PUNE,2017,501995
ATOS,PUNE INSTITUTE OF COMPUTER TECHNOLOGY,PUNE,2016,25600
HEWLETT-PACKARD,RAMRAO ADIK INSTITUTE OF TECHNOLOGY,NAVI MUMBAI,2015,55523
QAD,PUNE INSTITUTE OF COMPUTER TECHNOLOGY,PUNE,2015,878375
ATIDAN,ARMY INSTITUTE OF TECHNOLOGY,PUNE,2014,954521
MPHASIS,INDIRA COLLEGE OF ENGINEERING AND MANAGEMENT,PUNE,2018,710194
MPHASIS,XAVIER INSTITUTE OF ENGINEERING,MUMBAI,2016,723883
ATOS,MIT COLLEGE OF ENGINEERING,PUNE,2017,25605
LIONBRIDGE,DWARKADAS J. SANGHVI COLLEGE OF ENGINEERING,MUMBAI,2017,44716
ACCOLITE,ALAMURI RATNAMALA INSTITUTE OF ENGINEERING & TECHNOLOGY,THANE,2017,1138146
MASTEK,RAMRAO ADIK INSTITUTE OF TECHNOLOGY,NAVI MUMBAI,2016,303290
UBS,VISHWAKARMA INSTITUTE OF TECHNOLOGY,PUNE,2018,1801956
SCHNEIDER ELECTRIC,"DR. D. Y. PATIL VIDYAPEETH, PUNE",PUNE,2016,445656
ACCENTURE,LOKMANYA TILAK COLLEGE OF ENGINEERING,NAVI MUMBAI,2017,659408
CLOVER INFOTECH,ALAMURI RATNAMALA INSTITUTE OF ENGINEERING & TECHNOLOGY,THANE,2018,364651
RAJA SOFTWARE LABS,ARMY INSTITUTE OF TECHNOLOGY,PUNE,2017,436638
WISDMLABS,RAMRAO ADIK INSTITUTE OF TECHNOLOGY,NAVI MUMBAI,2014,1773789
KPIT TECHNOLOGIES,PUNE INSTITUTE OF COMPUTER TECHNOLOGY,PUNE,2014,773491
INFOSYS,PILLAI HOC COLLEGE OF ENGINEERING AND TECHNOLOGY,NAVI MUMBAI,2015,655067
HEXAWARE TECHNOLOGIES,XAVIER INSTITUTE OF ENGINEERING,MUMBAI,2018,30641
RAVE TECHNOLOGIES,PILLAI HOC COLLEGE OF ENGINEERING AND TECHNOLOGY,NAVI MUMBAI,2018,636636
QUINNOX,PILLAI COLLEGE OF ENGINEERING,NAVI MUMBAI,2018,446973
CAPGEMINI,THAKUR COLLEGE OF ENGINEERING AND TECHNOLOGY,MUMBAI,2018,390727
TCS,"SHREE RAMCHANDRA COLLEGE OF ENGINEERING,PUNE",PUNE,2014,42457
GOOGLE,VEERMATA JIJABAI TECHNOLOGICAL INSTITUTE,MUMBAI,2014,44037
CREDIT SUISSE,"SHREE RAMCHANDRA COLLEGE OF ENGINEERING,PUNE",PUNE,2016,296558
AMDOCS,LOKMANYA TILAK COLLEGE OF ENGINEERING,NAVI MUMBAI,2015,779623
VISA INC.,PILLAI HOC COLLEGE OF ENGINEERING AND TECHNOLOGY,NAVI MUMBAI,2017,1193864
SIEMENS,VEERMATA JIJABAI TECHNOLOGICAL INSTITUTE,MUMBAI,2015,481372
CAPITA,PILLAI COLLEGE OF ENGINEERING,NAVI MUMBAI,2015,564468
CMS IT SERVICES,BHARATI VIDYAPEETH COLLEGE OF ENGINEERING,PUNE,2018,448401
AMAZON,THADOMAL SHAHANI ENGINEERING COLLEGE,MUMBAI,2016,20652
RAJA SOFTWARE LABS,ALAMURI RATNAMALA INSTITUTE OF ENGINEERING & TECHNOLOGY,THANE,2018,447438
TCS,PILLAI HOC COLLEGE OF ENGINEERING AND TECHNOLOGY,NAVI MUMBAI,2018,363745
ZYCUS,DWARKADAS J. SANGHVI COLLEGE OF ENGINEERING,MUMBAI,2016,41812
HEXAWARE TECHNOLOGIES,"DR. D. Y. PATIL VIDYAPEETH, PUNE",PUNE,2014,752760
MAQ SOFTWARE,BHARATI VIDYAPEETH COLLEGE OF ENGINEERING,PUNE,2017,1665163
SYMANTEC,LOKMANYA TILAK COLLEGE OF ENGINEERING,NAVI MUMBAI,2018,1801956
MU SIGMA,LOKMANYA TILAK COLLEGE OF ENGINEERING,NAVI MUMBAI,2018,343078
AXIS BANK,ARMY INSTITUTE OF TECHNOLOGY,PUNE,2018,11637
ZENSAR TECHNOLOGIES,ALAMURI RATNAMALA INSTITUTE OF ENGINEERING & TECHNOLOGY,THANE,2014,1128171
CYBAGE SOFTWARE,DHOLE PATIL COLLEGE OF ENGINEERING PUNE,PUNE,2018,597715
ZYCUS,DWARKADAS J. SANGHVI COLLEGE OF ENGINEERING,MUMBAI,2015,41207
MICROSOFT,COLLEGE OF ENGINEERING PUNE,PUNE,2014,411625
ADOBE,THADOMAL SHAHANI ENGINEERING COLLEGE,MUMBAI,2016,1184494
MINDTREE,PILLAI HOC COLLEGE OF ENGINEERING AND TECHNOLOGY,NAVI MUMBAI,2015,17254
AXIS BANK,THADOMAL SHAHANI ENGINEERING COLLEGE,MUMBAI,2014,580114
SIEMENS,VISHWAKARMA INSTITUTE OF TECHNOLOGY,PUNE,2016,478749
AMDOCS,ARMY INSTITUTE OF TECHNOLOGY,PUNE,2018,771234
NUCSOFT,VEERMATA JIJABAI TECHNOLOGICAL INSTITUTE,MUMBAI,2014,30409
CAPGEMINI,THADOMAL SHAHANI ENGINEERING COLLEGE,MUMBAI,2014,780541
NVIDIA,K. J. SOMAIYA COLLEGE OF ENGINEERING,MUMBAI,2017,251151
SAP,XAVIER INSTITUTE OF ENGINEERING,MUMBAI,2017,59201
SAINT-GOBAIN,DWARKADAS J. SANGHVI COLLEGE OF ENGINEERING,MUMBAI,2017,733857
MU SIGMA,"TRINITY COLLEGE OF ENGINEERING AND RESEARCH,PUNE",PUNE,2017,343078
CAPGEMINI,LOKMANYA TILAK COLLEGE OF ENGINEERING,NAVI MUMBAI,2017,781532
AMAZON,XAVIER INSTITUTE OF ENGINEERING,MUMBAI,2016,435128
CAPGEMINI,"TRINITY COLLEGE OF ENGINEERING AND RESEARCH,PUNE",PUNE,2017,394485
UBS,PUNE INSTITUTE OF COMPUTER TECHNOLOGY,PUNE,2015,1835156
INFOSYS,LOKMANYA TILAK COLLEGE OF ENGINEERING,NAVI MUMBAI,2017,629204
CAPGEMINI,ARMY INSTITUTE OF TECHNOLOGY,PUNE,2016,780807
GEP,PILLAI HOC COLLEGE OF ENGINEERING AND TECHNOLOGY,NAVI MUMBAI,2016,731048
CROMPTON GREAVES,PUNE INSTITUTE OF COMPUTER TECHNOLOGY,PUNE,2018,253670
WIPRO,DWARKADAS J. SANGHVI COLLEGE OF ENGINEERING,MUMBAI,2015,487963
HDFC,VEERMATA JIJABAI TECHNOLOGICAL INSTITUTE,MUMBAI,2014,535569
MU SIGMA,VISHWAKARMA INSTITUTE OF TECHNOLOGY,PUNE,2015,716385
INDUS VALLEY PARTNERS,PILLAI COLLEGE OF ENGINEERING,NAVI MUMBAI,2018,29258
XORIANT,DWARKADAS J. SANGHVI COLLEGE OF ENGINEERING,MUMBAI,2015,662071
WIPRO,XAVIER INSTITUTE OF ENGINEERING,MUMBAI,2018,476574
QUALITYKIOSK,ARMY INSTITUTE OF TECHNOLOGY,PUNE,2014,26223
TATA,LOKMANYA TILAK COLLEGE OF ENGINEERING,NAVI MUMBAI,2016,98458
ATOS,SMT. INDIRA GANDHI COLLEGE OF ENGINEERING,NAVI MUMBAI,2017,722756
HEXAWARE TECHNOLOGIES,DWARKADAS J. SANGHVI COLLEGE OF ENGINEERING,MUMBAI,2018,754281
MEDIA.NET,"DR. D. Y. PATIL VIDYAPEETH, PUNE",PUNE,2014,574582
PROTEGRITY,THADOMAL SHAHANI ENGINEERING COLLEGE,MUMBAI,2018,1153297
TATA CONSULTANCY SERVICES,VEERMATA JIJABAI TECHNOLOGICAL INSTITUTE,MUMBAI,2017,766004
WIPRO,"TRINITY COLLEGE OF ENGINEERING AND RESEARCH,PUNE",PUNE,2015,475297
TECH MAHINDRA,PILLAI COLLEGE OF ENGINEERING,NAVI MUMBAI,2017,499914
CAPITA,ARMY INSTITUTE OF TECHNOLOGY,PUNE,2018,565595
RAVE TECHNOLOGIES,DWARKADAS J. SANGHVI COLLEGE OF ENGINEERING,MUMBAI,2014,408839
NEWGEN,"TRINITY COLLEGE OF ENGINEERING AND RESEARCH,PUNE",PUNE,2017,10913
CAPGEMINI,MIT COLLEGE OF ENGINEERING,PUNE,2017,786090
QUANTIPHI,SMT. INDIRA GANDHI COLLEGE OF ENGINEERING,NAVI MUMBAI,2016,30755
IDBI INTECH,"DR. D. Y. PATIL VIDYAPEETH, PUNE",PUNE,2018,540052
INFOSYS,DWARKADAS J. SANGHVI COLLEGE OF ENGINEERING,MUMBAI,2015,464143
THIRDWARE SOLUTION,PILLAI HOC COLLEGE OF ENGINEERING AND TECHNOLOGY,NAVI MUMBAI,2018,495501
MAQ SOFTWARE,PUNE INSTITUTE OF COMPUTER TECHNOLOGY,PUNE,2015,1637085
INFOSYS,DWARKADAS J. SANGHVI COLLEGE OF ENGINEERING,MUMBAI,2017,470498
MU SIGMA,INDIRA COLLEGE OF ENGINEERING AND MANAGEMENT,PUNE,2017,341895
KPIT TECHNOLOGIES,"TRINITY COLLEGE OF ENGINEERING AND RESEARCH,PUNE",PUNE,2017,793328
HEWLETT-PACKARD,COLLEGE OF ENGINEERING PUNE,PUNE,2015,53847
THIRDWARE SOLUTION,ALAMURI RATNAMALA INSTITUTE OF ENGINEERING & TECHNOLOGY,THANE,2016,435854
GENPACT,RAMRAO ADIK INSTITUTE OF TECHNOLOGY,NAVI MUMBAI,2017,642625
MILES SOFTWARE,THADOMAL SHAHANI ENGINEERING COLLEGE,MUMBAI,2017,645301
UGAM,DWARKADAS J. SANGHVI COLLEGE OF ENGINEERING,MUMBAI,2018,799479
CREDIT SUISSE,INDIRA COLLEGE OF ENGINEERING AND MANAGEMENT,PUNE,2016,293193
BNP PARIBAS,XAVIER INSTITUTE OF ENGINEERING,MUMBAI,2018,53484
NUCSOFT,COLLEGE OF ENGINEERING PUNE,PUNE,2016,30714
WIPRO,PILLAI COLLEGE OF ENGINEERING,NAVI MUMBAI,2016,477461
QUINNOX,DWARKADAS J. SANGHVI COLLEGE OF ENGINEERING,MUMBAI,2015,806404
PROTEGRITY,INDIRA COLLEGE OF ENGINEERING AND MANAGEMENT,PUNE,2017,1196602
RAVE TECHNOLOGIES,PILLAI HOC COLLEGE OF ENGINEERING AND TECHNOLOGY,NAVI MUMBAI,2017,623947
ORACLE,PILLAI COLLEGE OF ENGINEERING,NAVI MUMBAI,2018,753646
NEWGEN SOFTWARE,PILLAI COLLEGE OF ENGINEERING,NAVI MUMBAI,2016,432807
GEOMETRIC,ALAMURI RATNAMALA INSTITUTE OF ENGINEERING & TECHNOLOGY,THANE,2015,444296
VISA INC.,K. J. SOMAIYA COLLEGE OF ENGINEERING,MUMBAI,2018,1209420
PC TECHNOLOGY,PUNE INSTITUTE OF COMPUTER TECHNOLOGY,PUNE,2017,812275
HURIX,MIT COLLEGE OF ENGINEERING,PUNE,2018,917310
ECLERX,RAMRAO ADIK INSTITUTE OF TECHNOLOGY,NAVI MUMBAI,2016,45380
MICROSOFT,VEERMATA JIJABAI TECHNOLOGICAL INSTITUTE,MUMBAI,2014,1143742
NEOSOFT TECHNOLOGIES,THADOMAL SHAHANI ENGINEERING COLLEGE,MUMBAI,2018,470498
THIRDWARE SOLUTION,VEERMATA JIJABAI TECHNOLOGICAL INSTITUTE,MUMBAI,2018,443055
ATIDAN,ARMY INSTITUTE OF TECHNOLOGY,PUNE,2017,944701
MORGAN STANLEY,PUNE INSTITUTE OF COMPUTER TECHNOLOGY,PUNE,2015,1764982
SABA SOFTWARE,BHARATI VIDYAPEETH COLLEGE OF ENGINEERING,PUNE,2014,699705
SIEMENS,"DR. D. Y. PATIL VIDYAPEETH, PUNE",PUNE,2018,495501
QUALITYKIOSK,DWARKADAS J. SANGHVI COLLEGE OF ENGINEERING,MUMBAI,2018,26751
GEOMETRIC,ALAMURI RATNAMALA INSTITUTE OF ENGINEERING & TECHNOLOGY,THANE,2017,443392
TATA CONSULTANCY SERVICES,DWARKADAS J. SANGHVI COLLEGE OF ENGINEERING,MUMBAI,2016,744672
MORGAN STANLEY,"TRINITY COLLEGE OF ENGINEERING AND RESEARCH,PUNE",PUNE,2016,518218
JIO,VEERMATA JIJABAI TECHNOLOGICAL INSTITUTE,MUMBAI,2018,715029
ACCENTURE,VEERMATA JIJABAI TECHNOLOGICAL INSTITUTE,MUMBAI,2015,303420
XL DYNAMICS,LOKMANYA TILAK COLLEGE OF ENGINEERING,NAVI MUMBAI,2016,384639
ORACLE,DWARKADAS J. SANGHVI COLLEGE OF ENGINEERING,MUMBAI,2017,741313
NSEIT,VEERMATA JIJABAI TECHNOLOGICAL INSTITUTE,MUMBAI,2018,50000
MPHASIS,BHARATI VIDYAPEETH COLLEGE OF ENGINEERING,PUNE,2016,491126
AMDOCS,PILLAI COLLEGE OF ENGINEERING,NAVI MUMBAI,2018,792832
VPHRASE,DWARKADAS J. SANGHVI COLLEGE OF ENGINEERING,MUMBAI,2016,409027
NUCSOFT,LOKMANYA TILAK COLLEGE OF ENGINEERING,NAVI MUMBAI,2016,29559
GENPACT,COLLEGE OF ENGINEERING PUNE,PUNE,2018,640053
GE,K. J. SOMAIYA COLLEGE OF ENGINEERING,MUMBAI,2014,719087
TECH MAHINDRA,THAKUR COLLEGE OF ENGINEERING AND TECHNOLOGY,MUMBAI,2017,485960
INFORMATICA,COLLEGE OF ENGINEERING PUNE,PUNE,2015,383894
ACCENTURE,ARMY INSTITUTE OF TECHNOLOGY,PUNE,2014,302846
GEOMETRIC,LOKMANYA TILAK COLLEGE OF ENGINEERING,NAVI MUMBAI,2014,452989
MPHASIS,ARMY INSTITUTE OF TECHNOLOGY,PUNE,2015,704559
THIRDWARE SOLUTION,COLLEGE OF ENGINEERING PUNE,PUNE,2017,443055
RAVE TECHNOLOGIES,ALAMURI RATNAMALA INSTITUTE OF ENGINEERING & TECHNOLOGY,THANE,2016,414790
IBM INDIA,ALAMURI RATNAMALA INSTITUTE OF ENGINEERING & TECHNOLOGY,THANE,2018,557243
NEWGEN SOFTWARE,LOKMANYA TILAK COLLEGE OF ENGINEERING,NAVI MUMBAI,2015,687508
INFIBEAM,VISHWAKARMA INSTITUTE OF TECHNOLOGY,PUNE,2014,184121
NEWGEN,VEERMATA JIJABAI TECHNOLOGICAL INSTITUTE,MUMBAI,2018,11083
SYNTROSYS,LOKMANYA TILAK COLLEGE OF ENGINEERING,NAVI MUMBAI,2017,13176
LIONBRIDGE,"DR. D. Y. PATIL VIDYAPEETH, PUNE",PUNE,2015,44019
MASTEK,PILLAI COLLEGE OF ENGINEERING,NAVI MUMBAI,2017,314727
ORIENT TECHNOLOGIES,INDIRA COLLEGE OF ENGINEERING AND MANAGEMENT,PUNE,2018,26751
BNP PARIBAS,DWARKADAS J. SANGHVI COLLEGE OF ENGINEERING,MUMBAI,2015,53484
CRMNEXT,XAVIER INSTITUTE OF ENGINEERING,MUMBAI,2015,27065
ENDURANCE INTERNATIONAL GROUP,MIT COLLEGE OF ENGINEERING,PUNE,2017,791523
TECH MAHINDRA,LOKMANYA TILAK COLLEGE OF ENGINEERING,NAVI MUMBAI,2018,30546
BOOKMYSHOW,MIT COLLEGE OF ENGINEERING,PUNE,2018,355574
SCHNEIDER ELECTRIC,PUNE INSTITUTE OF COMPUTER TECHNOLOGY,PUNE,2017,107404
NEWGEN,"DR. D. Y. PATIL VIDYAPEETH, PUNE",PUNE,2014,11094
ZYCUS,ALAMURI RATNAMALA INSTITUTE OF ENGINEERING & TECHNOLOGY,THANE,2015,40627
ZENITH SYSTEM SOLUTIONS,PILLAI HOC COLLEGE OF ENGINEERING AND TECHNOLOGY,NAVI MUMBAI,2018,579967
ADOBE,K. J. SOMAIYA COLLEGE OF ENGINEERING,MUMBAI,2015,1161428
MILES SOFTWARE,"TRINITY COLLEGE OF ENGINEERING AND RESEARCH,PUNE",PUNE,2018,652677
BANK OF AMERICA,"TRINITY COLLEGE OF ENGINEERING AND RESEARCH,PUNE",PUNE,2016,865875
JIO,BHARATI VIDYAPEETH COLLEGE OF ENGINEERING,PUNE,2018,730297
IBM,DWARKADAS J. SANGHVI COLLEGE OF ENGINEERING,MUMBAI,2018,431221
AMAZON,ARMY INSTITUTE OF TECHNOLOGY,PUNE,2014,20204
ACCENTURE,PUNE INSTITUTE OF COMPUTER TECHNOLOGY,PUNE,2015,678558
DIRECTI,DWARKADAS J. SANGHVI COLLEGE OF ENGINEERING,MUMBAI,2016,1656475
QAD,"TRINITY COLLEGE OF ENGINEERING AND RESEARCH,PUNE",PUNE,2015,888895
RAJA SOFTWARE LABS,THADOMAL SHAHANI ENGINEERING COLLEGE,MUMBAI,2015,433887
IBM INDIA,PILLAI HOC COLLEGE OF ENGINEERING AND TECHNOLOGY,NAVI MUMBAI,2018,551392
GENPACT,DWARKADAS J. SANGHVI COLLEGE OF ENGINEERING,MUMBAI,2017,614311
MORGAN STANLEY,PILLAI HOC COLLEGE OF ENGINEERING AND TECHNOLOGY,NAVI MUMBAI,2014,501612
AMDOCS,PILLAI HOC COLLEGE OF ENGINEERING AND TECHNOLOGY,NAVI MUMBAI,2014,781139
ATOS,DWARKADAS J. SANGHVI COLLEGE OF ENGINEERING,MUMBAI,2016,729796
NEWGEN SOFTWARE,VEERMATA JIJABAI TECHNOLOGICAL INSTITUTE,MUMBAI,2014,687240
INDUS VALLEY PARTNERS,THADOMAL SHAHANI ENGINEERING COLLEGE,MUMBAI,2014,29849
IDBI INTECH,INDIRA COLLEGE OF ENGINEERING AND MANAGEMENT,PUNE,2018,384639
ACCENTURE,PUNE INSTITUTE OF COMPUTER TECHNOLOGY,PUNE,2016,299512
SAINT-GOBAIN,XAVIER INSTITUTE OF ENGINEERING,MUMBAI,2014,736753
ADOBE,LOKMANYA TILAK COLLEGE OF ENGINEERING,NAVI MUMBAI,2015,1161785
SIEMENS,VEERMATA JIJABAI TECHNOLOGICAL INSTITUTE,MUMBAI,2017,494511
GEOMETRIC SOFTWARE SOLUTIONS,ARMY INSTITUTE OF TECHNOLOGY,PUNE,2016,337108
TCS,COLLEGE OF ENGINEERING PUNE,PUNE,2014,373865
CAPGEMINI,ARMY INSTITUTE OF TECHNOLOGY,PUNE,2016,815073
ZENSAR TECHNOLOGIES,XAVIER INSTITUTE OF ENGINEERING,MUMBAI,2014,483912
QAD,LOKMANYA TILAK COLLEGE OF ENGINEERING,NAVI MUMBAI,2016,741821
ENDURANCE INTERNATIONAL GROUP,PUNE INSTITUTE OF COMPUTER TECHNOLOGY,PUNE,2017,782722
SIEMENS,PUNE INSTITUTE OF COMPUTER TECHNOLOGY,PUNE,2018,494434
MAQ SOFTWARE,PUNE INSTITUTE OF COMPUTER TECHNOLOGY,PUNE,2014,763111
OSP LABS,XAVIER INSTITUTE OF ENGINEERING,MUMBAI,2015,838443
ATOS,ALAMURI RATNAMALA INSTITUTE OF ENGINEERING & TECHNOLOGY,THANE,2014,698841
MAQ SOFTWARE,VISHWAKARMA INSTITUTE OF TECHNOLOGY,PUNE,2014,1674172
GEOMETRIC SOFTWARE SOLUTIONS,COLLEGE OF ENGINEERING PUNE,PUNE,2015,346240
ECLINICALWORKS,PILLAI COLLEGE OF ENGINEERING,NAVI MUMBAI,2016,602975
XORIANT,THADOMAL SHAHANI ENGINEERING COLLEGE,MUMBAI,2017,657673
SYNTROSYS,ALAMURI RATNAMALA INSTITUTE OF ENGINEERING & TECHNOLOGY,THANE,2018,957887
BHARAT PETROLEUM,THAKUR COLLEGE OF ENGINEERING AND TECHNOLOGY,MUMBAI,2018,390905
AMDOCS,PUNE INSTITUTE OF COMPUTER TECHNOLOGY,PUNE,2018,683094
CYBAGE SOFTWARE,"TRINITY COLLEGE OF ENGINEERING AND RESEARCH,PUNE",PUNE,2015,606908
CROMPTON GREAVES,VISHWAKARMA INSTITUTE OF TECHNOLOGY,PUNE,2014,254398
MU SIGMA,DHOLE PATIL COLLEGE OF ENGINEERING PUNE,PUNE,2016,347945
NEOSOFT,ARMY INSTITUTE OF TECHNOLOGY,PUNE,2014,514326
CMC,PILLAI HOC COLLEGE OF ENGINEERING AND TECHNOLOGY,NAVI MUMBAI,2018,185858
ATIDAN,"TRINITY COLLEGE OF ENGINEERING AND RESEARCH,PUNE",PUNE,2014,819759
INFOSYS,PUNE INSTITUTE OF COMPUTER TECHNOLOGY,PUNE,2018,636636
TATA,COLLEGE OF ENGINEERING PUNE,PUNE,2018,95866
GEOMETRIC,SMT. INDIRA GANDHI COLLEGE OF ENGINEERING,NAVI MUMBAI,2017,443055
CMS IT SERVICES,"TRINITY COLLEGE OF ENGINEERING AND RESEARCH,PUNE",PUNE,2018,453017
DIRECTI,COLLEGE OF ENGINEERING PUNE,PUNE,2017,1634936
PROTEGRITY,INDIRA COLLEGE OF ENGINEERING AND MANAGEMENT,PUNE,2017,1171124
IBM,PUNE INSTITUTE OF COMPUTER TECHNOLOGY,PUNE,2018,445172
GEP,MIT COLLEGE OF ENGINEERING,PUNE,2018,767618
MAQ SOFTWARE,PUNE INSTITUTE OF COMPUTER TECHNOLOGY,PUNE,2015,1672247
RAJA SOFTWARE LABS,PILLAI COLLEGE OF ENGINEERING,NAVI MUMBAI,2016,451376
INFORMATICA,ALAMURI RATNAMALA INSTITUTE OF ENGINEERING & TECHNOLOGY,THANE,2014,1799648
SIEMENS,INDIRA COLLEGE OF ENGINEERING AND MANAGEMENT,PUNE,2016,498153
THIRDWARE SOLUTION,MIT COLLEGE OF ENGINEERING,PUNE,2016,481961
BNP PARIBAS,BHARATI VIDYAPEETH COLLEGE OF ENGINEERING,PUNE,2015,37670
TOPPR.COM,PILLAI COLLEGE OF ENGINEERING,NAVI MUMBAI,2018,1010048
TATA COMMUNICATIONS,THADOMAL SHAHANI ENGINEERING COLLEGE,MUMBAI,2015,680134
XORIANT,ALAMURI RATNAMALA INSTITUTE OF ENGINEERING & TECHNOLOGY,THANE,2017,672101
HEXAWARE TECHNOLOGIES,ARMY INSTITUTE OF TECHNOLOGY,PUNE,2018,30406
TECH MAHINDRA,VEERMATA JIJABAI TECHNOLOGICAL INSTITUTE,MUMBAI,2017,478218
GEP,DWARKADAS J. SANGHVI COLLEGE OF ENGINEERING,MUMBAI,2017,739873
HCL TECHNOLOGIES,RAMRAO ADIK INSTITUTE OF TECHNOLOGY,NAVI MUMBAI,2017,920320
GEOMETRIC,DWARKADAS J. SANGHVI COLLEGE OF ENGINEERING,MUMBAI,2018,443055
CAPGEMINI,VISHWAKARMA INSTITUTE OF TECHNOLOGY,PUNE,2015,805000
TCS,"SHREE RAMCHANDRA COLLEGE OF ENGINEERING,PUNE",PUNE,2017,358097
TECH MAHINDRA,ALAMURI RATNAMALA INSTITUTE OF ENGINEERING & TECHNOLOGY,THANE,2014,30115
QUINNOX,PUNE INSTITUTE OF COMPUTER TECHNOLOGY,PUNE,2015,447198
CIMPRESS,K. J. SOMAIYA COLLEGE OF ENGINEERING,MUMBAI,2015,1346409
MICROSOFT,"TRINITY COLLEGE OF ENGINEERING AND RESEARCH,PUNE",PUNE,2015,1207939
MORGAN STANLEY,VEERMATA JIJABAI TECHNOLOGICAL INSTITUTE,MUMBAI,2017,1764982
GE,VISHWAKARMA INSTITUTE OF TECHNOLOGY,PUNE,2014,515175
THIRDWARE SOLUTION,K. J. SOMAIYA COLLEGE OF ENGINEERING,MUMBAI,2015,451620
AMAZON,ALAMURI RATNAMALA INSTITUTE OF ENGINEERING & TECHNOLOGY,THANE,2017,449735
NVIDIA,BHARATI VIDYAPEETH COLLEGE OF ENGINEERING,PUNE,2016,247623
KPIT TECHNOLOGIES,ARMY INSTITUTE OF TECHNOLOGY,PUNE,2017,821173
ADOBE,THAKUR COLLEGE OF ENGINEERING AND TECHNOLOGY,MUMBAI,2015,109738
TCS,BHARATI VIDYAPEETH COLLEGE OF ENGINEERING,PUNE,2018,42153
INFORMATICA,SMT. INDIRA GANDHI COLLEGE OF ENGINEERING,NAVI MUMBAI,2017,392439
TCS,VISHWAKARMA INSTITUTE OF TECHNOLOGY,PUNE,2016,42839
WEATHERFORD,PILLAI HOC COLLEGE OF ENGINEERING AND TECHNOLOGY,NAVI MUMBAI,2014,505137
MEDIA.NET,"SHREE RAMCHANDRA COLLEGE OF ENGINEERING,PUNE",PUNE,2017,577868
WISDMLABS,ARMY INSTITUTE OF TECHNOLOGY,PUNE,2014,471121
MILES SOFTWARE,INDIRA COLLEGE OF ENGINEERING AND MANAGEMENT,PUNE,2017,649593
ADOBE,THAKUR COLLEGE OF ENGINEERING AND TECHNOLOGY,MUMBAI,2015,108137
INFOSYS,PUNE INSTITUTE OF COMPUTER TECHNOLOGY,PUNE,2017,631785
BNP PARIBAS,THAKUR COLLEGE OF ENGINEERING AND TECHNOLOGY,MUMBAI,2017,53367
TOPPR.COM,K. J. SOMAIYA COLLEGE OF ENGINEERING,MUMBAI,2014,386712
SCHNEIDER ELECTRIC,VEERMATA JIJABAI TECHNOLOGICAL INSTITUTE,MUMBAI,2017,435604
BHARAT PETROLEUM,K. J. SOMAIYA COLLEGE OF ENGINEERING,MUMBAI,2014,379476
MINDTREE,PUNE INSTITUTE OF COMPUTER TECHNOLOGY,PUNE,2017,17351
INFOSYS,VISHWAKARMA INSTITUTE OF TECHNOLOGY,PUNE,2017,474985
CLOVER INFOTECH,THAKUR COLLEGE OF ENGINEERING AND TECHNOLOGY,MUMBAI,2014,373529
NETWORK 18,ARMY INSTITUTE OF TECHNOLOGY,PUNE,2016,423587
CAPITA,DWARKADAS J. SANGHVI COLLEGE OF ENGINEERING,MUMBAI,2016,589694
TECH MAHINDRA,PUNE INSTITUTE OF COMPUTER TECHNOLOGY,PUNE,2018,29854
SCHNEIDER ELECTRIC,PUNE INSTITUTE OF COMPUTER TECHNOLOGY,PUNE,2015,109643
SABA SOFTWARE,LOKMANYA TILAK COLLEGE OF ENGINEERING,NAVI MUMBAI,2018,709027
THIRDWARE SOLUTION,COLLEGE OF ENGINEERING PUNE,PUNE,2015,496011
CAPGEMINI,DWARKADAS J. SANGHVI COLLEGE OF ENGINEERING,MUMBAI,2018,795041
DIRECTI,THADOMAL SHAHANI ENGINEERING COLLEGE,MUMBAI,2018,1656475
GODREJ INFOTECH,XAVIER INSTITUTE OF ENGINEERING,MUMBAI,2014,383910
NEWGEN SOFTWARE,PILLAI COLLEGE OF ENGINEERING,NAVI MUMBAI,2018,693211
NVIDIA,"DR. D. Y. PATIL VIDYAPEETH, PUNE",PUNE,2018,249593
CAPGEMINI,XAVIER INSTITUTE OF ENGINEERING,MUMBAI,2014,808664
TATA COMMUNICATIONS,DWARKADAS J. SANGHVI COLLEGE OF ENGINEERING,MUMBAI,2016,374390
ENDURANCE INTERNATIONAL GROUP,XAVIER INSTITUTE OF ENGINEERING,MUMBAI,2015,783858
MINDTREE,ARMY INSTITUTE OF TECHNOLOGY,PUNE,2016,17308
MORGAN STANLEY,DWARKADAS J. SANGHVI COLLEGE OF ENGINEERING,MUMBAI,2015,1764982
ORANGE,PILLAI COLLEGE OF ENGINEERING,NAVI MUMBAI,2018,20399
WIPRO,DWARKADAS J. SANGHVI COLLEGE OF ENGINEERING,MUMBAI,2017,480110
TATA,VISHWAKARMA INSTITUTE OF TECHNOLOGY,PUNE,2015,95508
QUINNOX,K. J. SOMAIYA COLLEGE OF ENGINEERING,MUMBAI,2015,434169
CALSOFT,VEERMATA JIJABAI TECHNOLOGICAL INSTITUTE,MUMBAI,2014,16195
UBS,PILLAI HOC COLLEGE OF ENGINEERING AND TECHNOLOGY,NAVI MUMBAI,2018,1781937
RAVE TECHNOLOGIES,PILLAI COLLEGE OF ENGINEERING,NAVI MUMBAI,2018,636636
AMDOCS,DWARKADAS J. SANGHVI COLLEGE OF ENGINEERING,MUMBAI,2018,771234
UBS,RAMRAO ADIK INSTITUTE OF TECHNOLOGY,NAVI MUMBAI,2018,376245
BNP PARIBAS,LOKMANYA TILAK COLLEGE OF ENGINEERING,NAVI MUMBAI,2017,38384
NETWORK 18,SMT. INDIRA GANDHI COLLEGE OF ENGINEERING,NAVI MUMBAI,2018,422616
QUALITYKIOSK,COLLEGE OF ENGINEERING PUNE,PUNE,2015,31405
CROMPTON GREAVES,"TRINITY COLLEGE OF ENGINEERING AND RESEARCH,PUNE",PUNE,2017,249593
IGATE,ALAMURI RATNAMALA INSTITUTE OF ENGINEERING & TECHNOLOGY,THANE,2016,30249
TOPPR.COM,LOKMANYA TILAK COLLEGE OF ENGINEERING,NAVI MUMBAI,2018,1028206
BHARAT PETROLEUM,SMT. INDIRA GANDHI COLLEGE OF ENGINEERING,NAVI MUMBAI,2015,382233
IGATE,PILLAI COLLEGE OF ENGINEERING,NAVI MUMBAI,2014,30140
NUCSOFT,BHARATI VIDYAPEETH COLLEGE OF ENGINEERING,PUNE,2015,29085
LIONBRIDGE,DWARKADAS J. SANGHVI COLLEGE OF ENGINEERING,MUMBAI,2016,44990
PROTEGRITY,VEERMATA JIJABAI TECHNOLOGICAL INSTITUTE,MUMBAI,2018,52319
MEDIA.NET,THADOMAL SHAHANI ENGINEERING COLLEGE,MUMBAI,2015,569184
MILES SOFTWARE,VEERMATA JIJABAI TECHNOLOGICAL INSTITUTE,MUMBAI,2018,353883
MINDTREE,DHOLE PATIL COLLEGE OF ENGINEERING PUNE,PUNE,2015,17791
MAQ SOFTWARE,"TRINITY COLLEGE OF ENGINEERING AND RESEARCH,PUNE",PUNE,2017,1692602
AMDOCS,VISHWAKARMA INSTITUTE OF TECHNOLOGY,PUNE,2016,792024
AXIS BANK,PUNE INSTITUTE OF COMPUTER TECHNOLOGY,PUNE,2017,11862
MICROSOFT,COLLEGE OF ENGINEERING PUNE,PUNE,2017,1152947
MICROSOFT,PUNE INSTITUTE OF COMPUTER TECHNOLOGY,PUNE,2015,414600
WISDMLABS,PUNE INSTITUTE OF COMPUTER TECHNOLOGY,PUNE,2016,470358
VERIZON,RAMRAO ADIK INSTITUTE OF TECHNOLOGY,NAVI MUMBAI,2018,558225
SABA SOFTWARE,BHARATI VIDYAPEETH COLLEGE OF ENGINEERING,PUNE,2015,705684
ACCENTURE,RAMRAO ADIK INSTITUTE OF TECHNOLOGY,NAVI MUMBAI,2017,299512
FRACTAL ANALYTICS,RAMRAO ADIK INSTITUTE OF TECHNOLOGY,NAVI MUMBAI,2017,30531
NUCSOFT,DWARKADAS J. SANGHVI COLLEGE OF ENGINEERING,MUMBAI,2015,224076
NEOSOFT,RAMRAO ADIK INSTITUTE OF TECHNOLOGY,NAVI MUMBAI,2018,508278
GENPACT,PILLAI HOC COLLEGE OF ENGINEERING AND TECHNOLOGY,NAVI MUMBAI,2017,637514
OSP LABS,DWARKADAS J. SANGHVI COLLEGE OF ENGINEERING,MUMBAI,2018,860218
GEP,"TRINITY COLLEGE OF ENGINEERING AND RESEARCH,PUNE",PUNE,2018,729122
EDELWEISS FINANCIAL SERVICES,SMT. INDIRA GANDHI COLLEGE OF ENGINEERING,NAVI MUMBAI,2017,942135
ZENITH SYSTEM SOLUTIONS,ALAMURI RATNAMALA INSTITUTE OF ENGINEERING & TECHNOLOGY,THANE,2017,661480
WIPRO,DWARKADAS J. SANGHVI COLLEGE OF ENGINEERING,MUMBAI,2014,485076
ORACLE,"DR. D. Y. PATIL VIDYAPEETH, PUNE",PUNE,2018,481983
BOOKMYSHOW,"TRINITY COLLEGE OF ENGINEERING AND RESEARCH,PUNE",PUNE,2017,354646
NVIDIA,ARMY INSTITUTE OF TECHNOLOGY,PUNE,2016,22956
XL DYNAMICS,PILLAI HOC COLLEGE OF ENGINEERING AND TECHNOLOGY,NAVI MUMBAI,2018,683094
CAPGEMINI,ALAMURI RATNAMALA INSTITUTE OF ENGINEERING & TECHNOLOGY,THANE,2017,390727
ATOS,PUNE INSTITUTE OF COMPUTER TECHNOLOGY,PUNE,2015,26316
TATA,XAVIER INSTITUTE OF ENGINEERING,MUMBAI,2018,93441
INFOGAIN,RAMRAO ADIK INSTITUTE OF TECHNOLOGY,NAVI MUMBAI,2016,232001
NUCSOFT,K. J. SOMAIYA COLLEGE OF ENGINEERING,MUMBAI,2018,225812
HEXAWARE TECHNOLOGIES,VEERMATA JIJABAI TECHNOLOGICAL INSTITUTE,MUMBAI,2016,30175
ECLERX,"TRINITY COLLEGE OF ENGINEERING AND RESEARCH,PUNE",PUNE,2018,395431
INFIBEAM,PILLAI HOC COLLEGE OF ENGINEERING AND TECHNOLOGY,NAVI MUMBAI,2016,179502
GEP,DWARKADAS J. SANGHVI COLLEGE OF ENGINEERING,MUMBAI,2016,734589
QUINNOX,INDIRA COLLEGE OF ENGINEERING AND MANAGEMENT,PUNE,2014,803891
TCS,"DR. D. Y. PATIL VIDYAPEETH, PUNE",PUNE,2015,42370
QUANTIPHI,DHOLE PATIL COLLEGE OF ENGINEERING PUNE,PUNE,2014,895901
MILES SOFTWARE,BHARATI VIDYAPEETH COLLEGE OF ENGINEERING,PUNE,2014,341251
TIBCO SOFTWARE,BHARATI VIDYAPEETH COLLEGE OF ENGINEERING,PUNE,2015,1246213
ATOS,PUNE INSTITUTE OF COMPUTER TECHNOLOGY,PUNE,2017,717593
HEWLETT-PACKARD,BHARATI VIDYAPEETH COLLEGE OF ENGINEERING,PUNE,2014,1146119
CALSOFT,SMT. INDIRA GANDHI COLLEGE OF ENGINEERING,NAVI MUMBAI,2015,16398
CREDIT SUISSE,PILLAI HOC COLLEGE OF ENGINEERING AND TECHNOLOGY,NAVI MUMBAI,2016,305285
IDBI INTECH,INDIRA COLLEGE OF ENGINEERING AND MANAGEMENT,PUNE,2018,547322
INFOSYS,ALAMURI RATNAMALA INSTITUTE OF ENGINEERING & TECHNOLOGY,THANE,2018,631546
SELEC,THAKUR COLLEGE OF ENGINEERING AND TECHNOLOGY,MUMBAI,2018,40368
TATA CONSULTANCY SERVICES,MIT COLLEGE OF ENGINEERING,PUNE,2018,745992
NVIDIA,MIT COLLEGE OF ENGINEERING,PUNE,2016,21923
ATIDAN,VISHWAKARMA INSTITUTE OF TECHNOLOGY,PUNE,2018,935975
SAP,"SHREE RAMCHANDRA COLLEGE OF ENGINEERING,PUNE",PUNE,2017,790340
LARSEN & TOUBRO,DWARKADAS J. SANGHVI COLLEGE OF ENGINEERING,MUMBAI,2018,1781731
TCS,DWARKADAS J. SANGHVI COLLEGE OF ENGINEERING,MUMBAI,2015,363745
INFOSYS,"DR. D. Y. PATIL VIDYAPEETH, PUNE",PUNE,2018,466611
MILES SOFTWARE,INDIRA COLLEGE OF ENGINEERING AND MANAGEMENT,PUNE,2015,346240
MAQ SOFTWARE,PILLAI COLLEGE OF ENGINEERING,NAVI MUMBAI,2015,749121
IBM INDIA,PILLAI HOC COLLEGE OF ENGINEERING AND TECHNOLOGY,NAVI MUMBAI,2016,549870
ACCENTURE,ALAMURI RATNAMALA INSTITUTE OF ENGINEERING & TECHNOLOGY,THANE,2018,655818
TATA,COLLEGE OF ENGINEERING PUNE,PUNE,2014,94109
GOOGLE,PILLAI HOC COLLEGE OF ENGINEERING AND TECHNOLOGY,NAVI MUMBAI,2016,43942
IDBI INTECH,ARMY INSTITUTE OF TECHNOLOGY,PUNE,2014,392236
NSEIT,THADOMAL SHAHANI ENGINEERING COLLEGE,MUMBAI,2018,58812
NEOSOFT TECHNOLOGIES,COLLEGE OF ENGINEERING PUNE,PUNE,2014,473474
QUALITYKIOSK,ALAMURI RATNAMALA INSTITUTE OF ENGINEERING & TECHNOLOGY,THANE,2017,27282
TATA CONSULTANCY SERVICES,BHARATI VIDYAPEETH COLLEGE OF ENGINEERING,PUNE,2018,745992
GENPACT,ALAMURI RATNAMALA INSTITUTE OF ENGINEERING & TECHNOLOGY,THANE,2018,642538
CREDIT SUISSE,XAVIER INSTITUTE OF ENGINEERING,MUMBAI,2017,981425
INFORMATICA,ALAMURI RATNAMALA INSTITUTE OF ENGINEERING & TECHNOLOGY,THANE,2018,380142
ADOBE,DWARKADAS J. SANGHVI COLLEGE OF ENGINEERING,MUMBAI,2015,111912
MASTEK,ALAMURI RATNAMALA INSTITUTE OF ENGINEERING & TECHNOLOGY,THANE,2017,38172
QUANTIPHI,XAVIER INSTITUTE OF ENGINEERING,MUMBAI,2017,881113
AMDOCS,MIT COLLEGE OF ENGINEERING,PUNE,2016,692508
SYNTROSYS,XAVIER INSTITUTE OF ENGINEERING,MUMBAI,2016,937763
IGATE,PILLAI HOC COLLEGE OF ENGINEERING AND TECHNOLOGY,NAVI MUMBAI,2018,30193
YAHOO,VEERMATA JIJABAI TECHNOLOGICAL INSTITUTE,MUMBAI,2017,376184
THIRDWARE SOLUTION,RAMRAO ADIK INSTITUTE OF TECHNOLOGY,NAVI MUMBAI,2016,430401
UBS,THAKUR COLLEGE OF ENGINEERING AND TECHNOLOGY,MUMBAI,2018,1801956
MIRRAW,DWARKADAS J. SANGHVI COLLEGE OF ENGINEERING,MUMBAI,2018,31822
CMS IT SERVICES,THADOMAL SHAHANI ENGINEERING COLLEGE,MUMBAI,2015,437149
WNS,"TRINITY COLLEGE OF ENGINEERING AND RESEARCH,PUNE",PUNE,2017,480088
MORGAN STANLEY,PILLAI HOC COLLEGE OF ENGINEERING AND TECHNOLOGY,NAVI MUMBAI,2015,500659
BNP PARIBAS,THADOMAL SHAHANI ENGINEERING COLLEGE,MUMBAI,2014,53735
ECLINICALWORKS,COLLEGE OF ENGINEERING PUNE,PUNE,2016,614125
CIMPRESS,RAMRAO ADIK INSTITUTE OF TECHNOLOGY,NAVI MUMBAI,2018,1392666
INDUS VALLEY PARTNERS,SMT. INDIRA GANDHI COLLEGE OF ENGINEERING,NAVI MUMBAI,2015,29996
MICROSOFT,VEERMATA JIJABAI TECHNOLOGICAL INSTITUTE,MUMBAI,2016,1167245
SYMANTEC,VISHWAKARMA INSTITUTE OF TECHNOLOGY,PUNE,2018,1853421
MASTEK,BHARATI VIDYAPEETH COLLEGE OF ENGINEERING,PUNE,2017,313093
KPIT TECHNOLOGIES,COLLEGE OF ENGINEERING PUNE,PUNE,2014,784065
VERIZON,XAVIER INSTITUTE OF ENGINEERING,MUMBAI,2014,550502
AMAZON,COLLEGE OF ENGINEERING PUNE,PUNE,2018,442378
AMDOCS,PUNE INSTITUTE OF COMPUTER TECHNOLOGY,PUNE,2015,771234
VERIZON,THADOMAL SHAHANI ENGINEERING COLLEGE,MUMBAI,2018,553364
VERIZON,ARMY INSTITUTE OF TECHNOLOGY,PUNE,2018,554151
ECLERX,COLLEGE OF ENGINEERING PUNE,PUNE,2018,44825
ATOS,XAVIER INSTITUTE OF ENGINEERING,MUMBAI,2018,25600
NEWGEN SOFTWARE,PUNE INSTITUTE OF COMPUTER TECHNOLOGY,PUNE,2018,442994
MAJESCO,VISHWAKARMA INSTITUTE OF TECHNOLOGY,PUNE,2015,479243
AMAZON,INDIRA COLLEGE OF ENGINEERING AND MANAGEMENT,PUNE,2016,19915
ATIDAN,XAVIER INSTITUTE OF ENGINEERING,MUMBAI,2014,815946
TCS,COLLEGE OF ENGINEERING PUNE,PUNE,2018,42206
IGATE,MIT COLLEGE OF ENGINEERING,PUNE,2018,31014
ORIENT TECHNOLOGIES,PILLAI HOC COLLEGE OF ENGINEERING AND TECHNOLOGY,NAVI MUMBAI,2016,27468
TCS,RAMRAO ADIK INSTITUTE OF TECHNOLOGY,NAVI MUMBAI,2018,363745
NEOSOFT TECHNOLOGIES,SMT. INDIRA GANDHI COLLEGE OF ENGINEERING,NAVI MUMBAI,2015,470371
DELOITTE,LOKMANYA TILAK COLLEGE OF ENGINEERING,NAVI MUMBAI,2016,752631
NEWGEN SOFTWARE,DWARKADAS J. SANGHVI COLLEGE OF ENGINEERING,MUMBAI,2015,427562
LARSEN & TOUBRO,XAVIER INSTITUTE OF ENGINEERING,MUMBAI,2014,1748135
BNP PARIBAS,"DR. D. Y. PATIL VIDYAPEETH, PUNE",PUNE,2017,38519
WISDMLABS,VEERMATA JIJABAI TECHNOLOGICAL INSTITUTE,MUMBAI,2016,1744793
AMAZON,ALAMURI RATNAMALA INSTITUTE OF ENGINEERING & TECHNOLOGY,THANE,2015,20399
BOOKMYSHOW,INDIRA COLLEGE OF ENGINEERING AND MANAGEMENT,PUNE,2018,370016
RAVE TECHNOLOGIES,RAMRAO ADIK INSTITUTE OF TECHNOLOGY,NAVI MUMBAI,2014,633790
LIONBRIDGE,PUNE INSTITUTE OF COMPUTER TECHNOLOGY,PUNE,2014,43256
AXIS BANK,PUNE INSTITUTE OF COMPUTER TECHNOLOGY,PUNE,2018,11436
MORGAN STANLEY,BHARATI VIDYAPEETH COLLEGE OF ENGINEERING,PUNE,2016,1729241
AMAZON,PILLAI HOC COLLEGE OF ENGINEERING AND TECHNOLOGY,NAVI MUMBAI,2015,442193
ZENSAR TECHNOLOGIES,"DR. D. Y. PATIL VIDYAPEETH, PUNE",PUNE,2017,1114263
ATIDAN,MIT COLLEGE OF ENGINEERING,PUNE,2017,926033
UBS,"SHREE RAMCHANDRA COLLEGE OF ENGINEERING,PUNE",PUNE,2016,372403
NVIDIA,VEERMATA JIJABAI TECHNOLOGICAL INSTITUTE,MUMBAI,2015,22106
IGATE,SMT. INDIRA GANDHI COLLEGE OF ENGINEERING,NAVI MUMBAI,2016,29384
PROTEGRITY,DWARKADAS J. SANGHVI COLLEGE OF ENGINEERING,MUMBAI,2014,1209593
DIRECTI,SMT. INDIRA GANDHI COLLEGE OF ENGINEERING,NAVI MUMBAI,2017,24994
TIBCO SOFTWARE,VISHWAKARMA INSTITUTE OF TECHNOLOGY,PUNE,2018,1275622
MU SIGMA,RAMRAO ADIK INSTITUTE OF TECHNOLOGY,NAVI MUMBAI,2016,716916
GOOGLE,VISHWAKARMA INSTITUTE OF TECHNOLOGY,PUNE,2018,53484
OSP LABS,THADOMAL SHAHANI ENGINEERING COLLEGE,MUMBAI,2017,880880
ATIDAN,COLLEGE OF ENGINEERING PUNE,PUNE,2017,911740
MICROSOFT,SMT. INDIRA GANDHI COLLEGE OF ENGINEERING,NAVI MUMBAI,2014,1153204
VISA INC.,INDIRA COLLEGE OF ENGINEERING AND MANAGEMENT,PUNE,2014,1145655
HEWLETT-PACKARD,"SHREE RAMCHANDRA COLLEGE OF ENGINEERING,PUNE",PUNE,2017,55083
SABA SOFTWARE,MIT COLLEGE OF ENGINEERING,PUNE,2014,702778
AMAZON,ARMY INSTITUTE OF TECHNOLOGY,PUNE,2018,20399
ATOS,PUNE INSTITUTE OF COMPUTER TECHNOLOGY,PUNE,2017,696748
RAVE TECHNOLOGIES,COLLEGE OF ENGINEERING PUNE,PUNE,2015,639720
QUINNOX,PUNE INSTITUTE OF COMPUTER TECHNOLOGY,PUNE,2015,440307
DIRECTI,VEERMATA JIJABAI TECHNOLOGICAL INSTITUTE,MUMBAI,2017,1656475
ACCENTURE,DWARKADAS J. SANGHVI COLLEGE OF ENGINEERING,MUMBAI,2017,652466
TATA,DHOLE PATIL COLLEGE OF ENGINEERING PUNE,PUNE,2015,96059
IGATE,INDIRA COLLEGE OF ENGINEERING AND MANAGEMENT,PUNE,2018,30861
BOOKMYSHOW,K. J. SOMAIYA COLLEGE OF ENGINEERING,MUMBAI,2018,363632
VPHRASE,LOKMANYA TILAK COLLEGE OF ENGINEERING,NAVI MUMBAI,2014,409027
IBM,"TRINITY COLLEGE OF ENGINEERING AND RESEARCH,PUNE",PUNE,2017,378860
NEWGEN,DWARKADAS J. SANGHVI COLLEGE OF ENGINEERING,MUMBAI,2017,11218
INDUS VALLEY PARTNERS,INDIRA COLLEGE OF ENGINEERING AND MANAGEMENT,PUNE,2018,30455
CROMPTON GREAVES,SMT. INDIRA GANDHI COLLEGE OF ENGINEERING,NAVI MUMBAI,2016,244148
HCL TECHNOLOGIES,SMT. INDIRA GANDHI COLLEGE OF ENGINEERING,NAVI MUMBAI,2016,878409
TATA CONSULTANCY SERVICES,ARMY INSTITUTE OF TECHNOLOGY,PUNE,2018,363632
DELOITTE,THADOMAL SHAHANI ENGINEERING COLLEGE,MUMBAI,2018,741821
MORGAN STANLEY,THAKUR COLLEGE OF ENGINEERING AND TECHNOLOGY,MUMBAI,2014,1782259
INFIBEAM,LOKMANYA TILAK COLLEGE OF ENGINEERING,NAVI MUMBAI,2018,182753
VPHRASE,ALAMURI RATNAMALA INSTITUTE OF ENGINEERING & TECHNOLOGY,THANE,2016,420946
ZENSAR TECHNOLOGIES,PILLAI HOC COLLEGE OF ENGINEERING AND TECHNOLOGY,NAVI MUMBAI,2018,1122175
QUALITYKIOSK,DWARKADAS J. SANGHVI COLLEGE OF ENGINEERING,MUMBAI,2015,26427
MAQ SOFTWARE,VISHWAKARMA INSTITUTE OF TECHNOLOGY,PUNE,2017,779443
SABA SOFTWARE,K. J. SOMAIYA COLLEGE OF ENGINEERING,MUMBAI,2018,709027
GE,DWARKADAS J. SANGHVI COLLEGE OF ENGINEERING,MUMBAI,2015,514770
IGATE,RAMRAO ADIK INSTITUTE OF TECHNOLOGY,NAVI MUMBAI,2015,29106
INFOGAIN,DHOLE PATIL COLLEGE OF ENGINEERING PUNE,PUNE,2017,415614
LARSEN & TOUBRO,PILLAI HOC COLLEGE OF ENGINEERING AND TECHNOLOGY,NAVI MUMBAI,2018,1764982
MICROSOFT,VEERMATA JIJABAI TECHNOLOGICAL INSTITUTE,MUMBAI,2014,1164480
ECLINICALWORKS,PUNE INSTITUTE OF COMPUTER TECHNOLOGY,PUNE,2015,344861
ATOS,ARMY INSTITUTE OF TECHNOLOGY,PUNE,2018,25600
WISDMLABS,VEERMATA JIJABAI TECHNOLOGICAL INSTITUTE,MUMBAI,2016,1701116
MPHASIS,DHOLE PATIL COLLEGE OF ENGINEERING PUNE,PUNE,2018,710194
NVIDIA,DHOLE PATIL COLLEGE OF ENGINEERING PUNE,PUNE,2015,22031
CROMPTON GREAVES,COLLEGE OF ENGINEERING PUNE,PUNE,2018,247710
QUALITYKIOSK,RAMRAO ADIK INSTITUTE OF TECHNOLOGY,NAVI MUMBAI,2018,26582
MORGAN STANLEY,DHOLE PATIL COLLEGE OF ENGINEERING PUNE,PUNE,2014,1788706
MPHASIS,THAKUR COLLEGE OF ENGINEERING AND TECHNOLOGY,MUMBAI,2018,710194
ORIENT TECHNOLOGIES,K. J. SOMAIYA COLLEGE OF ENGINEERING,MUMBAI,2016,27147
ZYCUS,COLLEGE OF ENGINEERING PUNE,PUNE,2016,17238
MORGAN STANLEY,ALAMURI RATNAMALA INSTITUTE OF ENGINEERING & TECHNOLOGY,THANE,2016,1750758
VPHRASE,BHARATI VIDYAPEETH COLLEGE OF ENGINEERING,PUNE,2017,409027
SIEMENS,ALAMURI RATNAMALA INSTITUTE OF ENGINEERING & TECHNOLOGY,THANE,2014,482190
ORANGE,DHOLE PATIL COLLEGE OF ENGINEERING PUNE,PUNE,2017,19896
NEOSOFT TECHNOLOGIES,SMT. INDIRA GANDHI COLLEGE OF ENGINEERING,NAVI MUMBAI,2014,458861
SCHNEIDER ELECTRIC,SMT. INDIRA GANDHI COLLEGE OF ENGINEERING,NAVI MUMBAI,2017,443821
ACCOLITE,COLLEGE OF ENGINEERING PUNE,PUNE,2018,1169559
BNP PARIBAS,VISHWAKARMA INSTITUTE OF TECHNOLOGY,PUNE,2017,53800
ACCENTURE,ARMY INSTITUTE OF TECHNOLOGY,PUNE,2015,673288
ORANGE,DWARKADAS J. SANGHVI COLLEGE OF ENGINEERING,MUMBAI,2018,20050
SCHNEIDER ELECTRIC,MIT COLLEGE OF ENGINEERING,PUNE,2018,443321
BNP PARIBAS,"TRINITY COLLEGE OF ENGINEERING AND RESEARCH,PUNE",PUNE,2014,39447
GEOMETRIC SOFTWARE SOLUTIONS,PILLAI COLLEGE OF ENGINEERING,NAVI MUMBAI,2015,338256
SYNTROSYS,RAMRAO ADIK INSTITUTE OF TECHNOLOGY,NAVI MUMBAI,2018,12825
BANK OF AMERICA,SMT. INDIRA GANDHI COLLEGE OF ENGINEERING,NAVI MUMBAI,2018,797402
XL DYNAMICS,PILLAI HOC COLLEGE OF ENGINEERING AND TECHNOLOGY,NAVI MUMBAI,2016,379605
ZYCUS,"DR. D. Y. PATIL VIDYAPEETH, PUNE",PUNE,2018,17444
TATA CONSULTANCY SERVICES,LOKMANYA TILAK COLLEGE OF ENGINEERING,NAVI MUMBAI,2014,732787
ZENITH SYSTEM SOLUTIONS,DWARKADAS J. SANGHVI COLLEGE OF ENGINEERING,MUMBAI,2017,628126
CMC,"SHREE RAMCHANDRA COLLEGE OF ENGINEERING,PUNE",PUNE,2018,426923
WIPRO,SMT. INDIRA GANDHI COLLEGE OF ENGINEERING,NAVI MUMBAI,2018,482921
ATOS,PILLAI HOC COLLEGE OF ENGINEERING AND TECHNOLOGY,NAVI MUMBAI,2014,701647
DELOITTE,COLLEGE OF ENGINEERING PUNE,PUNE,2018,741821
BANK OF AMERICA,RAMRAO ADIK INSTITUTE OF TECHNOLOGY,NAVI MUMBAI,2016,902604
FRACTAL ANALYTICS,INDIRA COLLEGE OF ENGINEERING AND MANAGEMENT,PUNE,2014,12716
QUINNOX,"SHREE RAMCHANDRA COLLEGE OF ENGINEERING,PUNE",PUNE,2018,810099
CYBAGE SOFTWARE,DWARKADAS J. SANGHVI COLLEGE OF ENGINEERING,MUMBAI,2014,596257
HCL TECHNOLOGIES,PILLAI COLLEGE OF ENGINEERING,NAVI MUMBAI,2015,302488
MORGAN STANLEY,BHARATI VIDYAPEETH COLLEGE OF ENGINEERING,PUNE,2018,1730565
UBS,LOKMANYA TILAK COLLEGE OF ENGINEERING,NAVI MUMBAI,2015,1766245
INFOGAIN,MIT COLLEGE OF ENGINEERING,PUNE,2018,407211
QUINNOX,"TRINITY COLLEGE OF ENGINEERING AND RESEARCH,PUNE",PUNE,2017,784870
NUCSOFT,ALAMURI RATNAMALA INSTITUTE OF ENGINEERING & TECHNOLOGY,THANE,2014,30746
GEP,DWARKADAS J. SANGHVI COLLEGE OF ENGINEERING,MUMBAI,2017,753646
CIMPRESS,COLLEGE OF ENGINEERING PUNE,PUNE,2016,1401040
NEOSOFT TECHNOLOGIES,VISHWAKARMA INSTITUTE OF TECHNOLOGY,PUNE,2015,495436
AMAZON,XAVIER INSTITUTE OF ENGINEERING,MUMBAI,2017,433075
GE,DWARKADAS J. SANGHVI COLLEGE OF ENGINEERING,MUMBAI,2017,708060
WNS,ARMY INSTITUTE OF TECHNOLOGY,PUNE,2016,412985
WIPRO,VISHWAKARMA INSTITUTE OF TECHNOLOGY,PUNE,2016,476492
INFOGAIN,PILLAI HOC COLLEGE OF ENGINEERING AND TECHNOLOGY,NAVI MUMBAI,2018,414708
ADOBE,BHARATI VIDYAPEETH COLLEGE OF ENGINEERING,PUNE,2014,109699
AMDOCS,THADOMAL SHAHANI ENGINEERING COLLEGE,MUMBAI,2018,771234
DELOITTE,ARMY INSTITUTE OF TECHNOLOGY,PUNE,2018,741821
MPHASIS,PILLAI HOC COLLEGE OF ENGINEERING AND TECHNOLOGY,NAVI MUMBAI,2016,704515
NETWORK 18,THADOMAL SHAHANI ENGINEERING COLLEGE,MUMBAI,2016,54104
TECH MAHINDRA,"SHREE RAMCHANDRA COLLEGE OF ENGINEERING,PUNE",PUNE,2016,473355
ATOS,K. J. SOMAIYA COLLEGE OF ENGINEERING,MUMBAI,2014,26080
SCHNEIDER ELECTRIC,VISHWAKARMA INSTITUTE OF TECHNOLOGY,PUNE,2018,433612
QUALITYKIOSK,K. J. SOMAIYA COLLEGE OF ENGINEERING,MUMBAI,2017,26434
INFOSYS,VEERMATA JIJABAI TECHNOLOGICAL INSTITUTE,MUMBAI,2015,470498
NUCSOFT,ARMY INSTITUTE OF TECHNOLOGY,PUNE,2016,220579
QUANTIPHI,"SHREE RAMCHANDRA COLLEGE OF ENGINEERING,PUNE",PUNE,2018,891524
MICROSOFT,ALAMURI RATNAMALA INSTITUTE OF ENGINEERING & TECHNOLOGY,THANE,2016,1164693
DIRECTI,DWARKADAS J. SANGHVI COLLEGE OF ENGINEERING,MUMBAI,2015,1656475
AMDOCS,PILLAI COLLEGE OF ENGINEERING,NAVI MUMBAI,2015,755878
VERIZON,VEERMATA JIJABAI TECHNOLOGICAL INSTITUTE,MUMBAI,2017,563473
GENPACT,LOKMANYA TILAK COLLEGE OF ENGINEERING,NAVI MUMBAI,2018,626300
MASTEK,RAMRAO ADIK INSTITUTE OF TECHNOLOGY,NAVI MUMBAI,2016,38299
UBS,COLLEGE OF ENGINEERING PUNE,PUNE,2017,1836116
ATOS,XAVIER INSTITUTE OF ENGINEERING,MUMBAI,2015,693856
THIRDWARE SOLUTION,DWARKADAS J. SANGHVI COLLEGE OF ENGINEERING,MUMBAI,2017,440346
CYBAGE SOFTWARE,COLLEGE OF ENGINEERING PUNE,PUNE,2018,587582
EDELWEISS FINANCIAL SERVICES,PUNE INSTITUTE OF COMPUTER TECHNOLOGY,PUNE,2015,944745
NUCSOFT,THAKUR COLLEGE OF ENGINEERING AND TECHNOLOGY,MUMBAI,2018,29871
NUCSOFT,THADOMAL SHAHANI ENGINEERING COLLEGE,MUMBAI,2018,220104
INFOGAIN,K. J. SOMAIYA COLLEGE OF ENGINEERING,MUMBAI,2014,410270
QUALITYKIOSK,XAVIER INSTITUTE OF ENGINEERING,MUMBAI,2018,26339
NUCSOFT,"TRINITY COLLEGE OF ENGINEERING AND RESEARCH,PUNE",PUNE,2016,30236
CYBAGE SOFTWARE,"TRINITY COLLEGE OF ENGINEERING AND RESEARCH,PUNE",PUNE,2017,597715
DIRECTI,PILLAI COLLEGE OF ENGINEERING,NAVI MUMBAI,2018,25600
NEWGEN SOFTWARE,ALAMURI RATNAMALA INSTITUTE OF ENGINEERING & TECHNOLOGY,THANE,2017,701144
WIPRO,ALAMURI RATNAMALA INSTITUTE OF ENGINEERING & TECHNOLOGY,THANE,2018,477123
QAD,INDIRA COLLEGE OF ENGINEERING AND MANAGEMENT,PUNE,2017,908795
AMDOCS,ARMY INSTITUTE OF TECHNOLOGY,PUNE,2014,788887
MAJESCO,PILLAI HOC COLLEGE OF ENGINEERING AND TECHNOLOGY,NAVI MUMBAI,2015,427971
ADOBE,THAKUR COLLEGE OF ENGINEERING AND TECHNOLOGY,MUMBAI,2017,1176245
QUINNOX,COLLEGE OF ENGINEERING PUNE,PUNE,2017,810413
LARSEN & TOUBRO,RAMRAO ADIK INSTITUTE OF TECHNOLOGY,NAVI MUMBAI,2017,1761729
RAJA SOFTWARE LABS,"SHREE RAMCHANDRA COLLEGE OF ENGINEERING,PUNE",PUNE,2018,455941
TOPPR.COM,SMT. INDIRA GANDHI COLLEGE OF ENGINEERING,NAVI MUMBAI,2015,391820
AMAZON,COLLEGE OF ENGINEERING PUNE,PUNE,2014,453046
QUINNOX,THAKUR COLLEGE OF ENGINEERING AND TECHNOLOGY,MUMBAI,2017,781533
ZENSAR TECHNOLOGIES,SMT. INDIRA GANDHI COLLEGE OF ENGINEERING,NAVI MUMBAI,2014,474407
CMS IT SERVICES,PILLAI HOC COLLEGE OF ENGINEERING AND TECHNOLOGY,NAVI MUMBAI,2016,433477
SABA SOFTWARE,MIT COLLEGE OF ENGINEERING,PUNE,2017,688237
VPHRASE,PILLAI HOC COLLEGE OF ENGINEERING AND TECHNOLOGY,NAVI MUMBAI,2014,400906
UGAM,VEERMATA JIJABAI TECHNOLOGICAL INSTITUTE,MUMBAI,2017,796989
ORACLE,DHOLE PATIL COLLEGE OF ENGINEERING PUNE,PUNE,2016,731736
NSEIT,K. J. SOMAIYA COLLEGE OF ENGINEERING,MUMBAI,2016,57972
ADOBE,K. J. SOMAIYA COLLEGE OF ENGINEERING,MUMBAI,2018,112308
IBM,COLLEGE OF ENGINEERING PUNE,PUNE,2018,438621
ORACLE,DWARKADAS J. SANGHVI COLLEGE OF ENGINEERING,MUMBAI,2018,498077
IBM INDIA,XAVIER INSTITUTE OF ENGINEERING,MUMBAI,2014,579552
AXIS BANK,ARMY INSTITUTE OF TECHNOLOGY,PUNE,2015,11914
MAJESCO,PILLAI HOC COLLEGE OF ENGINEERING AND TECHNOLOGY,NAVI MUMBAI,2015,422869
GE,INDIRA COLLEGE OF ENGINEERING AND MANAGEMENT,PUNE,2014,696731
KPIT TECHNOLOGIES,"SHREE RAMCHANDRA COLLEGE OF ENGINEERING,PUNE",PUNE,2016,796028
AMAZON,VISHWAKARMA INSTITUTE OF TECHNOLOGY,PUNE,2017,452113
ZENSAR TECHNOLOGIES,PILLAI HOC COLLEGE OF ENGINEERING AND TECHNOLOGY,NAVI MUMBAI,2016,490965
ECLINICALWORKS,VEERMATA JIJABAI TECHNOLOGICAL INSTITUTE,MUMBAI,2015,351662
ATOS,VISHWAKARMA INSTITUTE OF TECHNOLOGY,PUNE,2018,25600
SIEMENS,THADOMAL SHAHANI ENGINEERING COLLEGE,MUMBAI,2016,482579
ADOBE,DHOLE PATIL COLLEGE OF ENGINEERING PUNE,PUNE,2018,1176245
BHARAT PETROLEUM,ALAMURI RATNAMALA INSTITUTE OF ENGINEERING & TECHNOLOGY,THANE,2018,377175
SIEMENS,DWARKADAS J. SANGHVI COLLEGE OF ENGINEERING,MUMBAI,2017,482221
FRACTAL ANALYTICS,DWARKADAS J. SANGHVI COLLEGE OF ENGINEERING,MUMBAI,2014,31088
ACCOLITE,"TRINITY COLLEGE OF ENGINEERING AND RESEARCH,PUNE",PUNE,2017,133592
GEP,PUNE INSTITUTE OF COMPUTER TECHNOLOGY,PUNE,2015,757319
WISDMLABS,"DR. D. Y. PATIL VIDYAPEETH, PUNE",PUNE,2016,457786
ATIDAN,THADOMAL SHAHANI ENGINEERING COLLEGE,MUMBAI,2014,949577
ZENITH SYSTEM SOLUTIONS,ARMY INSTITUTE OF TECHNOLOGY,PUNE,2018,650492
LARSEN & TOUBRO,"DR. D. Y. PATIL VIDYAPEETH, PUNE",PUNE,2016,1764982
ACCENTURE,PILLAI COLLEGE OF ENGINEERING,NAVI MUMBAI,2016,655769
GENPACT,ARMY INSTITUTE OF TECHNOLOGY,PUNE,2017,618039
IBM INDIA,DWARKADAS J. SANGHVI COLLEGE OF ENGINEERING,MUMBAI,2016,566421
TATA,K. J. SOMAIYA COLLEGE OF ENGINEERING,MUMBAI,2018,96314
MPHASIS,VISHWAKARMA INSTITUTE OF TECHNOLOGY,PUNE,2018,710194
EDELWEISS FINANCIAL SERVICES,PILLAI COLLEGE OF ENGINEERING,NAVI MUMBAI,2014,942072
AMAZON,ARMY INSTITUTE OF TECHNOLOGY,PUNE,2017,20995
BOOKMYSHOW,PILLAI COLLEGE OF ENGINEERING,NAVI MUMBAI,2016,360646
PROTEGRITY,THAKUR COLLEGE OF ENGINEERING AND TECHNOLOGY,MUMBAI,2018,1200658
TATA CONSULTANCY SERVICES,LOKMANYA TILAK COLLEGE OF ENGINEERING,NAVI MUMBAI,2014,368320
GEOMETRIC,PUNE INSTITUTE OF COMPUTER TECHNOLOGY,PUNE,2017,437425
IGATE,PILLAI COLLEGE OF ENGINEERING,NAVI MUMBAI,2014,30062
CAPGEMINI,LOKMANYA TILAK COLLEGE OF ENGINEERING,NAVI MUMBAI,2016,789098
RAJA SOFTWARE LABS,PUNE INSTITUTE OF COMPUTER TECHNOLOGY,PUNE,2017,436400
VPHRASE,LOKMANYA TILAK COLLEGE OF ENGINEERING,NAVI MUMBAI,2016,409027
WIPRO,LOKMANYA TILAK COLLEGE OF ENGINEERING,NAVI MUMBAI,2018,482921
IBM INDIA,PILLAI COLLEGE OF ENGINEERING,NAVI MUMBAI,2018,562783
SIEMENS,MIT COLLEGE OF ENGINEERING,PUNE,2017,506241
MICROSOFT,INDIRA COLLEGE OF ENGINEERING AND MANAGEMENT,PUNE,2017,430868
QAD,PILLAI COLLEGE OF ENGINEERING,NAVI MUMBAI,2017,760170
MORGAN STANLEY,THAKUR COLLEGE OF ENGINEERING AND TECHNOLOGY,MUMBAI,2018,523561
NEWGEN SOFTWARE,PUNE INSTITUTE OF COMPUTER TECHNOLOGY,PUNE,2014,445511
HEXAWARE TECHNOLOGIES,COLLEGE OF ENGINEERING PUNE,PUNE,2015,779143
CLOVER INFOTECH,THADOMAL SHAHANI ENGINEERING COLLEGE,MUMBAI,2017,17450
MICROSOFT,SMT. INDIRA GANDHI COLLEGE OF ENGINEERING,NAVI MUMBAI,2014,1146319
LARSEN & TOUBRO,LOKMANYA TILAK COLLEGE OF ENGINEERING,NAVI MUMBAI,2016,1786384
SELEC,LOKMANYA TILAK COLLEGE OF ENGINEERING,NAVI MUMBAI,2018,41323
RUBIQUE,DWARKADAS J. SANGHVI COLLEGE OF ENGINEERING,MUMBAI,2017,985131
SCHNEIDER ELECTRIC,PILLAI HOC COLLEGE OF ENGINEERING AND TECHNOLOGY,NAVI MUMBAI,2017,449071
TCS,LOKMANYA TILAK COLLEGE OF ENGINEERING,NAVI MUMBAI,2016,363745
CREDIT SUISSE,INDIRA COLLEGE OF ENGINEERING AND MANAGEMENT,PUNE,2016,308059
TECH MAHINDRA,ARMY INSTITUTE OF TECHNOLOGY,PUNE,2017,29131
ENDURANCE INTERNATIONAL GROUP,SMT. INDIRA GANDHI COLLEGE OF ENGINEERING,NAVI MUMBAI,2016,771234
IDBI INTECH,PUNE INSTITUTE OF COMPUTER TECHNOLOGY,PUNE,2017,541119
MEDIA.NET,VEERMATA JIJABAI TECHNOLOGICAL INSTITUTE,MUMBAI,2017,1375150
CREDIT SUISSE,DHOLE PATIL COLLEGE OF ENGINEERING PUNE,PUNE,2016,977116
ORACLE,THAKUR COLLEGE OF ENGINEERING AND TECHNOLOGY,MUMBAI,2016,472731
IBM INDIA,DWARKADAS J. SANGHVI COLLEGE OF ENGINEERING,MUMBAI,2014,562655
CAPGEMINI,XAVIER INSTITUTE OF ENGINEERING,MUMBAI,2018,390727
OSP LABS,DWARKADAS J. SANGHVI COLLEGE OF ENGINEERING,MUMBAI,2014,853741
GOOGLE,"SHREE RAMCHANDRA COLLEGE OF ENGINEERING,PUNE",PUNE,2014,54657
AMAZON,ALAMURI RATNAMALA INSTITUTE OF ENGINEERING & TECHNOLOGY,THANE,2018,20697
LIONBRIDGE,RAMRAO ADIK INSTITUTE OF TECHNOLOGY,NAVI MUMBAI,2018,43929
HEWLETT-PACKARD,MIT COLLEGE OF ENGINEERING,PUNE,2017,1091826
NVIDIA,PUNE INSTITUTE OF COMPUTER TECHNOLOGY,PUNE,2014,21792
MIRRAW,PILLAI HOC COLLEGE OF ENGINEERING AND TECHNOLOGY,NAVI MUMBAI,2015,449745
CREDIT SUISSE,VEERMATA JIJABAI TECHNOLOGICAL INSTITUTE,MUMBAI,2016,299479
MILES SOFTWARE,THAKUR COLLEGE OF ENGINEERING AND TECHNOLOGY,MUMBAI,2018,336650
NEWGEN,LOKMANYA TILAK COLLEGE OF ENGINEERING,NAVI MUMBAI,2018,11150
JIO,PUNE INSTITUTE OF COMPUTER TECHNOLOGY,PUNE,2014,739142
EDELWEISS FINANCIAL SERVICES,PUNE INSTITUTE OF COMPUTER TECHNOLOGY,PUNE,2018,920277
UGAM,ARMY INSTITUTE OF TECHNOLOGY,PUNE,2016,797670
INDUS VALLEY PARTNERS,"SHREE RAMCHANDRA COLLEGE OF ENGINEERING,PUNE",PUNE,2017,29543
TECH MAHINDRA,ARMY INSTITUTE OF TECHNOLOGY,PUNE,2016,30237
SCHNEIDER ELECTRIC,DHOLE PATIL COLLEGE OF ENGINEERING PUNE,PUNE,2015,109416
NVIDIA,DHOLE PATIL COLLEGE OF ENGINEERING PUNE,PUNE,2016,22173
BHARAT PETROLEUM,VEERMATA JIJABAI TECHNOLOGICAL INSTITUTE,MUMBAI,2016,393264
LARSEN & TOUBRO,VISHWAKARMA INSTITUTE OF TECHNOLOGY,PUNE,2016,1740566
IBM,PILLAI HOC COLLEGE OF ENGINEERING AND TECHNOLOGY,NAVI MUMBAI,2018,374779
UBS,ARMY INSTITUTE OF TECHNOLOGY,PUNE,2016,384117
INFOGAIN,DHOLE PATIL COLLEGE OF ENGINEERING PUNE,PUNE,2015,225812
MAQ SOFTWARE,RAMRAO ADIK INSTITUTE OF TECHNOLOGY,NAVI MUMBAI,2018,1656475
ACCENTURE,XAVIER INSTITUTE OF ENGINEERING,MUMBAI,2015,291085
HEWLETT-PACKARD,ALAMURI RATNAMALA INSTITUTE OF ENGINEERING & TECHNOLOGY,THANE,2015,1114263
INDUS VALLEY PARTNERS,DHOLE PATIL COLLEGE OF ENGINEERING PUNE,PUNE,2018,29996
TIBCO SOFTWARE,INDIRA COLLEGE OF ENGINEERING AND MANAGEMENT,PUNE,2014,1249678
ORACLE,PILLAI HOC COLLEGE OF ENGINEERING AND TECHNOLOGY,NAVI MUMBAI,2018,733663
MASTEK,THAKUR COLLEGE OF ENGINEERING AND TECHNOLOGY,MUMBAI,2018,38791
QUINNOX,SMT. INDIRA GANDHI COLLEGE OF ENGINEERING,NAVI MUMBAI,2018,771265
FRACTAL ANALYTICS,K. J. SOMAIYA COLLEGE OF ENGINEERING,MUMBAI,2018,30497
HEWLETT-PACKARD,LOKMANYA TILAK COLLEGE OF ENGINEERING,NAVI MUMBAI,2014,54567
QAD,COLLEGE OF ENGINEERING PUNE,PUNE,2015,742718
WNS,VISHWAKARMA INSTITUTE OF TECHNOLOGY,PUNE,2014,402196
HDFC,ALAMURI RATNAMALA INSTITUTE OF ENGINEERING & TECHNOLOGY,THANE,2016,551257
TCS,K. J. SOMAIYA COLLEGE OF ENGINEERING,MUMBAI,2015,364625
ACCOLITE,RAMRAO ADIK INSTITUTE OF TECHNOLOGY,NAVI MUMBAI,2018,1141263
NSEIT,DWARKADAS J. SANGHVI COLLEGE OF ENGINEERING,MUMBAI,2015,49156
BHARAT PETROLEUM,PUNE INSTITUTE OF COMPUTER TECHNOLOGY,PUNE,2015,389135
SABA SOFTWARE,VEERMATA JIJABAI TECHNOLOGICAL INSTITUTE,MUMBAI,2016,712034
INDUS VALLEY PARTNERS,PILLAI HOC COLLEGE OF ENGINEERING AND TECHNOLOGY,NAVI MUMBAI,2018,803847
HEXAWARE TECHNOLOGIES,ALAMURI RATNAMALA INSTITUTE OF ENGINEERING & TECHNOLOGY,THANE,2017,760901
SYNTROSYS,ARMY INSTITUTE OF TECHNOLOGY,PUNE,2015,12959
MAQ SOFTWARE,PILLAI HOC COLLEGE OF ENGINEERING AND TECHNOLOGY,NAVI MUMBAI,2014,1691873
INFOSYS,LOKMANYA TILAK COLLEGE OF ENGINEERING,NAVI MUMBAI,2015,476051
TCS,ARMY INSTITUTE OF TECHNOLOGY,PUNE,2018,363745
IBM,LOKMANYA TILAK COLLEGE OF ENGINEERING,NAVI MUMBAI,2018,428123
INFIBEAM,ARMY INSTITUTE OF TECHNOLOGY,PUNE,2017,176459
UGAM,XAVIER INSTITUTE OF ENGINEERING,MUMBAI,2017,821707
QAD,DWARKADAS J. SANGHVI COLLEGE OF ENGINEERING,MUMBAI,2015,750184
MINDTREE,MIT COLLEGE OF ENGINEERING,PUNE,2018,17733
RAJA SOFTWARE LABS,INDIRA COLLEGE OF ENGINEERING AND MANAGEMENT,PUNE,2018,437450
IDBI INTECH,"TRINITY COLLEGE OF ENGINEERING AND RESEARCH,PUNE",PUNE,2017,391886
MILES SOFTWARE,PUNE INSTITUTE OF COMPUTER TECHNOLOGY,PUNE,2016,349701
IDBI INTECH,BHARATI VIDYAPEETH COLLEGE OF ENGINEERING,PUNE,2018,547689
IGATE,COLLEGE OF ENGINEERING PUNE,PUNE,2017,30791
BANK OF AMERICA,DWARKADAS J. SANGHVI COLLEGE OF ENGINEERING,MUMBAI,2017,809020
CAPGEMINI,"DR. D. Y. PATIL VIDYAPEETH, PUNE",PUNE,2015,385393
ACCENTURE,VISHWAKARMA INSTITUTE OF TECHNOLOGY,PUNE,2016,660459
CALSOFT,THAKUR COLLEGE OF ENGINEERING AND TECHNOLOGY,MUMBAI,2014,16755
INFOGAIN,INDIRA COLLEGE OF ENGINEERING AND MANAGEMENT,PUNE,2015,230461
TATA CONSULTANCY SERVICES,PUNE INSTITUTE OF COMPUTER TECHNOLOGY,PUNE,2016,371281
SYNTROSYS,PILLAI COLLEGE OF ENGINEERING,NAVI MUMBAI,2016,13321
INFOSYS,SMT. INDIRA GANDHI COLLEGE OF ENGINEERING,NAVI MUMBAI,2016,480432
MAQ SOFTWARE,COLLEGE OF ENGINEERING PUNE,PUNE,2018,1689295
QUALITYKIOSK,ALAMURI RATNAMALA INSTITUTE OF ENGINEERING & TECHNOLOGY,THANE,2016,30497
MIRRAW,XAVIER INSTITUTE OF ENGINEERING,MUMBAI,2017,31152
QUINNOX,THAKUR COLLEGE OF ENGINEERING AND TECHNOLOGY,MUMBAI,2017,771736
MAJESCO,COLLEGE OF ENGINEERING PUNE,PUNE,2016,482385
ZENITH SYSTEM SOLUTIONS,XAVIER INSTITUTE OF ENGINEERING,MUMBAI,2017,579967
PROTEGRITY,PILLAI COLLEGE OF ENGINEERING,NAVI MUMBAI,2017,1206765
MILES SOFTWARE,DWARKADAS J. SANGHVI COLLEGE OF ENGINEERING,MUMBAI,2014,346870
ADOBE,PILLAI HOC COLLEGE OF ENGINEERING AND TECHNOLOGY,NAVI MUMBAI,2016,1149095
MASTEK,PILLAI COLLEGE OF ENGINEERING,NAVI MUMBAI,2018,305980
JOHNSON CONTROLS,THAKUR COLLEGE OF ENGINEERING AND TECHNOLOGY,MUMBAI,2016,769219
ORACLE,SMT. INDIRA GANDHI COLLEGE OF ENGINEERING,NAVI MUMBAI,2015,477128
ECLERX,"TRINITY COLLEGE OF ENGINEERING AND RESEARCH,PUNE",PUNE,2016,44428
NEOSOFT TECHNOLOGIES,"TRINITY COLLEGE OF ENGINEERING AND RESEARCH,PUNE",PUNE,2015,482921
GEP,XAVIER INSTITUTE OF ENGINEERING,MUMBAI,2014,728178
QUINNOX,"DR. D. Y. PATIL VIDYAPEETH, PUNE",PUNE,2018,450773
MIRRAW,SMT. INDIRA GANDHI COLLEGE OF ENGINEERING,NAVI MUMBAI,2014,31238
NEOSOFT,LOKMANYA TILAK COLLEGE OF ENGINEERING,NAVI MUMBAI,2015,506733
SCHNEIDER ELECTRIC,DWARKADAS J. SANGHVI COLLEGE OF ENGINEERING,MUMBAI,2016,110869
WISDMLABS,"SHREE RAMCHANDRA COLLEGE OF ENGINEERING,PUNE",PUNE,2014,474018
TATA CONSULTANCY SERVICES,DHOLE PATIL COLLEGE OF ENGINEERING PUNE,PUNE,2015,728076
GEOMETRIC,ALAMURI RATNAMALA INSTITUTE OF ENGINEERING & TECHNOLOGY,THANE,2015,440097
CIMPRESS,SMT. INDIRA GANDHI COLLEGE OF ENGINEERING,NAVI MUMBAI,2015,1381653
WIPRO,K. J. SOMAIYA COLLEGE OF ENGINEERING,MUMBAI,2014,471529
RUBIQUE,SMT. INDIRA GANDHI COLLEGE OF ENGINEERING,NAVI MUMBAI,2015,1001186
DIRECTI,"SHREE RAMCHANDRA COLLEGE OF ENGINEERING,PUNE",PUNE,2018,24850
QUANTIPHI,ARMY INSTITUTE OF TECHNOLOGY,PUNE,2014,31054
MAJESCO,VISHWAKARMA INSTITUTE OF TECHNOLOGY,PUNE,2016,478900
MAJESCO,ARMY INSTITUTE OF TECHNOLOGY,PUNE,2016,485992
GEP,RAMRAO ADIK INSTITUTE OF TECHNOLOGY,NAVI MUMBAI,2015,734589
XORIANT,XAVIER INSTITUTE OF ENGINEERING,MUMBAI,2018,661819
CMS IT SERVICES,PUNE INSTITUTE OF COMPUTER TECHNOLOGY,PUNE,2014,426926
IGATE,"TRINITY COLLEGE OF ENGINEERING AND RESEARCH,PUNE",PUNE,2015,29399
QUALITYKIOSK,ALAMURI RATNAMALA INSTITUTE OF ENGINEERING & TECHNOLOGY,THANE,2014,30015
ADOBE,DWARKADAS J. SANGHVI COLLEGE OF ENGINEERING,MUMBAI,2015,1159177
HURIX,ARMY INSTITUTE OF TECHNOLOGY,PUNE,2017,883936
ECLERX,RAMRAO ADIK INSTITUTE OF TECHNOLOGY,NAVI MUMBAI,2018,45619
LARSEN & TOUBRO,K. J. SOMAIYA COLLEGE OF ENGINEERING,MUMBAI,2018,1800766
MU SIGMA,PILLAI HOC COLLEGE OF ENGINEERING AND TECHNOLOGY,NAVI MUMBAI,2018,709027
CLOVER INFOTECH,THAKUR COLLEGE OF ENGINEERING AND TECHNOLOGY,MUMBAI,2015,368092
MASTEK,THADOMAL SHAHANI ENGINEERING COLLEGE,MUMBAI,2018,305980
GEOMETRIC,BHARATI VIDYAPEETH COLLEGE OF ENGINEERING,PUNE,2015,449843
ACCENTURE,PUNE INSTITUTE OF COMPUTER TECHNOLOGY,PUNE,2018,292735
INFOSYS,THAKUR COLLEGE OF ENGINEERING AND TECHNOLOGY,MUMBAI,2018,470498
BOOKMYSHOW,"DR. D. Y. PATIL VIDYAPEETH, PUNE",PUNE,2018,353361
INDUS VALLEY PARTNERS,ALAMURI RATNAMALA INSTITUTE OF ENGINEERING & TECHNOLOGY,THANE,2015,29885
VPHRASE,THADOMAL SHAHANI ENGINEERING COLLEGE,MUMBAI,2014,406678
ATIDAN,MIT COLLEGE OF ENGINEERING,PUNE,2017,911693
MAQ SOFTWARE,ALAMURI RATNAMALA INSTITUTE OF ENGINEERING & TECHNOLOGY,THANE,2015,1612604
JOHNSON CONTROLS,VISHWAKARMA INSTITUTE OF TECHNOLOGY,PUNE,2018,792989
SYMANTEC,PILLAI HOC COLLEGE OF ENGINEERING AND TECHNOLOGY,NAVI MUMBAI,2018,1805470
ADOBE,THADOMAL SHAHANI ENGINEERING COLLEGE,MUMBAI,2016,111395
ECLINICALWORKS,VEERMATA JIJABAI TECHNOLOGICAL INSTITUTE,MUMBAI,2018,343078
CALSOFT,ALAMURI RATNAMALA INSTITUTE OF ENGINEERING & TECHNOLOGY,THANE,2018,16625
CREDIT SUISSE,INDIRA COLLEGE OF ENGINEERING AND MANAGEMENT,PUNE,2018,299512
XORIANT,INDIRA COLLEGE OF ENGINEERING AND MANAGEMENT,PUNE,2015,451998
TECH MAHINDRA,PUNE INSTITUTE OF COMPUTER TECHNOLOGY,PUNE,2014,494602
MORGAN STANLEY,PUNE INSTITUTE OF COMPUTER TECHNOLOGY,PUNE,2018,1721813
MAJESCO,DWARKADAS J. SANGHVI COLLEGE OF ENGINEERING,MUMBAI,2018,486942
ACCENTURE,SMT. INDIRA GANDHI COLLEGE OF ENGINEERING,NAVI MUMBAI,2018,668126
ECLERX,DWARKADAS J. SANGHVI COLLEGE OF ENGINEERING,MUMBAI,2015,396509
ORACLE,ALAMURI RATNAMALA INSTITUTE OF ENGINEERING & TECHNOLOGY,THANE,2018,753646
ECLINICALWORKS,PUNE INSTITUTE OF COMPUTER TECHNOLOGY,PUNE,2014,341522
SIEMENS,INDIRA COLLEGE OF ENGINEERING AND MANAGEMENT,PUNE,2018,468786
NEWGEN SOFTWARE,DWARKADAS J. SANGHVI COLLEGE OF ENGINEERING,MUMBAI,2016,703769
EDELWEISS FINANCIAL SERVICES,ARMY INSTITUTE OF TECHNOLOGY,PUNE,2018,935975
BNP PARIBAS,THADOMAL SHAHANI ENGINEERING COLLEGE,MUMBAI,2018,39367
SAINT-GOBAIN,SMT. INDIRA GANDHI COLLEGE OF ENGINEERING,NAVI MUMBAI,2018,727577
SAP,THADOMAL SHAHANI ENGINEERING COLLEGE,MUMBAI,2017,820744
ZENSAR TECHNOLOGIES,THAKUR COLLEGE OF ENGINEERING AND TECHNOLOGY,MUMBAI,2016,487103
QAD,"DR. D. Y. PATIL VIDYAPEETH, PUNE",PUNE,2018,760034
QAD,RAMRAO ADIK INSTITUTE OF TECHNOLOGY,NAVI MUMBAI,2017,886642
BANK OF AMERICA,VEERMATA JIJABAI TECHNOLOGICAL INSTITUTE,MUMBAI,2018,797402
BNP PARIBAS,K. J. SOMAIYA COLLEGE OF ENGINEERING,MUMBAI,2014,53112
NUCSOFT,VISHWAKARMA INSTITUTE OF TECHNOLOGY,PUNE,2018,29854
CREDIT SUISSE,K. J. SOMAIYA COLLEGE OF ENGINEERING,MUMBAI,2017,949904
MORGAN STANLEY,DWARKADAS J. SANGHVI COLLEGE OF ENGINEERING,MUMBAI,2017,502977
GEOMETRIC SOFTWARE SOLUTIONS,THAKUR COLLEGE OF ENGINEERING AND TECHNOLOGY,MUMBAI,2015,347094
GENPACT,VISHWAKARMA INSTITUTE OF TECHNOLOGY,PUNE,2016,631272
INFOSYS,DWARKADAS J. SANGHVI COLLEGE OF ENGINEERING,MUMBAI,2016,470498
GODREJ INFOTECH,SMT. INDIRA GANDHI COLLEGE OF ENGINEERING,NAVI MUMBAI,2016,402275
MICROSOFT,PUNE INSTITUTE OF COMPUTER TECHNOLOGY,PUNE,2016,428813
CAPITA,THADOMAL SHAHANI ENGINEERING COLLEGE,MUMBAI,2018,596298
BNP PARIBAS,COLLEGE OF ENGINEERING PUNE,PUNE,2017,53735
JOHNSON CONTROLS,PUNE INSTITUTE OF COMPUTER TECHNOLOGY,PUNE,2017,997473
VPHRASE,THAKUR COLLEGE OF ENGINEERING AND TECHNOLOGY,MUMBAI,2018,408551
NEWGEN SOFTWARE,ARMY INSTITUTE OF TECHNOLOGY,PUNE,2015,715059
IGATE,RAMRAO ADIK INSTITUTE OF TECHNOLOGY,NAVI MUMBAI,2016,29797
UBS,PILLAI HOC COLLEGE OF ENGINEERING AND TECHNOLOGY,NAVI MUMBAI,2018,385251
ACCOLITE,K. J. SOMAIYA COLLEGE OF ENGINEERING,MUMBAI,2018,1174962
HURIX,PILLAI COLLEGE OF ENGINEERING,NAVI MUMBAI,2015,869480
NUCSOFT,"SHREE RAMCHANDRA COLLEGE OF ENGINEERING,PUNE",PUNE,2018,225812
ZYCUS,RAMRAO ADIK INSTITUTE OF TECHNOLOGY,NAVI MUMBAI,2017,41812
ZYCUS,MIT COLLEGE OF ENGINEERING,PUNE,2015,17294
ATIDAN,RAMRAO ADIK INSTITUTE OF TECHNOLOGY,NAVI MUMBAI,2017,812540
ENDURANCE INTERNATIONAL GROUP,COLLEGE OF ENGINEERING PUNE,PUNE,2015,756457
CROMPTON GREAVES,"TRINITY COLLEGE OF ENGINEERING AND RESEARCH,PUNE",PUNE,2016,244807
BHARAT PETROLEUM,THAKUR COLLEGE OF ENGINEERING AND TECHNOLOGY,MUMBAI,2015,382233
XL DYNAMICS,PUNE INSTITUTE OF COMPUTER TECHNOLOGY,PUNE,2018,384639
IDBI INTECH,PILLAI COLLEGE OF ENGINEERING,NAVI MUMBAI,2016,553464
BOOKMYSHOW,MIT COLLEGE OF ENGINEERING,PUNE,2015,368303
ADOBE,THAKUR COLLEGE OF ENGINEERING AND TECHNOLOGY,MUMBAI,2017,106720
IBM INDIA,COLLEGE OF ENGINEERING PUNE,PUNE,2014,581602
QUINNOX,VISHWAKARMA INSTITUTE OF TECHNOLOGY,PUNE,2014,452939
MAQ SOFTWARE,PILLAI COLLEGE OF ENGINEERING,NAVI MUMBAI,2015,1641216
GEP,RAMRAO ADIK INSTITUTE OF TECHNOLOGY,NAVI MUMBAI,2016,734589
THIRDWARE SOLUTION,DWARKADAS J. SANGHVI COLLEGE OF ENGINEERING,MUMBAI,2018,447039
MASTEK,"DR. D. Y. PATIL VIDYAPEETH, PUNE",PUNE,2014,38259
HDFC,BHARATI VIDYAPEETH COLLEGE OF ENGINEERING,PUNE,2018,535465
TATA COMMUNICATIONS,ALAMURI RATNAMALA INSTITUTE OF ENGINEERING & TECHNOLOGY,THANE,2016,649452
CAPGEMINI,PILLAI COLLEGE OF ENGINEERING,NAVI MUMBAI,2018,781050
MAJESCO,BHARATI VIDYAPEETH COLLEGE OF ENGINEERING,PUNE,2016,481732
SIEMENS,ARMY INSTITUTE OF TECHNOLOGY,PUNE,2017,485660
BNP PARIBAS,DWARKADAS J. SANGHVI COLLEGE OF ENGINEERING,MUMBAI,2015,53492
PROTEGRITY,PUNE INSTITUTE OF COMPUTER TECHNOLOGY,PUNE,2018,52919
AMDOCS,INDIRA COLLEGE OF ENGINEERING AND MANAGEMENT,PUNE,2018,771234
MU SIGMA,RAMRAO ADIK INSTITUTE OF TECHNOLOGY,NAVI MUMBAI,2018,339655
TOPPR.COM,THADOMAL SHAHANI ENGINEERING COLLEGE,MUMBAI,2014,386105
MINDTREE,COLLEGE OF ENGINEERING PUNE,PUNE,2018,17320
JIO,"DR. D. Y. PATIL VIDYAPEETH, PUNE",PUNE,2014,732708
TATA CONSULTANCY SERVICES,COLLEGE OF ENGINEERING PUNE,PUNE,2015,764672
MORGAN STANLEY,PILLAI HOC COLLEGE OF ENGINEERING AND TECHNOLOGY,NAVI MUMBAI,2014,514893
WIPRO,RAMRAO ADIK INSTITUTE OF TECHNOLOGY,NAVI MUMBAI,2018,485154
INGRAM MICRO,VISHWAKARMA INSTITUTE OF TECHNOLOGY,PUNE,2015,357181
INFOSYS,XAVIER INSTITUTE OF ENGINEERING,MUMBAI,2017,632710
GENPACT,PILLAI HOC COLLEGE OF ENGINEERING AND TECHNOLOGY,NAVI MUMBAI,2017,640584
QUANTIPHI,ARMY INSTITUTE OF TECHNOLOGY,PUNE,2016,912380
INFORMATICA,VISHWAKARMA INSTITUTE OF TECHNOLOGY,PUNE,2018,1764367
XORIANT,ARMY INSTITUTE OF TECHNOLOGY,PUNE,2014,459501
NVIDIA,VISHWAKARMA INSTITUTE OF TECHNOLOGY,PUNE,2018,254049
ZYCUS,DWARKADAS J. SANGHVI COLLEGE OF ENGINEERING,MUMBAI,2016,41365
GOOGLE,SMT. INDIRA GANDHI COLLEGE OF ENGINEERING,NAVI MUMBAI,2015,54735
GEP,XAVIER INSTITUTE OF ENGINEERING,MUMBAI,2018,753646
CAPGEMINI,PILLAI HOC COLLEGE OF ENGINEERING AND TECHNOLOGY,NAVI MUMBAI,2018,781375
CREDIT SUISSE,RAMRAO ADIK INSTITUTE OF TECHNOLOGY,NAVI MUMBAI,2017,299512
ARK TECHNOSOLUTIONS,"SHREE RAMCHANDRA COLLEGE OF ENGINEERING,PUNE",PUNE,2016,1141263
ORIENT TECHNOLOGIES,LOKMANYA TILAK COLLEGE OF ENGINEERING,NAVI MUMBAI,2016,26751
ECLERX,DWARKADAS J. SANGHVI COLLEGE OF ENGINEERING,MUMBAI,2018,46530
IBM INDIA,RAMRAO ADIK INSTITUTE OF TECHNOLOGY,NAVI MUMBAI,2016,553486
MEDIA.NET,"SHREE RAMCHANDRA COLLEGE OF ENGINEERING,PUNE",PUNE,2016,563376
TOPPR.COM,LOKMANYA TILAK COLLEGE OF ENGINEERING,NAVI MUMBAI,2016,1018128
TATA CONSULTANCY SERVICES,RAMRAO ADIK INSTITUTE OF TECHNOLOGY,NAVI MUMBAI,2015,367721
TCS,SMT. INDIRA GANDHI COLLEGE OF ENGINEERING,NAVI MUMBAI,2018,363745
IGATE,THADOMAL SHAHANI ENGINEERING COLLEGE,MUMBAI,2017,30159
SCHNEIDER ELECTRIC,COLLEGE OF ENGINEERING PUNE,PUNE,2015,107223
BANK OF AMERICA,MIT COLLEGE OF ENGINEERING,PUNE,2015,891008
HEXAWARE TECHNOLOGIES,PUNE INSTITUTE OF COMPUTER TECHNOLOGY,PUNE,2016,30456
AMDOCS,PUNE INSTITUTE OF COMPUTER TECHNOLOGY,PUNE,2016,667581
BANK OF AMERICA,PUNE INSTITUTE OF COMPUTER TECHNOLOGY,PUNE,2017,874456
BNP PARIBAS,PILLAI HOC COLLEGE OF ENGINEERING AND TECHNOLOGY,NAVI MUMBAI,2016,38050
EDELWEISS FINANCIAL SERVICES,VEERMATA JIJABAI TECHNOLOGICAL INSTITUTE,MUMBAI,2014,911567
SYMANTEC,COLLEGE OF ENGINEERING PUNE,PUNE,2018,1801956
SIEMENS,LOKMANYA TILAK COLLEGE OF ENGINEERING,NAVI MUMBAI,2014,505708
MPHASIS,LOKMANYA TILAK COLLEGE OF ENGINEERING,NAVI MUMBAI,2017,701498
TIBCO SOFTWARE,THAKUR COLLEGE OF ENGINEERING AND TECHNOLOGY,MUMBAI,2018,594058
SYMANTEC,LOKMANYA TILAK COLLEGE OF ENGINEERING,NAVI MUMBAI,2016,16002
RAJA SOFTWARE LABS,PUNE INSTITUTE OF COMPUTER TECHNOLOGY,PUNE,2015,438554
ADOBE,PILLAI COLLEGE OF ENGINEERING,NAVI MUMBAI,2017,111933
IBM,SMT. INDIRA GANDHI COLLEGE OF ENGINEERING,NAVI MUMBAI,2018,382868
INFOGAIN,LOKMANYA TILAK COLLEGE OF ENGINEERING,NAVI MUMBAI,2018,227019
AXIS BANK,DHOLE PATIL COLLEGE OF ENGINEERING PUNE,PUNE,2014,11779
HDFC,PILLAI COLLEGE OF ENGINEERING,NAVI MUMBAI,2017,524823
ATOS,PUNE INSTITUTE OF COMPUTER TECHNOLOGY,PUNE,2015,25600
ACCOLITE,XAVIER INSTITUTE OF ENGINEERING,MUMBAI,2017,1112454
NEWGEN,THAKUR COLLEGE OF ENGINEERING AND TECHNOLOGY,MUMBAI,2018,10793
MORGAN STANLEY,"TRINITY COLLEGE OF ENGINEERING AND RESEARCH,PUNE",PUNE,2015,1749775
LIONBRIDGE,DWARKADAS J. SANGHVI COLLEGE OF ENGINEERING,MUMBAI,2014,44724
LARSEN & TOUBRO,COLLEGE OF ENGINEERING PUNE,PUNE,2017,1810653
TATA CONSULTANCY SERVICES,PILLAI HOC COLLEGE OF ENGINEERING AND TECHNOLOGY,NAVI MUMBAI,2016,759590
HEXAWARE TECHNOLOGIES,PUNE INSTITUTE OF COMPUTER TECHNOLOGY,PUNE,2015,741187
MIRRAW,XAVIER INSTITUTE OF ENGINEERING,MUMBAI,2018,31237
VISA INC.,PILLAI HOC COLLEGE OF ENGINEERING AND TECHNOLOGY,NAVI MUMBAI,2016,1172873
GODREJ INFOTECH,COLLEGE OF ENGINEERING PUNE,PUNE,2018,380313
MPHASIS,BHARATI VIDYAPEETH COLLEGE OF ENGINEERING,PUNE,2016,693229
CAPGEMINI,COLLEGE OF ENGINEERING PUNE,PUNE,2018,781263
VERIZON,SMT. INDIRA GANDHI COLLEGE OF ENGINEERING,NAVI MUMBAI,2017,568697
MPHASIS,VEERMATA JIJABAI TECHNOLOGICAL INSTITUTE,MUMBAI,2017,492916
ORANGE,"TRINITY COLLEGE OF ENGINEERING AND RESEARCH,PUNE",PUNE,2018,20399
DELOITTE,VEERMATA JIJABAI TECHNOLOGICAL INSTITUTE,MUMBAI,2014,730098
BNP PARIBAS,DWARKADAS J. SANGHVI COLLEGE OF ENGINEERING,MUMBAI,2016,53484
RAJA SOFTWARE LABS,SMT. INDIRA GANDHI COLLEGE OF ENGINEERING,NAVI MUMBAI,2014,438857
QUALITYKIOSK,PUNE INSTITUTE OF COMPUTER TECHNOLOGY,PUNE,2014,26164
NUCSOFT,LOKMANYA TILAK COLLEGE OF ENGINEERING,NAVI MUMBAI,2016,30162
CAPGEMINI,"TRINITY COLLEGE OF ENGINEERING AND RESEARCH,PUNE",PUNE,2014,385048
ATOS,SMT. INDIRA GANDHI COLLEGE OF ENGINEERING,NAVI MUMBAI,2015,725293
INFOSYS,BHARATI VIDYAPEETH COLLEGE OF ENGINEERING,PUNE,2015,470498
JOHNSON CONTROLS,MIT COLLEGE OF ENGINEERING,PUNE,2018,792989
VISA INC.,MIT COLLEGE OF ENGINEERING,PUNE,2014,1142722
QUINNOX,SMT. INDIRA GANDHI COLLEGE OF ENGINEERING,NAVI MUMBAI,2015,439223
RAVE TECHNOLOGIES,RAMRAO ADIK INSTITUTE OF TECHNOLOGY,NAVI MUMBAI,2018,415614
BNP PARIBAS,VISHWAKARMA INSTITUTE OF TECHNOLOGY,PUNE,2017,38066
EDELWEISS FINANCIAL SERVICES,VEERMATA JIJABAI TECHNOLOGICAL INSTITUTE,MUMBAI,2017,910121
IDBI INTECH,VEERMATA JIJABAI TECHNOLOGICAL INSTITUTE,MUMBAI,2014,543093
HDFC,VEERMATA JIJABAI TECHNOLOGICAL INSTITUTE,MUMBAI,2015,535465
TATA CONSULTANCY SERVICES,PUNE INSTITUTE OF COMPUTER TECHNOLOGY,PUNE,2015,359288
CIMPRESS,VEERMATA JIJABAI TECHNOLOGICAL INSTITUTE,MUMBAI,2017,1369947
VPHRASE,XAVIER INSTITUTE OF ENGINEERING,MUMBAI,2016,398169
MIRRAW,PUNE INSTITUTE OF COMPUTER TECHNOLOGY,PUNE,2018,446959
CREDIT SUISSE,VISHWAKARMA INSTITUTE OF TECHNOLOGY,PUNE,2016,301243
UBS,VISHWAKARMA INSTITUTE OF TECHNOLOGY,PUNE,2017,1777422
ACCENTURE,INDIRA COLLEGE OF ENGINEERING AND MANAGEMENT,PUNE,2014,682390
YAHOO,PUNE INSTITUTE OF COMPUTER TECHNOLOGY,PUNE,2016,379551
ECLERX,BHARATI VIDYAPEETH COLLEGE OF ENGINEERING,PUNE,2018,46287
TECH MAHINDRA,DHOLE PATIL COLLEGE OF ENGINEERING PUNE,PUNE,2018,29854
QUINNOX,LOKMANYA TILAK COLLEGE OF ENGINEERING,NAVI MUMBAI,2017,457096
CREDIT SUISSE,MIT COLLEGE OF ENGINEERING,PUNE,2014,935530
GEOMETRIC,PILLAI HOC COLLEGE OF ENGINEERING AND TECHNOLOGY,NAVI MUMBAI,2017,446871
HCL TECHNOLOGIES,SMT. INDIRA GANDHI COLLEGE OF ENGINEERING,NAVI MUMBAI,2015,901683
CMC,ALAMURI RATNAMALA INSTITUTE OF ENGINEERING & TECHNOLOGY,THANE,2016,184354
AMAZON,RAMRAO ADIK INSTITUTE OF TECHNOLOGY,NAVI MUMBAI,2014,20029
CAPITA,LOKMANYA TILAK COLLEGE OF ENGINEERING,NAVI MUMBAI,2018,582015
DELOITTE,COLLEGE OF ENGINEERING PUNE,PUNE,2018,322142
MPHASIS,THAKUR COLLEGE OF ENGINEERING AND TECHNOLOGY,MUMBAI,2018,707669
XORIANT,ARMY INSTITUTE OF TECHNOLOGY,PUNE,2017,650946
DIRECTI,VISHWAKARMA INSTITUTE OF TECHNOLOGY,PUNE,2016,24883
IBM,"DR. D. Y. PATIL VIDYAPEETH, PUNE",PUNE,2015,449129
RAJA SOFTWARE LABS,SMT. INDIRA GANDHI COLLEGE OF ENGINEERING,NAVI MUMBAI,2018,430325
MORGAN STANLEY,PUNE INSTITUTE OF COMPUTER TECHNOLOGY,PUNE,2017,515890
WISDMLABS,K. J. SOMAIYA COLLEGE OF ENGINEERING,MUMBAI,2018,470358
ACCOLITE,"DR. D. Y. PATIL VIDYAPEETH, PUNE",PUNE,2018,1171038
ORACLE,SMT. INDIRA GANDHI COLLEGE OF ENGINEERING,NAVI MUMBAI,2016,482351
MIRRAW,"SHREE RAMCHANDRA COLLEGE OF ENGINEERING,PUNE",PUNE,2016,427790
BNP PARIBAS,XAVIER INSTITUTE OF ENGINEERING,MUMBAI,2017,52288
INFIBEAM,BHARATI VIDYAPEETH COLLEGE OF ENGINEERING,PUNE,2018,177972
AMAZON,"DR. D. Y. PATIL VIDYAPEETH, PUNE",PUNE,2016,20658
DIRECTI,BHARATI VIDYAPEETH COLLEGE OF ENGINEERING,PUNE,2014,1692553
SCHNEIDER ELECTRIC,THADOMAL SHAHANI ENGINEERING COLLEGE,MUMBAI,2015,109152
WIPRO,PUNE INSTITUTE OF COMPUTER TECHNOLOGY,PUNE,2015,486555
TECH MAHINDRA,DWARKADAS J. SANGHVI COLLEGE OF ENGINEERING,MUMBAI,2016,474140
CAPGEMINI,THADOMAL SHAHANI ENGINEERING COLLEGE,MUMBAI,2018,390727
SIEMENS,DWARKADAS J. SANGHVI COLLEGE OF ENGINEERING,MUMBAI,2015,495501
ECLINICALWORKS,PILLAI COLLEGE OF ENGINEERING,NAVI MUMBAI,2016,335550
ECLINICALWORKS,THADOMAL SHAHANI ENGINEERING COLLEGE,MUMBAI,2014,602864
BOOKMYSHOW,PUNE INSTITUTE OF COMPUTER TECHNOLOGY,PUNE,2018,363632
ZENSAR TECHNOLOGIES,VISHWAKARMA INSTITUTE OF TECHNOLOGY,PUNE,2017,1116424
HEWLETT-PACKARD,DWARKADAS J. SANGHVI COLLEGE OF ENGINEERING,MUMBAI,2018,1142756
ECLERX,THAKUR COLLEGE OF ENGINEERING AND TECHNOLOGY,MUMBAI,2018,384263
ATOS,VISHWAKARMA INSTITUTE OF TECHNOLOGY,PUNE,2016,25856
TATA,"SHREE RAMCHANDRA COLLEGE OF ENGINEERING,PUNE",PUNE,2015,97605
DELOITTE,COLLEGE OF ENGINEERING PUNE,PUNE,2018,330785
LIONBRIDGE,XAVIER INSTITUTE OF ENGINEERING,MUMBAI,2015,43667
CAPGEMINI,INDIRA COLLEGE OF ENGINEERING AND MANAGEMENT,PUNE,2018,390727
ECLINICALWORKS,PUNE INSTITUTE OF COMPUTER TECHNOLOGY,PUNE,2017,602243
GOOGLE,PILLAI HOC COLLEGE OF ENGINEERING AND TECHNOLOGY,NAVI MUMBAI,2018,42894
AMAZON,ARMY INSTITUTE OF TECHNOLOGY,PUNE,2015,19790
VPHRASE,XAVIER INSTITUTE OF ENGINEERING,MUMBAI,2016,398332
AXIS BANK,MIT COLLEGE OF ENGINEERING,PUNE,2016,11637
ACCENTURE,THAKUR COLLEGE OF ENGINEERING AND TECHNOLOGY,MUMBAI,2015,648773
HEWLETT-PACKARD,ALAMURI RATNAMALA INSTITUTE OF ENGINEERING & TECHNOLOGY,THANE,2015,55083
CAPGEMINI,COLLEGE OF ENGINEERING PUNE,PUNE,2018,808291
AMAZON,BHARATI VIDYAPEETH COLLEGE OF ENGINEERING,PUNE,2018,20251
CAPITA,VISHWAKARMA INSTITUTE OF TECHNOLOGY,PUNE,2018,578247
GEP,VISHWAKARMA INSTITUTE OF TECHNOLOGY,PUNE,2017,774519
GE,THAKUR COLLEGE OF ENGINEERING AND TECHNOLOGY,MUMBAI,2018,517838
AMAZON,PILLAI COLLEGE OF ENGINEERING,NAVI MUMBAI,2018,19907
GODREJ INFOTECH,THADOMAL SHAHANI ENGINEERING COLLEGE,MUMBAI,2016,400251
EDELWEISS FINANCIAL SERVICES,"TRINITY COLLEGE OF ENGINEERING AND RESEARCH,PUNE",PUNE,2017,913904
YAHOO,DWARKADAS J. SANGHVI COLLEGE OF ENGINEERING,MUMBAI,2016,386084
INFOSYS,VEERMATA JIJABAI TECHNOLOGICAL INSTITUTE,MUMBAI,2014,470498
HCL TECHNOLOGIES,DWARKADAS J. SANGHVI COLLEGE OF ENGINEERING,MUMBAI,2014,907935
TIBCO SOFTWARE,RAMRAO ADIK INSTITUTE OF TECHNOLOGY,NAVI MUMBAI,2018,1260431
CAPGEMINI,PUNE INSTITUTE OF COMPUTER TECHNOLOGY,PUNE,2017,390727
GODREJ INFOTECH,VISHWAKARMA INSTITUTE OF TECHNOLOGY,PUNE,2018,390727
TATA COMMUNICATIONS,COLLEGE OF ENGINEERING PUNE,PUNE,2014,368261
THIRDWARE SOLUTION,THAKUR COLLEGE OF ENGINEERING AND TECHNOLOGY,MUMBAI,2018,495501
DIRECTI,BHARATI VIDYAPEETH COLLEGE OF ENGINEERING,PUNE,2018,1656475
INFIBEAM,RAMRAO ADIK INSTITUTE OF TECHNOLOGY,NAVI MUMBAI,2017,179767
VERIZON,ARMY INSTITUTE OF TECHNOLOGY,PUNE,2014,541461
XORIANT,MIT COLLEGE OF ENGINEERING,PUNE,2016,654098
QUINNOX,PUNE INSTITUTE OF COMPUTER TECHNOLOGY,PUNE,2018,449417
AXIS BANK,XAVIER INSTITUTE OF ENGINEERING,MUMBAI,2017,601495
AMDOCS,VISHWAKARMA INSTITUTE OF TECHNOLOGY,PUNE,2015,754185
NUCSOFT,VISHWAKARMA INSTITUTE OF TECHNOLOGY,PUNE,2014,28983
BOOKMYSHOW,PILLAI HOC COLLEGE OF ENGINEERING AND TECHNOLOGY,NAVI MUMBAI,2014,359085
MILES SOFTWARE,COLLEGE OF ENGINEERING PUNE,PUNE,2015,634984
THIRDWARE SOLUTION,"DR. D. Y. PATIL VIDYAPEETH, PUNE",PUNE,2016,443055
AMAZON,"TRINITY COLLEGE OF ENGINEERING AND RESEARCH,PUNE",PUNE,2018,442378
QUALITYKIOSK,PUNE INSTITUTE OF COMPUTER TECHNOLOGY,PUNE,2014,27464
JOHNSON CONTROLS,VEERMATA JIJABAI TECHNOLOGICAL INSTITUTE,MUMBAI,2018,798228
HEXAWARE TECHNOLOGIES,LOKMANYA TILAK COLLEGE OF ENGINEERING,NAVI MUMBAI,2014,30645
SAP,"TRINITY COLLEGE OF ENGINEERING AND RESEARCH,PUNE",PUNE,2014,58354
NEOSOFT TECHNOLOGIES,ARMY INSTITUTE OF TECHNOLOGY,PUNE,2018,459076
INFOSYS,LOKMANYA TILAK COLLEGE OF ENGINEERING,NAVI MUMBAI,2016,618543
ECLINICALWORKS,DWARKADAS J. SANGHVI COLLEGE OF ENGINEERING,MUMBAI,2014,337092
AMDOCS,DWARKADAS J. SANGHVI COLLEGE OF ENGINEERING,MUMBAI,2017,771234
ECLINICALWORKS,THADOMAL SHAHANI ENGINEERING COLLEGE,MUMBAI,2016,348743
VPHRASE,ALAMURI RATNAMALA INSTITUTE OF ENGINEERING & TECHNOLOGY,THANE,2016,398745
RAJA SOFTWARE LABS,"TRINITY COLLEGE OF ENGINEERING AND RESEARCH,PUNE",PUNE,2016,431517
TCS,PUNE INSTITUTE OF COMPUTER TECHNOLOGY,PUNE,2017,42720
ECLINICALWORKS,THADOMAL SHAHANI ENGINEERING COLLEGE,MUMBAI,2018,341512
AMDOCS,PILLAI HOC COLLEGE OF ENGINEERING AND TECHNOLOGY,NAVI MUMBAI,2018,665710
NEOSOFT,RAMRAO ADIK INSTITUTE OF TECHNOLOGY,NAVI MUMBAI,2016,519091
TIBCO SOFTWARE,INDIRA COLLEGE OF ENGINEERING AND MANAGEMENT,PUNE,2018,588122
SIEMENS,COLLEGE OF ENGINEERING PUNE,PUNE,2014,490172
NUCSOFT,ALAMURI RATNAMALA INSTITUTE OF ENGINEERING & TECHNOLOGY,THANE,2016,30343
NUCSOFT,PILLAI COLLEGE OF ENGINEERING,NAVI MUMBAI,2014,231079
CRMNEXT,SMT. INDIRA GANDHI COLLEGE OF ENGINEERING,NAVI MUMBAI,2015,26176
INDUS VALLEY PARTNERS,"TRINITY COLLEGE OF ENGINEERING AND RESEARCH,PUNE",PUNE,2017,30357
NEOSOFT,PILLAI COLLEGE OF ENGINEERING,NAVI MUMBAI,2016,494389
HEWLETT-PACKARD,PILLAI COLLEGE OF ENGINEERING,NAVI MUMBAI,2015,1102798
NEWGEN SOFTWARE,"TRINITY COLLEGE OF ENGINEERING AND RESEARCH,PUNE",PUNE,2017,436556
ADOBE,BHARATI VIDYAPEETH COLLEGE OF ENGINEERING,PUNE,2018,1176245
GE,MIT COLLEGE OF ENGINEERING,PUNE,2016,528858
SYNTROSYS,THADOMAL SHAHANI ENGINEERING COLLEGE,MUMBAI,2017,935231
QUINNOX,VISHWAKARMA INSTITUTE OF TECHNOLOGY,PUNE,2018,457438
GOOGLE,VISHWAKARMA INSTITUTE OF TECHNOLOGY,PUNE,2017,52786
INFOGAIN,"SHREE RAMCHANDRA COLLEGE OF ENGINEERING,PUNE",PUNE,2016,414329
MILES SOFTWARE,DWARKADAS J. SANGHVI COLLEGE OF ENGINEERING,MUMBAI,2017,341306
SYNTROSYS,ALAMURI RATNAMALA INSTITUTE OF ENGINEERING & TECHNOLOGY,THANE,2018,984047
CMS IT SERVICES,INDIRA COLLEGE OF ENGINEERING AND MANAGEMENT,PUNE,2017,444286
HDFC,K. J. SOMAIYA COLLEGE OF ENGINEERING,MUMBAI,2015,535465
INFORMATICA,VISHWAKARMA INSTITUTE OF TECHNOLOGY,PUNE,2018,1738146
AMAZON,"TRINITY COLLEGE OF ENGINEERING AND RESEARCH,PUNE",PUNE,2015,20665
SELEC,"SHREE RAMCHANDRA COLLEGE OF ENGINEERING,PUNE",PUNE,2018,41169
TATA COMMUNICATIONS,BHARATI VIDYAPEETH COLLEGE OF ENGINEERING,PUNE,2018,384587
SELEC,BHARATI VIDYAPEETH COLLEGE OF ENGINEERING,PUNE,2016,42274
ORIENT TECHNOLOGIES,PILLAI HOC COLLEGE OF ENGINEERING AND TECHNOLOGY,NAVI MUMBAI,2017,26751
QUINNOX,MIT COLLEGE OF ENGINEERING,PUNE,2018,781055
TATA CONSULTANCY SERVICES,THADOMAL SHAHANI ENGINEERING COLLEGE,MUMBAI,2017,369558
GENPACT,"TRINITY COLLEGE OF ENGINEERING AND RESEARCH,PUNE",PUNE,2016,609271
NVIDIA,SMT. INDIRA GANDHI COLLEGE OF ENGINEERING,NAVI MUMBAI,2015,22476
HEXAWARE TECHNOLOGIES,COLLEGE OF ENGINEERING PUNE,PUNE,2016,743627
CALSOFT,PILLAI HOC COLLEGE OF ENGINEERING AND TECHNOLOGY,NAVI MUMBAI,2016,16640
GEP,K. J. SOMAIYA COLLEGE OF ENGINEERING,MUMBAI,2018,734589
INFOGAIN,"DR. D. Y. PATIL VIDYAPEETH, PUNE",PUNE,2014,231577
HEXAWARE TECHNOLOGIES,VISHWAKARMA INSTITUTE OF TECHNOLOGY,PUNE,2017,777537
NSEIT,K. J. SOMAIYA COLLEGE OF ENGINEERING,MUMBAI,2017,57607
CLOVER INFOTECH,MIT COLLEGE OF ENGINEERING,PUNE,2018,17444
QUINNOX,THAKUR COLLEGE OF ENGINEERING AND TECHNOLOGY,MUMBAI,2018,446973
UBS,K. J. SOMAIYA COLLEGE OF ENGINEERING,MUMBAI,2018,376823
BNP PARIBAS,BHARATI VIDYAPEETH COLLEGE OF ENGINEERING,PUNE,2014,38452
MASTEK,ARMY INSTITUTE OF TECHNOLOGY,PUNE,2016,39043
WIPRO,PUNE INSTITUTE OF COMPUTER TECHNOLOGY,PUNE,2016,484512
CYBAGE SOFTWARE,PILLAI HOC COLLEGE OF ENGINEERING AND TECHNOLOGY,NAVI MUMBAI,2015,349139
BNP PARIBAS,PUNE INSTITUTE OF COMPUTER TECHNOLOGY,PUNE,2015,38826
MEDIA.NET,VEERMATA JIJABAI TECHNOLOGICAL INSTITUTE,MUMBAI,2014,578331
UBS,ALAMURI RATNAMALA INSTITUTE OF ENGINEERING & TECHNOLOGY,THANE,2017,1806940
MORGAN STANLEY,THADOMAL SHAHANI ENGINEERING COLLEGE,MUMBAI,2018,1764982
HCL TECHNOLOGIES,PUNE INSTITUTE OF COMPUTER TECHNOLOGY,PUNE,2015,313203
MORGAN STANLEY,PUNE INSTITUTE OF COMPUTER TECHNOLOGY,PUNE,2016,1764982
ACCOLITE,COLLEGE OF ENGINEERING PUNE,PUNE,2017,132808
QUANTIPHI,DWARKADAS J. SANGHVI COLLEGE OF ENGINEERING,MUMBAI,2017,892379
QAD,THAKUR COLLEGE OF ENGINEERING AND TECHNOLOGY,MUMBAI,2016,860669
INDUS VALLEY PARTNERS,THADOMAL SHAHANI ENGINEERING COLLEGE,MUMBAI,2018,29996
BHARAT PETROLEUM,THAKUR COLLEGE OF ENGINEERING AND TECHNOLOGY,MUMBAI,2018,382233
NUCSOFT,VISHWAKARMA INSTITUTE OF TECHNOLOGY,PUNE,2014,226245
QUALITYKIOSK,INDIRA COLLEGE OF ENGINEERING AND MANAGEMENT,PUNE,2014,26362
GE,MIT COLLEGE OF ENGINEERING,PUNE,2014,725065
MICROSOFT,COLLEGE OF ENGINEERING PUNE,PUNE,2016,412401
ORIENT TECHNOLOGIES,COLLEGE OF ENGINEERING PUNE,PUNE,2015,27111
INDUS VALLEY PARTNERS,DWARKADAS J. SANGHVI COLLEGE OF ENGINEERING,MUMBAI,2014,30753
ECLINICALWORKS,ALAMURI RATNAMALA INSTITUTE OF ENGINEERING & TECHNOLOGY,THANE,2015,597715
MICROSOFT,PILLAI HOC COLLEGE OF ENGINEERING AND TECHNOLOGY,NAVI MUMBAI,2015,1141048
XL DYNAMICS,VEERMATA JIJABAI TECHNOLOGICAL INSTITUTE,MUMBAI,2016,373857
SIEMENS,PILLAI HOC COLLEGE OF ENGINEERING AND TECHNOLOGY,NAVI MUMBAI,2014,484414
UBS,VEERMATA JIJABAI TECHNOLOGICAL INSTITUTE,MUMBAI,2018,370255
NEOSOFT TECHNOLOGIES,VEERMATA JIJABAI TECHNOLOGICAL INSTITUTE,MUMBAI,2017,475560
MINDTREE,VISHWAKARMA INSTITUTE OF TECHNOLOGY,PUNE,2018,17733
VPHRASE,LOKMANYA TILAK COLLEGE OF ENGINEERING,NAVI MUMBAI,2018,409027
UGAM,PUNE INSTITUTE OF COMPUTER TECHNOLOGY,PUNE,2018,815384
CAPITA,ARMY INSTITUTE OF TECHNOLOGY,PUNE,2015,572707
WNS,PILLAI HOC COLLEGE OF ENGINEERING AND TECHNOLOGY,NAVI MUMBAI,2018,470358
MASTEK,COLLEGE OF ENGINEERING PUNE,PUNE,2018,297740
LIONBRIDGE,PUNE INSTITUTE OF COMPUTER TECHNOLOGY,PUNE,2015,44972
MPHASIS,PILLAI COLLEGE OF ENGINEERING,NAVI MUMBAI,2015,723189
MICROSOFT,K. J. SOMAIYA COLLEGE OF ENGINEERING,MUMBAI,2018,1176245
AMDOCS,BHARATI VIDYAPEETH COLLEGE OF ENGINEERING,PUNE,2016,752405
AMAZON,LOKMANYA TILAK COLLEGE OF ENGINEERING,NAVI MUMBAI,2015,20498
TIBCO SOFTWARE,"SHREE RAMCHANDRA COLLEGE OF ENGINEERING,PUNE",PUNE,2016,599651
NVIDIA,DWARKADAS J. SANGHVI COLLEGE OF ENGINEERING,MUMBAI,2017,248679
NSEIT,K. J. SOMAIYA COLLEGE OF ENGINEERING,MUMBAI,2018,50000
XORIANT,INDIRA COLLEGE OF ENGINEERING AND MANAGEMENT,PUNE,2018,657673
RAJA SOFTWARE LABS,DWARKADAS J. SANGHVI COLLEGE OF ENGINEERING,MUMBAI,2018,434536
IBM,SMT. INDIRA GANDHI COLLEGE OF ENGINEERING,NAVI MUMBAI,2016,367378
CMS IT SERVICES,ALAMURI RATNAMALA INSTITUTE OF ENGINEERING & TECHNOLOGY,THANE,2016,439440
TECH MAHINDRA,PUNE INSTITUTE OF COMPUTER TECHNOLOGY,PUNE,2017,475125
SABA SOFTWARE,PILLAI HOC COLLEGE OF ENGINEERING AND TECHNOLOGY,NAVI MUMBAI,2015,710787
IDBI INTECH,ALAMURI RATNAMALA INSTITUTE OF ENGINEERING & TECHNOLOGY,THANE,2015,544975
ACCENTURE,K. J. SOMAIYA COLLEGE OF ENGINEERING,MUMBAI,2015,302541
MORGAN STANLEY,SMT. INDIRA GANDHI COLLEGE OF ENGINEERING,NAVI MUMBAI,2014,499991
INDUS VALLEY PARTNERS,ALAMURI RATNAMALA INSTITUTE OF ENGINEERING & TECHNOLOGY,THANE,2018,30635
GENPACT,"TRINITY COLLEGE OF ENGINEERING AND RESEARCH,PUNE",PUNE,2015,619943
WIPRO,PILLAI HOC COLLEGE OF ENGINEERING AND TECHNOLOGY,NAVI MUMBAI,2018,489433
CYBAGE SOFTWARE,PILLAI HOC COLLEGE OF ENGINEERING AND TECHNOLOGY,NAVI MUMBAI,2016,615389
NUCSOFT,K. J. SOMAIYA COLLEGE OF ENGINEERING,MUMBAI,2016,232256
ACCENTURE,COLLEGE OF ENGINEERING PUNE,PUNE,2016,291837
MINDTREE,SMT. INDIRA GANDHI COLLEGE OF ENGINEERING,NAVI MUMBAI,2015,17222
XORIANT,PILLAI HOC COLLEGE OF ENGINEERING AND TECHNOLOGY,NAVI MUMBAI,2014,643844
HEXAWARE TECHNOLOGIES,VEERMATA JIJABAI TECHNOLOGICAL INSTITUTE,MUMBAI,2015,758341
ECLINICALWORKS,BHARATI VIDYAPEETH COLLEGE OF ENGINEERING,PUNE,2018,343078
ZENITH SYSTEM SOLUTIONS,RAMRAO ADIK INSTITUTE OF TECHNOLOGY,NAVI MUMBAI,2016,575413
NUCSOFT,PILLAI HOC COLLEGE OF ENGINEERING AND TECHNOLOGY,NAVI MUMBAI,2017,226194
JOHNSON CONTROLS,INDIRA COLLEGE OF ENGINEERING AND MANAGEMENT,PUNE,2017,1005702
TATA CONSULTANCY SERVICES,K. J. SOMAIYA COLLEGE OF ENGINEERING,MUMBAI,2016,358549
MIRRAW,DWARKADAS J. SANGHVI COLLEGE OF ENGINEERING,MUMBAI,2017,30424
AMDOCS,ARMY INSTITUTE OF TECHNOLOGY,PUNE,2014,664255
BANK OF AMERICA,SMT. INDIRA GANDHI COLLEGE OF ENGINEERING,NAVI MUMBAI,2016,782869
ORACLE,"SHREE RAMCHANDRA COLLEGE OF ENGINEERING,PUNE",PUNE,2016,740889
ACCENTURE,XAVIER INSTITUTE OF ENGINEERING,MUMBAI,2014,293856
QUANTIPHI,DHOLE PATIL COLLEGE OF ENGINEERING PUNE,PUNE,2018,31045
GEOMETRIC SOFTWARE SOLUTIONS,RAMRAO ADIK INSTITUTE OF TECHNOLOGY,NAVI MUMBAI,2016,343678
TCS,DWARKADAS J. SANGHVI COLLEGE OF ENGINEERING,MUMBAI,2017,363745
TATA CONSULTANCY SERVICES,K. J. SOMAIYA COLLEGE OF ENGINEERING,MUMBAI,2016,751570
MU SIGMA,ARMY INSTITUTE OF TECHNOLOGY,PUNE,2016,343877
MILES SOFTWARE,ARMY INSTITUTE OF TECHNOLOGY,PUNE,2017,346240
NUCSOFT,SMT. INDIRA GANDHI COLLEGE OF ENGINEERING,NAVI MUMBAI,2018,30366
MEDIA.NET,DWARKADAS J. SANGHVI COLLEGE OF ENGINEERING,MUMBAI,2018,574906
VPHRASE,PUNE INSTITUTE OF COMPUTER TECHNOLOGY,PUNE,2014,407806
ZENSAR TECHNOLOGIES,"TRINITY COLLEGE OF ENGINEERING AND RESEARCH,PUNE",PUNE,2018,1114263
BHARAT PETROLEUM,THAKUR COLLEGE OF ENGINEERING AND TECHNOLOGY,MUMBAI,2016,375328
HURIX,ALAMURI RATNAMALA INSTITUTE OF ENGINEERING & TECHNOLOGY,THANE,2017,878496
CYBAGE SOFTWARE,DWARKADAS J. SANGHVI COLLEGE OF ENGINEERING,MUMBAI,2015,599854
NEWGEN SOFTWARE,PUNE INSTITUTE OF COMPUTER TECHNOLOGY,PUNE,2017,435238
NUCSOFT,"TRINITY COLLEGE OF ENGINEERING AND RESEARCH,PUNE",PUNE,2017,29215
IBM,"TRINITY COLLEGE OF ENGINEERING AND RESEARCH,PUNE",PUNE,2018,372764
IBM INDIA,RAMRAO ADIK INSTITUTE OF TECHNOLOGY,NAVI MUMBAI,2014,555949
ARK TECHNOSOLUTIONS,THADOMAL SHAHANI ENGINEERING COLLEGE,MUMBAI,2014,1137724
AMAZON,PILLAI COLLEGE OF ENGINEERING,NAVI MUMBAI,2018,435412
YAHOO,MIT COLLEGE OF ENGINEERING,PUNE,2017,370907
DIRECTI,VISHWAKARMA INSTITUTE OF TECHNOLOGY,PUNE,2016,1681980
INFOGAIN,DWARKADAS J. SANGHVI COLLEGE OF ENGINEERING,MUMBAI,2018,226267
MAJESCO,"DR. D. Y. PATIL VIDYAPEETH, PUNE",PUNE,2015,489600
SIEMENS,THAKUR COLLEGE OF ENGINEERING AND TECHNOLOGY,MUMBAI,2018,474489
MAJESCO,MIT COLLEGE OF ENGINEERING,PUNE,2016,431836
BHARAT PETROLEUM,PILLAI HOC COLLEGE OF ENGINEERING AND TECHNOLOGY,NAVI MUMBAI,2017,378429
SIEMENS,VEERMATA JIJABAI TECHNOLOGICAL INSTITUTE,MUMBAI,2018,495501
JOHNSON CONTROLS,DWARKADAS J. SANGHVI COLLEGE OF ENGINEERING,MUMBAI,2016,990552
LTI,VEERMATA JIJABAI TECHNOLOGICAL INSTITUTE,MUMBAI,2017,1258932
ENDURANCE INTERNATIONAL GROUP,XAVIER INSTITUTE OF ENGINEERING,MUMBAI,2017,769368
INDUS VALLEY PARTNERS,INDIRA COLLEGE OF ENGINEERING AND MANAGEMENT,PUNE,2014,779919
VERIZON,ALAMURI RATNAMALA INSTITUTE OF ENGINEERING & TECHNOLOGY,THANE,2017,568475
NEWGEN SOFTWARE,"DR. D. Y. PATIL VIDYAPEETH, PUNE",PUNE,2018,708060
UGAM,ALAMURI RATNAMALA INSTITUTE OF ENGINEERING & TECHNOLOGY,THANE,2014,546791
SABA SOFTWARE,COLLEGE OF ENGINEERING PUNE,PUNE,2016,718821
ECLINICALWORKS,MIT COLLEGE OF ENGINEERING,PUNE,2017,348355
INFOSYS,XAVIER INSTITUTE OF ENGINEERING,MUMBAI,2017,631562
ACCENTURE,ARMY INSTITUTE OF TECHNOLOGY,PUNE,2018,664502
VPHRASE,ARMY INSTITUTE OF TECHNOLOGY,PUNE,2016,407091
INDUS VALLEY PARTNERS,K. J. SOMAIYA COLLEGE OF ENGINEERING,MUMBAI,2015,29626
GEP,"TRINITY COLLEGE OF ENGINEERING AND RESEARCH,PUNE",PUNE,2016,772221
ECLERX,DWARKADAS J. SANGHVI COLLEGE OF ENGINEERING,MUMBAI,2018,44053
CMS IT SERVICES,ALAMURI RATNAMALA INSTITUTE OF ENGINEERING & TECHNOLOGY,THANE,2017,448041
ORACLE,INDIRA COLLEGE OF ENGINEERING AND MANAGEMENT,PUNE,2018,485375
CREDIT SUISSE,PUNE INSTITUTE OF COMPUTER TECHNOLOGY,PUNE,2017,957887
RAJA SOFTWARE LABS,VISHWAKARMA INSTITUTE OF TECHNOLOGY,PUNE,2014,434139
INFOSYS,PILLAI COLLEGE OF ENGINEERING,NAVI MUMBAI,2018,470498
IGATE,VISHWAKARMA INSTITUTE OF TECHNOLOGY,PUNE,2018,29322
SIEMENS,PUNE INSTITUTE OF COMPUTER TECHNOLOGY,PUNE,2017,495501
GENPACT,K. J. SOMAIYA COLLEGE OF ENGINEERING,MUMBAI,2014,636054
ORACLE,"TRINITY COLLEGE OF ENGINEERING AND RESEARCH,PUNE",PUNE,2016,733404
OSP LABS,PILLAI COLLEGE OF ENGINEERING,NAVI MUMBAI,2018,861754
WNS,"DR. D. Y. PATIL VIDYAPEETH, PUNE",PUNE,2018,458379
MAJESCO,XAVIER INSTITUTE OF ENGINEERING,MUMBAI,2015,473702
NUCSOFT,DHOLE PATIL COLLEGE OF ENGINEERING PUNE,PUNE,2017,29510
MORGAN STANLEY,DWARKADAS J. SANGHVI COLLEGE OF ENGINEERING,MUMBAI,2017,1764982
INFOSYS,VEERMATA JIJABAI TECHNOLOGICAL INSTITUTE,MUMBAI,2016,477731
MAJESCO,DWARKADAS J. SANGHVI COLLEGE OF ENGINEERING,MUMBAI,2016,490311
TATA CONSULTANCY SERVICES,ALAMURI RATNAMALA INSTITUTE OF ENGINEERING & TECHNOLOGY,THANE,2017,358287
CLOVER INFOTECH,PILLAI HOC COLLEGE OF ENGINEERING AND TECHNOLOGY,NAVI MUMBAI,2018,17264
RUBIQUE,COLLEGE OF ENGINEERING PUNE,PUNE,2018,1001186
SYNTROSYS,XAVIER INSTITUTE OF ENGINEERING,MUMBAI,2015,930061
CIMPRESS,COLLEGE OF ENGINEERING PUNE,PUNE,2015,841868
NSEIT,SMT. INDIRA GANDHI COLLEGE OF ENGINEERING,NAVI MUMBAI,2017,58812
MILES SOFTWARE,SMT. INDIRA GANDHI COLLEGE OF ENGINEERING,NAVI MUMBAI,2015,348337
MASTEK,THAKUR COLLEGE OF ENGINEERING AND TECHNOLOGY,MUMBAI,2016,305612
TATA,THADOMAL SHAHANI ENGINEERING COLLEGE,MUMBAI,2018,95866
TIBCO SOFTWARE,SMT. INDIRA GANDHI COLLEGE OF ENGINEERING,NAVI MUMBAI,2015,573291
MAQ SOFTWARE,DWARKADAS J. SANGHVI COLLEGE OF ENGINEERING,MUMBAI,2016,1658606
SAP,COLLEGE OF ENGINEERING PUNE,PUNE,2018,58812
MASTEK,INDIRA COLLEGE OF ENGINEERING AND MANAGEMENT,PUNE,2017,38502
NUCSOFT,LOKMANYA TILAK COLLEGE OF ENGINEERING,NAVI MUMBAI,2018,29854
ATIDAN,ALAMURI RATNAMALA INSTITUTE OF ENGINEERING & TECHNOLOGY,THANE,2017,815946
INFOSYS,"DR. D. Y. PATIL VIDYAPEETH, PUNE",PUNE,2014,477310
CYBAGE SOFTWARE,PUNE INSTITUTE OF COMPUTER TECHNOLOGY,PUNE,2017,602154
MAJESCO,COLLEGE OF ENGINEERING PUNE,PUNE,2014,489414
ENDURANCE INTERNATIONAL GROUP,DHOLE PATIL COLLEGE OF ENGINEERING PUNE,PUNE,2016,771234
MICROSOFT,MIT COLLEGE OF ENGINEERING,PUNE,2017,420747
DELOITTE,VISHWAKARMA INSTITUTE OF TECHNOLOGY,PUNE,2018,725274
CAPGEMINI,VISHWAKARMA INSTITUTE OF TECHNOLOGY,PUNE,2017,385519
INDUS VALLEY PARTNERS,RAMRAO ADIK INSTITUTE OF TECHNOLOGY,NAVI MUMBAI,2017,29476
MAQ SOFTWARE,"DR. D. Y. PATIL VIDYAPEETH, PUNE",PUNE,2018,1656475
MASTEK,MIT COLLEGE OF ENGINEERING,PUNE,2017,304186
ECLERX,INDIRA COLLEGE OF ENGINEERING AND MANAGEMENT,PUNE,2014,44280
SCHNEIDER ELECTRIC,SMT. INDIRA GANDHI COLLEGE OF ENGINEERING,NAVI MUMBAI,2018,456184
INFORMATICA,DWARKADAS J. SANGHVI COLLEGE OF ENGINEERING,MUMBAI,2018,376497
PROTEGRITY,VEERMATA JIJABAI TECHNOLOGICAL INSTITUTE,MUMBAI,2016,1176245
QUALITYKIOSK,PILLAI COLLEGE OF ENGINEERING,NAVI MUMBAI,2018,26751
LARSEN & TOUBRO,THAKUR COLLEGE OF ENGINEERING AND TECHNOLOGY,MUMBAI,2016,1731931
QUINNOX,PILLAI HOC COLLEGE OF ENGINEERING AND TECHNOLOGY,NAVI MUMBAI,2016,447934
ATIDAN,PILLAI HOC COLLEGE OF ENGINEERING AND TECHNOLOGY,NAVI MUMBAI,2015,840254
LARSEN & TOUBRO,VEERMATA JIJABAI TECHNOLOGICAL INSTITUTE,MUMBAI,2015,1712854
TIBCO SOFTWARE,BHARATI VIDYAPEETH COLLEGE OF ENGINEERING,PUNE,2015,1260431
INFOSYS,MIT COLLEGE OF ENGINEERING,PUNE,2016,479772
GOOGLE,DWARKADAS J. SANGHVI COLLEGE OF ENGINEERING,MUMBAI,2015,53950
AMDOCS,DWARKADAS J. SANGHVI COLLEGE OF ENGINEERING,MUMBAI,2014,692333
UGAM,VISHWAKARMA INSTITUTE OF TECHNOLOGY,PUNE,2018,535465
TECH MAHINDRA,PILLAI HOC COLLEGE OF ENGINEERING AND TECHNOLOGY,NAVI MUMBAI,2018,485992
NEWGEN SOFTWARE,DWARKADAS J. SANGHVI COLLEGE OF ENGINEERING,MUMBAI,2018,438254
ZYCUS,PILLAI HOC COLLEGE OF ENGINEERING AND TECHNOLOGY,NAVI MUMBAI,2014,17410
ATIDAN,LOKMANYA TILAK COLLEGE OF ENGINEERING,NAVI MUMBAI,2017,939068
GEP,ALAMURI RATNAMALA INSTITUTE OF ENGINEERING & TECHNOLOGY,THANE,2014,735331
INFIBEAM,MIT COLLEGE OF ENGINEERING,PUNE,2015,180514
GE,ALAMURI RATNAMALA INSTITUTE OF ENGINEERING & TECHNOLOGY,THANE,2016,706273
RAJA SOFTWARE LABS,SMT. INDIRA GANDHI COLLEGE OF ENGINEERING,NAVI MUMBAI,2015,435036
DIRECTI,PILLAI HOC COLLEGE OF ENGINEERING AND TECHNOLOGY,NAVI MUMBAI,2017,1666324
XORIANT,VISHWAKARMA INSTITUTE OF TECHNOLOGY,PUNE,2018,434944
ACCENTURE,XAVIER INSTITUTE OF ENGINEERING,MUMBAI,2017,665752
WIPRO,VISHWAKARMA INSTITUTE OF TECHNOLOGY,PUNE,2018,487613
CMS IT SERVICES,BHARATI VIDYAPEETH COLLEGE OF ENGINEERING,PUNE,2018,440004
WIPRO,SMT. INDIRA GANDHI COLLEGE OF ENGINEERING,NAVI MUMBAI,2015,495010
SIEMENS,DWARKADAS J. SANGHVI COLLEGE OF ENGINEERING,MUMBAI,2017,494741
ADOBE,"TRINITY COLLEGE OF ENGINEERING AND RESEARCH,PUNE",PUNE,2017,112074
SABA SOFTWARE,VISHWAKARMA INSTITUTE OF TECHNOLOGY,PUNE,2018,709027
BHARAT PETROLEUM,XAVIER INSTITUTE OF ENGINEERING,MUMBAI,2018,372145
SCHNEIDER ELECTRIC,"TRINITY COLLEGE OF ENGINEERING AND RESEARCH,PUNE",PUNE,2018,443019
NUCSOFT,SMT. INDIRA GANDHI COLLEGE OF ENGINEERING,NAVI MUMBAI,2016,231689
MPHASIS,PILLAI HOC COLLEGE OF ENGINEERING AND TECHNOLOGY,NAVI MUMBAI,2018,710194
ACCENTURE,SMT. INDIRA GANDHI COLLEGE OF ENGINEERING,NAVI MUMBAI,2016,301377
INGRAM MICRO,THAKUR COLLEGE OF ENGINEERING AND TECHNOLOGY,MUMBAI,2014,362777
ENDURANCE INTERNATIONAL GROUP,ALAMURI RATNAMALA INSTITUTE OF ENGINEERING & TECHNOLOGY,THANE,2017,763283
MASTEK,DWARKADAS J. SANGHVI COLLEGE OF ENGINEERING,MUMBAI,2014,298015
MICROSOFT,PILLAI HOC COLLEGE OF ENGINEERING AND TECHNOLOGY,NAVI MUMBAI,2018,1182513
UBS,"SHREE RAMCHANDRA COLLEGE OF ENGINEERING,PUNE",PUNE,2016,376823
MASTEK,RAMRAO ADIK INSTITUTE OF TECHNOLOGY,NAVI MUMBAI,2015,314273
IGATE,THAKUR COLLEGE OF ENGINEERING AND TECHNOLOGY,MUMBAI,2017,31388
TCS,PUNE INSTITUTE OF COMPUTER TECHNOLOGY,PUNE,2016,363745
CIMPRESS,DWARKADAS J. SANGHVI COLLEGE OF ENGINEERING,MUMBAI,2016,1398773
MORGAN STANLEY,DWARKADAS J. SANGHVI COLLEGE OF ENGINEERING,MUMBAI,2016,1764982
SIEMENS,ALAMURI RATNAMALA INSTITUTE OF ENGINEERING & TECHNOLOGY,THANE,2017,508594
WIPRO,DWARKADAS J. SANGHVI COLLEGE OF ENGINEERING,MUMBAI,2018,482653
NUCSOFT,LOKMANYA TILAK COLLEGE OF ENGINEERING,NAVI MUMBAI,2018,225812
INFOSYS,ALAMURI RATNAMALA INSTITUTE OF ENGINEERING & TECHNOLOGY,THANE,2018,629116
ECLERX,VISHWAKARMA INSTITUTE OF TECHNOLOGY,PUNE,2016,45612
NVIDIA,DWARKADAS J. SANGHVI COLLEGE OF ENGINEERING,MUMBAI,2018,22733
ACCENTURE,DHOLE PATIL COLLEGE OF ENGINEERING PUNE,PUNE,2014,659475
GODREJ INFOTECH,INDIRA COLLEGE OF ENGINEERING AND MANAGEMENT,PUNE,2017,385713
TECH MAHINDRA,PILLAI HOC COLLEGE OF ENGINEERING AND TECHNOLOGY,NAVI MUMBAI,2018,29854
ATIDAN,XAVIER INSTITUTE OF ENGINEERING,MUMBAI,2016,929346
CIMPRESS,DHOLE PATIL COLLEGE OF ENGINEERING PUNE,PUNE,2017,1346443
ACCENTURE,THADOMAL SHAHANI ENGINEERING COLLEGE,MUMBAI,2017,306588
BNP PARIBAS,SMT. INDIRA GANDHI COLLEGE OF ENGINEERING,NAVI MUMBAI,2014,37855
LIONBRIDGE,ALAMURI RATNAMALA INSTITUTE OF ENGINEERING & TECHNOLOGY,THANE,2015,43470
JOHNSON CONTROLS,VISHWAKARMA INSTITUTE OF TECHNOLOGY,PUNE,2016,807428
ACCENTURE,COLLEGE OF ENGINEERING PUNE,PUNE,2014,659973
GE,PUNE INSTITUTE OF COMPUTER TECHNOLOGY,PUNE,2014,523851
MPHASIS,VEERMATA JIJABAI TECHNOLOGICAL INSTITUTE,MUMBAI,2017,490568
AMAZON,"DR. D. Y. PATIL VIDYAPEETH, PUNE",PUNE,2018,442378
TATA,COLLEGE OF ENGINEERING PUNE,PUNE,2015,98232
WEATHERFORD,DHOLE PATIL COLLEGE OF ENGINEERING PUNE,PUNE,2018,508278
GODREJ INFOTECH,DHOLE PATIL COLLEGE OF ENGINEERING PUNE,PUNE,2018,379239
QUALITYKIOSK,ALAMURI RATNAMALA INSTITUTE OF ENGINEERING & TECHNOLOGY,THANE,2015,31408
INFOGAIN,PUNE INSTITUTE OF COMPUTER TECHNOLOGY,PUNE,2018,227529
INFIBEAM,PUNE INSTITUTE OF COMPUTER TECHNOLOGY,PUNE,2015,178217
JIO,XAVIER INSTITUTE OF ENGINEERING,MUMBAI,2018,736752
WISDMLABS,"SHREE RAMCHANDRA COLLEGE OF ENGINEERING,PUNE",PUNE,2017,471874
IBM INDIA,PUNE INSTITUTE OF COMPUTER TECHNOLOGY,PUNE,2018,578184
CLOVER INFOTECH,VEERMATA JIJABAI TECHNOLOGICAL INSTITUTE,MUMBAI,2014,384780
IBM,ARMY INSTITUTE OF TECHNOLOGY,PUNE,2015,450904
BOOKMYSHOW,MIT COLLEGE OF ENGINEERING,PUNE,2017,368699
INFOSYS,PILLAI COLLEGE OF ENGINEERING,NAVI MUMBAI,2016,457827
WIPRO,ALAMURI RATNAMALA INSTITUTE OF ENGINEERING & TECHNOLOGY,THANE,2017,482653
MIRRAW,MIT COLLEGE OF ENGINEERING,PUNE,2018,30914
WIPRO,THADOMAL SHAHANI ENGINEERING COLLEGE,MUMBAI,2017,491570
AMAZON,MIT COLLEGE OF ENGINEERING,PUNE,2015,20096
ZYCUS,THADOMAL SHAHANI ENGINEERING COLLEGE,MUMBAI,2015,41164
QUINNOX,"SHREE RAMCHANDRA COLLEGE OF ENGINEERING,PUNE",PUNE,2015,446973
IDBI INTECH,COLLEGE OF ENGINEERING PUNE,PUNE,2016,547140
INDUS VALLEY PARTNERS,DWARKADAS J. SANGHVI COLLEGE OF ENGINEERING,MUMBAI,2018,29996
XORIANT,ALAMURI RATNAMALA INSTITUTE OF ENGINEERING & TECHNOLOGY,THANE,2016,665911
ZENSAR TECHNOLOGIES,VISHWAKARMA INSTITUTE OF TECHNOLOGY,PUNE,2017,1090975
RAJA SOFTWARE LABS,PUNE INSTITUTE OF COMPUTER TECHNOLOGY,PUNE,2018,444669
CYBAGE SOFTWARE,"DR. D. Y. PATIL VIDYAPEETH, PUNE",PUNE,2017,582393
CAPGEMINI,VISHWAKARMA INSTITUTE OF TECHNOLOGY,PUNE,2015,396690
MAQ SOFTWARE,PILLAI HOC COLLEGE OF ENGINEERING AND TECHNOLOGY,NAVI MUMBAI,2018,760901
MAQ SOFTWARE,LOKMANYA TILAK COLLEGE OF ENGINEERING,NAVI MUMBAI,2017,1676469
ECLINICALWORKS,BHARATI VIDYAPEETH COLLEGE OF ENGINEERING,PUNE,2018,597715
GODREJ INFOTECH,BHARATI VIDYAPEETH COLLEGE OF ENGINEERING,PUNE,2017,379558
ECLINICALWORKS,DWARKADAS J. SANGHVI COLLEGE OF ENGINEERING,MUMBAI,2015,588300
TATA,DWARKADAS J. SANGHVI COLLEGE OF ENGINEERING,MUMBAI,2018,95774
GEP,SMT. INDIRA GANDHI COLLEGE OF ENGINEERING,NAVI MUMBAI,2018,717852
MORGAN STANLEY,PILLAI COLLEGE OF ENGINEERING,NAVI MUMBAI,2015,502198
LIONBRIDGE,BHARATI VIDYAPEETH COLLEGE OF ENGINEERING,PUNE,2015,44037
HURIX,ALAMURI RATNAMALA INSTITUTE OF ENGINEERING & TECHNOLOGY,THANE,2017,919076
WIPRO,VISHWAKARMA INSTITUTE OF TECHNOLOGY,PUNE,2017,488346
MASTEK,SMT. INDIRA GANDHI COLLEGE OF ENGINEERING,NAVI MUMBAI,2014,39877
IGATE,INDIRA COLLEGE OF ENGINEERING AND MANAGEMENT,PUNE,2016,30151
SCHNEIDER ELECTRIC,RAMRAO ADIK INSTITUTE OF TECHNOLOGY,NAVI MUMBAI,2016,443321
JOHNSON CONTROLS,BHARATI VIDYAPEETH COLLEGE OF ENGINEERING,PUNE,2015,805706
CLOVER INFOTECH,XAVIER INSTITUTE OF ENGINEERING,MUMBAI,2016,17444
CLOVER INFOTECH,INDIRA COLLEGE OF ENGINEERING AND MANAGEMENT,PUNE,2018,17845
IDBI INTECH,THAKUR COLLEGE OF ENGINEERING AND TECHNOLOGY,MUMBAI,2018,543063
AXIS BANK,PILLAI HOC COLLEGE OF ENGINEERING AND TECHNOLOGY,NAVI MUMBAI,2015,591615
UGAM,K. J. SOMAIYA COLLEGE OF ENGINEERING,MUMBAI,2018,519811
IGATE,INDIRA COLLEGE OF ENGINEERING AND MANAGEMENT,PUNE,2015,30808
BNP PARIBAS,ARMY INSTITUTE OF TECHNOLOGY,PUNE,2018,54411
XORIANT,XAVIER INSTITUTE OF ENGINEERING,MUMBAI,2018,657673
ADOBE,LOKMANYA TILAK COLLEGE OF ENGINEERING,NAVI MUMBAI,2014,108493
UGAM,ARMY INSTITUTE OF TECHNOLOGY,PUNE,2017,785762
VERIZON,"TRINITY COLLEGE OF ENGINEERING AND RESEARCH,PUNE",PUNE,2018,554151
ECLINICALWORKS,INDIRA COLLEGE OF ENGINEERING AND MANAGEMENT,PUNE,2016,580577
IDBI INTECH,PILLAI HOC COLLEGE OF ENGINEERING AND TECHNOLOGY,NAVI MUMBAI,2018,384639
QUINNOX,DWARKADAS J. SANGHVI COLLEGE OF ENGINEERING,MUMBAI,2014,785954
CYBAGE SOFTWARE,"DR. D. Y. PATIL VIDYAPEETH, PUNE",PUNE,2016,597715
BANK OF AMERICA,THADOMAL SHAHANI ENGINEERING COLLEGE,MUMBAI,2018,817719
XL DYNAMICS,PILLAI HOC COLLEGE OF ENGINEERING AND TECHNOLOGY,NAVI MUMBAI,2014,379569
VISA INC.,DHOLE PATIL COLLEGE OF ENGINEERING PUNE,PUNE,2014,1192310
RAJA SOFTWARE LABS,VEERMATA JIJABAI TECHNOLOGICAL INSTITUTE,MUMBAI,2014,438722
BOOKMYSHOW,PILLAI HOC COLLEGE OF ENGINEERING AND TECHNOLOGY,NAVI MUMBAI,2018,356925
QUINNOX,INDIRA COLLEGE OF ENGINEERING AND MANAGEMENT,PUNE,2017,782633
NEWGEN SOFTWARE,ARMY INSTITUTE OF TECHNOLOGY,PUNE,2017,432069
NEOSOFT,COLLEGE OF ENGINEERING PUNE,PUNE,2018,503728
CREDIT SUISSE,"DR. D. Y. PATIL VIDYAPEETH, PUNE",PUNE,2015,982573
CMS IT SERVICES,"SHREE RAMCHANDRA COLLEGE OF ENGINEERING,PUNE",PUNE,2014,430717
SAP,DWARKADAS J. SANGHVI COLLEGE OF ENGINEERING,MUMBAI,2016,821437
CROMPTON GREAVES,DWARKADAS J. SANGHVI COLLEGE OF ENGINEERING,MUMBAI,2016,256318
MU SIGMA,VEERMATA JIJABAI TECHNOLOGICAL INSTITUTE,MUMBAI,2016,343810
VISA INC.,THADOMAL SHAHANI ENGINEERING COLLEGE,MUMBAI,2014,1144604
UBS,BHARATI VIDYAPEETH COLLEGE OF ENGINEERING,PUNE,2015,1786068
XORIANT,THAKUR COLLEGE OF ENGINEERING AND TECHNOLOGY,MUMBAI,2017,641215
TCS,PILLAI HOC COLLEGE OF ENGINEERING AND TECHNOLOGY,NAVI MUMBAI,2018,362830
INDUS VALLEY PARTNERS,ALAMURI RATNAMALA INSTITUTE OF ENGINEERING & TECHNOLOGY,THANE,2016,796752
ACCENTURE,"TRINITY COLLEGE OF ENGINEERING AND RESEARCH,PUNE",PUNE,2018,299512
CAPITA,XAVIER INSTITUTE OF ENGINEERING,MUMBAI,2017,589966
HEXAWARE TECHNOLOGIES,PUNE INSTITUTE OF COMPUTER TECHNOLOGY,PUNE,2017,30126
MPHASIS,"TRINITY COLLEGE OF ENGINEERING AND RESEARCH,PUNE",PUNE,2017,495462
BOOKMYSHOW,VISHWAKARMA INSTITUTE OF TECHNOLOGY,PUNE,2014,363305
KPIT TECHNOLOGIES,SMT. INDIRA GANDHI COLLEGE OF ENGINEERING,NAVI MUMBAI,2016,798619
XORIANT,PILLAI COLLEGE OF ENGINEERING,NAVI MUMBAI,2014,641329
MICROSOFT,RAMRAO ADIK INSTITUTE OF TECHNOLOGY,NAVI MUMBAI,2015,408523
CMC,ALAMURI RATNAMALA INSTITUTE OF ENGINEERING & TECHNOLOGY,THANE,2017,437375
BNP PARIBAS,PUNE INSTITUTE OF COMPUTER TECHNOLOGY,PUNE,2016,52712
INFOSYS,VISHWAKARMA INSTITUTE OF TECHNOLOGY,PUNE,2018,470498
NVIDIA,XAVIER INSTITUTE OF ENGINEERING,MUMBAI,2018,22327
CALSOFT,INDIRA COLLEGE OF ENGINEERING AND MANAGEMENT,PUNE,2016,16864
ACCENTURE,COLLEGE OF ENGINEERING PUNE,PUNE,2018,299512
MPHASIS,THAKUR COLLEGE OF ENGINEERING AND TECHNOLOGY,MUMBAI,2014,469899
CMS IT SERVICES,LOKMANYA TILAK COLLEGE OF ENGINEERING,NAVI MUMBAI,2016,450187
NUCSOFT,ARMY INSTITUTE OF TECHNOLOGY,PUNE,2016,231050
NVIDIA,ARMY INSTITUTE OF TECHNOLOGY,PUNE,2018,247242
SYMANTEC,BHARATI VIDYAPEETH COLLEGE OF ENGINEERING,PUNE,2016,1765373
QUINNOX,VISHWAKARMA INSTITUTE OF TECHNOLOGY,PUNE,2017,439339
INFOSYS,PILLAI HOC COLLEGE OF ENGINEERING AND TECHNOLOGY,NAVI MUMBAI,2018,632196
TCS,ALAMURI RATNAMALA INSTITUTE OF ENGINEERING & TECHNOLOGY,THANE,2017,358253
MORGAN STANLEY,"DR. D. Y. PATIL VIDYAPEETH, PUNE",PUNE,2017,524229
SAP,PUNE INSTITUTE OF COMPUTER TECHNOLOGY,PUNE,2015,802074
SELEC,ARMY INSTITUTE OF TECHNOLOGY,PUNE,2016,41573
MEDIA.NET,VISHWAKARMA INSTITUTE OF TECHNOLOGY,PUNE,2016,574906
MICROSOFT,RAMRAO ADIK INSTITUTE OF TECHNOLOGY,NAVI MUMBAI,2018,426310
GEOMETRIC,COLLEGE OF ENGINEERING PUNE,PUNE,2018,445320
CROMPTON GREAVES,MIT COLLEGE OF ENGINEERING,PUNE,2017,256741
CMS IT SERVICES,INDIRA COLLEGE OF ENGINEERING AND MANAGEMENT,PUNE,2014,429906
CYBAGE SOFTWARE,VISHWAKARMA INSTITUTE OF TECHNOLOGY,PUNE,2018,592676
ACCENTURE,ALAMURI RATNAMALA INSTITUTE OF ENGINEERING & TECHNOLOGY,THANE,2015,299512
CIMPRESS,PUNE INSTITUTE OF COMPUTER TECHNOLOGY,PUNE,2014,883742
ZENSAR TECHNOLOGIES,PUNE INSTITUTE OF COMPUTER TECHNOLOGY,PUNE,2015,1111007
XL DYNAMICS,ALAMURI RATNAMALA INSTITUTE OF ENGINEERING & TECHNOLOGY,THANE,2018,670685
MU SIGMA,PILLAI HOC COLLEGE OF ENGINEERING AND TECHNOLOGY,NAVI MUMBAI,2016,709027
GE,COLLEGE OF ENGINEERING PUNE,PUNE,2014,511436
WISDMLABS,PUNE INSTITUTE OF COMPUTER TECHNOLOGY,PUNE,2014,461666
KPIT TECHNOLOGIES,ALAMURI RATNAMALA INSTITUTE OF ENGINEERING & TECHNOLOGY,THANE,2014,812857
NUCSOFT,INDIRA COLLEGE OF ENGINEERING AND MANAGEMENT,PUNE,2015,30642
EDELWEISS FINANCIAL SERVICES,ARMY INSTITUTE OF TECHNOLOGY,PUNE,2015,943042
GOOGLE,INDIRA COLLEGE OF ENGINEERING AND MANAGEMENT,PUNE,2015,54735
IGATE,ARMY INSTITUTE OF TECHNOLOGY,PUNE,2016,29886
PROTEGRITY,INDIRA COLLEGE OF ENGINEERING AND MANAGEMENT,PUNE,2016,1149001
INFOGAIN,COLLEGE OF ENGINEERING PUNE,PUNE,2018,229846
QUINNOX,K. J. SOMAIYA COLLEGE OF ENGINEERING,MUMBAI,2016,795774
HCL TECHNOLOGIES,K. J. SOMAIYA COLLEGE OF ENGINEERING,MUMBAI,2014,883762
XL DYNAMICS,"TRINITY COLLEGE OF ENGINEERING AND RESEARCH,PUNE",PUNE,2016,693439
DIRECTI,LOKMANYA TILAK COLLEGE OF ENGINEERING,NAVI MUMBAI,2014,1702916
NEWGEN SOFTWARE,THAKUR COLLEGE OF ENGINEERING AND TECHNOLOGY,MUMBAI,2015,707316
BOOKMYSHOW,THAKUR COLLEGE OF ENGINEERING AND TECHNOLOGY,MUMBAI,2017,363632
MILES SOFTWARE,RAMRAO ADIK INSTITUTE OF TECHNOLOGY,NAVI MUMBAI,2014,339631
SCHNEIDER ELECTRIC,VISHWAKARMA INSTITUTE OF TECHNOLOGY,PUNE,2016,455161
CAPGEMINI,MIT COLLEGE OF ENGINEERING,PUNE,2014,388418
ATOS,PUNE INSTITUTE OF COMPUTER TECHNOLOGY,PUNE,2018,710194
BHARAT PETROLEUM,"TRINITY COLLEGE OF ENGINEERING AND RESEARCH,PUNE",PUNE,2015,392968
INFOGAIN,BHARATI VIDYAPEETH COLLEGE OF ENGINEERING,PUNE,2018,230905
MORGAN STANLEY,COLLEGE OF ENGINEERING PUNE,PUNE,2018,515321
SIEMENS,COLLEGE OF ENGINEERING PUNE,PUNE,2016,501416
WISDMLABS,INDIRA COLLEGE OF ENGINEERING AND MANAGEMENT,PUNE,2017,1685005
ADOBE,RAMRAO ADIK INSTITUTE OF TECHNOLOGY,NAVI MUMBAI,2017,112528
XORIANT,ARMY INSTITUTE OF TECHNOLOGY,PUNE,2017,439829
ACCENTURE,THAKUR COLLEGE OF ENGINEERING AND TECHNOLOGY,MUMBAI,2016,664624
BHARAT PETROLEUM,"TRINITY COLLEGE OF ENGINEERING AND RESEARCH,PUNE",PUNE,2015,385946
NSEIT,COLLEGE OF ENGINEERING PUNE,PUNE,2018,58812
ATOS,ALAMURI RATNAMALA INSTITUTE OF ENGINEERING & TECHNOLOGY,THANE,2018,25600
CIMPRESS,K. J. SOMAIYA COLLEGE OF ENGINEERING,MUMBAI,2018,1348137
INFOGAIN,XAVIER INSTITUTE OF ENGINEERING,MUMBAI,2016,225901
TATA,DWARKADAS J. SANGHVI COLLEGE OF ENGINEERING,MUMBAI,2018,94325
CRMNEXT,COLLEGE OF ENGINEERING PUNE,PUNE,2018,26452
YAHOO,PILLAI HOC COLLEGE OF ENGINEERING AND TECHNOLOGY,NAVI MUMBAI,2014,386035
NVIDIA,"SHREE RAMCHANDRA COLLEGE OF ENGINEERING,PUNE",PUNE,2018,253050
QUANTIPHI,PILLAI COLLEGE OF ENGINEERING,NAVI MUMBAI,2017,903228
WISDMLABS,"TRINITY COLLEGE OF ENGINEERING AND RESEARCH,PUNE",PUNE,2017,467626
NEWGEN,THAKUR COLLEGE OF ENGINEERING AND TECHNOLOGY,MUMBAI,2018,11083
NEOSOFT,THAKUR COLLEGE OF ENGINEERING AND TECHNOLOGY,MUMBAI,2014,496218
MEDIA.NET,VISHWAKARMA INSTITUTE OF TECHNOLOGY,PUNE,2016,565618
NEOSOFT,LOKMANYA TILAK COLLEGE OF ENGINEERING,NAVI MUMBAI,2017,508278
XL DYNAMICS,COLLEGE OF ENGINEERING PUNE,PUNE,2015,688666
PROTEGRITY,ARMY INSTITUTE OF TECHNOLOGY,PUNE,2016,53683
XORIANT,DWARKADAS J. SANGHVI COLLEGE OF ENGINEERING,MUMBAI,2016,662965
TIBCO SOFTWARE,SMT. INDIRA GANDHI COLLEGE OF ENGINEERING,NAVI MUMBAI,2018,1260431
MPHASIS,PUNE INSTITUTE OF COMPUTER TECHNOLOGY,PUNE,2015,494365
CAPGEMINI,DWARKADAS J. SANGHVI COLLEGE OF ENGINEERING,MUMBAI,2018,390727
YAHOO,PILLAI HOC COLLEGE OF ENGINEERING AND TECHNOLOGY,NAVI MUMBAI,2014,385040
GOOGLE,SMT. INDIRA GANDHI COLLEGE OF ENGINEERING,NAVI MUMBAI,2014,44676
CAPGEMINI,ARMY INSTITUTE OF TECHNOLOGY,PUNE,2017,381540
LIONBRIDGE,DHOLE PATIL COLLEGE OF ENGINEERING PUNE,PUNE,2018,44037
SABA SOFTWARE,THAKUR COLLEGE OF ENGINEERING AND TECHNOLOGY,MUMBAI,2018,709027
THIRDWARE SOLUTION,LOKMANYA TILAK COLLEGE OF ENGINEERING,NAVI MUMBAI,2015,430881
GOOGLE,DHOLE PATIL COLLEGE OF ENGINEERING PUNE,PUNE,2014,54112
HDFC,VEERMATA JIJABAI TECHNOLOGICAL INSTITUTE,MUMBAI,2015,522974
SIEMENS,DHOLE PATIL COLLEGE OF ENGINEERING PUNE,PUNE,2018,493062
KPIT TECHNOLOGIES,ARMY INSTITUTE OF TECHNOLOGY,PUNE,2014,787987
TATA CONSULTANCY SERVICES,PILLAI COLLEGE OF ENGINEERING,NAVI MUMBAI,2017,363632
GEP,ARMY INSTITUTE OF TECHNOLOGY,PUNE,2016,749760
MU SIGMA,PILLAI HOC COLLEGE OF ENGINEERING AND TECHNOLOGY,NAVI MUMBAI,2018,345454
MEDIA.NET,DHOLE PATIL COLLEGE OF ENGINEERING PUNE,PUNE,2014,1394767
HEXAWARE TECHNOLOGIES,ALAMURI RATNAMALA INSTITUTE OF ENGINEERING & TECHNOLOGY,THANE,2018,31031
TATA,THAKUR COLLEGE OF ENGINEERING AND TECHNOLOGY,MUMBAI,2014,97070
NSEIT,PILLAI HOC COLLEGE OF ENGINEERING AND TECHNOLOGY,NAVI MUMBAI,2014,50000
RAJA SOFTWARE LABS,ALAMURI RATNAMALA INSTITUTE OF ENGINEERING & TECHNOLOGY,THANE,2016,443991
AMDOCS,"SHREE RAMCHANDRA COLLEGE OF ENGINEERING,PUNE",PUNE,2018,758334
BNP PARIBAS,DWARKADAS J. SANGHVI COLLEGE OF ENGINEERING,MUMBAI,2014,54152
AMDOCS,THAKUR COLLEGE OF ENGINEERING AND TECHNOLOGY,MUMBAI,2014,753411
INDUS VALLEY PARTNERS,PILLAI HOC COLLEGE OF ENGINEERING AND TECHNOLOGY,NAVI MUMBAI,2018,30105
MEDIA.NET,VISHWAKARMA INSTITUTE OF TECHNOLOGY,PUNE,2014,1387056
INFOSYS,ARMY INSTITUTE OF TECHNOLOGY,PUNE,2014,470498
ATOS,ARMY INSTITUTE OF TECHNOLOGY,PUNE,2014,26184
CREDIT SUISSE,DWARKADAS J. SANGHVI COLLEGE OF ENGINEERING,MUMBAI,2016,306697
TATA COMMUNICATIONS,PUNE INSTITUTE OF COMPUTER TECHNOLOGY,PUNE,2014,367515
CAPGEMINI,THAKUR COLLEGE OF ENGINEERING AND TECHNOLOGY,MUMBAI,2014,385833
YAHOO,PUNE INSTITUTE OF COMPUTER TECHNOLOGY,PUNE,2018,374799
KPIT TECHNOLOGIES,VEERMATA JIJABAI TECHNOLOGICAL INSTITUTE,MUMBAI,2017,778173
QUANTIPHI,COLLEGE OF ENGINEERING PUNE,PUNE,2017,892379
NUCSOFT,DWARKADAS J. SANGHVI COLLEGE OF ENGINEERING,MUMBAI,2017,231265
KPIT TECHNOLOGIES,PUNE INSTITUTE OF COMPUTER TECHNOLOGY,PUNE,2014,815744
TIBCO SOFTWARE,MIT COLLEGE OF ENGINEERING,PUNE,2017,588122
TATA,XAVIER INSTITUTE OF ENGINEERING,MUMBAI,2017,98104
PROTEGRITY,ALAMURI RATNAMALA INSTITUTE OF ENGINEERING & TECHNOLOGY,THANE,2015,52629
UGAM,VISHWAKARMA INSTITUTE OF TECHNOLOGY,PUNE,2017,785327
TCS,INDIRA COLLEGE OF ENGINEERING AND MANAGEMENT,PUNE,2018,363745
ATOS,LOKMANYA TILAK COLLEGE OF ENGINEERING,NAVI MUMBAI,2018,26058
MEDIA.NET,COLLEGE OF ENGINEERING PUNE,PUNE,2014,579872
MILES SOFTWARE,PILLAI HOC COLLEGE OF ENGINEERING AND TECHNOLOGY,NAVI MUMBAI,2017,644772
CAPITA,"DR. D. Y. PATIL VIDYAPEETH, PUNE",PUNE,2014,579967
QAD,LOKMANYA TILAK COLLEGE OF ENGINEERING,NAVI MUMBAI,2018,886642
ACCENTURE,MIT COLLEGE OF ENGINEERING,PUNE,2016,306066
CLOVER INFOTECH,SMT. INDIRA GANDHI COLLEGE OF ENGINEERING,NAVI MUMBAI,2014,17002
XORIANT,VEERMATA JIJABAI TECHNOLOGICAL INSTITUTE,MUMBAI,2014,660708
ECLINICALWORKS,SMT. INDIRA GANDHI COLLEGE OF ENGINEERING,NAVI MUMBAI,2017,348870
ACCENTURE,PILLAI HOC COLLEGE OF ENGINEERING AND TECHNOLOGY,NAVI MUMBAI,2017,677825
VERIZON,THADOMAL SHAHANI ENGINEERING COLLEGE,MUMBAI,2018,554151
DIRECTI,BHARATI VIDYAPEETH COLLEGE OF ENGINEERING,PUNE,2016,1614151
ADOBE,VISHWAKARMA INSTITUTE OF TECHNOLOGY,PUNE,2018,109146
ECLINICALWORKS,ALAMURI RATNAMALA INSTITUTE OF ENGINEERING & TECHNOLOGY,THANE,2018,597715
AMAZON,"TRINITY COLLEGE OF ENGINEERING AND RESEARCH,PUNE",PUNE,2018,20793
MEDIA.NET,"SHREE RAMCHANDRA COLLEGE OF ENGINEERING,PUNE",PUNE,2014,559619
QAD,"DR. D. Y. PATIL VIDYAPEETH, PUNE",PUNE,2014,879361
TIBCO SOFTWARE,COLLEGE OF ENGINEERING PUNE,PUNE,2016,1268471
ORACLE,THADOMAL SHAHANI ENGINEERING COLLEGE,MUMBAI,2016,474760
NEWGEN,THAKUR COLLEGE OF ENGINEERING AND TECHNOLOGY,MUMBAI,2018,11241
TCS,DWARKADAS J. SANGHVI COLLEGE OF ENGINEERING,MUMBAI,2018,42663
TCS,LOKMANYA TILAK COLLEGE OF ENGINEERING,NAVI MUMBAI,2015,41618
MORGAN STANLEY,VISHWAKARMA INSTITUTE OF TECHNOLOGY,PUNE,2017,1805068
GENPACT,THAKUR COLLEGE OF ENGINEERING AND TECHNOLOGY,MUMBAI,2015,640650
GEP,ALAMURI RATNAMALA INSTITUTE OF ENGINEERING & TECHNOLOGY,THANE,2018,737786
CALSOFT,"TRINITY COLLEGE OF ENGINEERING AND RESEARCH,PUNE",PUNE,2015,16625
BANK OF AMERICA,ALAMURI RATNAMALA INSTITUTE OF ENGINEERING & TECHNOLOGY,THANE,2018,791971
ATIDAN,PILLAI HOC COLLEGE OF ENGINEERING AND TECHNOLOGY,NAVI MUMBAI,2017,962707
NEOSOFT TECHNOLOGIES,K. J. SOMAIYA COLLEGE OF ENGINEERING,MUMBAI,2018,482921
NUCSOFT,PILLAI HOC COLLEGE OF ENGINEERING AND TECHNOLOGY,NAVI MUMBAI,2018,225812
NEWGEN SOFTWARE,PILLAI HOC COLLEGE OF ENGINEERING AND TECHNOLOGY,NAVI MUMBAI,2016,695745
CIMPRESS,THADOMAL SHAHANI ENGINEERING COLLEGE,MUMBAI,2015,1383902
SELEC,ALAMURI RATNAMALA INSTITUTE OF ENGINEERING & TECHNOLOGY,THANE,2017,41015
INDUS VALLEY PARTNERS,MIT COLLEGE OF ENGINEERING,PUNE,2016,29996
JIO,ALAMURI RATNAMALA INSTITUTE OF ENGINEERING & TECHNOLOGY,THANE,2018,734589
THIRDWARE SOLUTION,VEERMATA JIJABAI TECHNOLOGICAL INSTITUTE,MUMBAI,2015,437607
XORIANT,XAVIER INSTITUTE OF ENGINEERING,MUMBAI,2015,438462
TECH MAHINDRA,K. J. SOMAIYA COLLEGE OF ENGINEERING,MUMBAI,2018,29854
BANK OF AMERICA,SMT. INDIRA GANDHI COLLEGE OF ENGINEERING,NAVI MUMBAI,2016,810646
CIMPRESS,ALAMURI RATNAMALA INSTITUTE OF ENGINEERING & TECHNOLOGY,THANE,2014,836334
TATA COMMUNICATIONS,DWARKADAS J. SANGHVI COLLEGE OF ENGINEERING,MUMBAI,2015,367229
TECH MAHINDRA,MIT COLLEGE OF ENGINEERING,PUNE,2016,471435
OSP LABS,ARMY INSTITUTE OF TECHNOLOGY,PUNE,2015,869857
SCHNEIDER ELECTRIC,XAVIER INSTITUTE OF ENGINEERING,MUMBAI,2014,110729
ORIENT TECHNOLOGIES,DWARKADAS J. SANGHVI COLLEGE OF ENGINEERING,MUMBAI,2015,26021
GODREJ INFOTECH,K. J. SOMAIYA COLLEGE OF ENGINEERING,MUMBAI,2017,379863
BHARAT PETROLEUM,SMT. INDIRA GANDHI COLLEGE OF ENGINEERING,NAVI MUMBAI,2015,376241
LIONBRIDGE,COLLEGE OF ENGINEERING PUNE,PUNE,2017,45327
ACCOLITE,DWARKADAS J. SANGHVI COLLEGE OF ENGINEERING,MUMBAI,2014,129531
THIRDWARE SOLUTION,"SHREE RAMCHANDRA COLLEGE OF ENGINEERING,PUNE",PUNE,2015,507247
YAHOO,LOKMANYA TILAK COLLEGE OF ENGINEERING,NAVI MUMBAI,2018,376823
INGRAM MICRO,LOKMANYA TILAK COLLEGE OF ENGINEERING,NAVI MUMBAI,2017,363745
AXIS BANK,BHARATI VIDYAPEETH COLLEGE OF ENGINEERING,PUNE,2017,576496
DELOITTE,PILLAI HOC COLLEGE OF ENGINEERING AND TECHNOLOGY,NAVI MUMBAI,2014,724067
MEDIA.NET,"DR. D. Y. PATIL VIDYAPEETH, PUNE",PUNE,2016,1364299
VERIZON,INDIRA COLLEGE OF ENGINEERING AND MANAGEMENT,PUNE,2014,542567
INFIBEAM,MIT COLLEGE OF ENGINEERING,PUNE,2016,182462
NUCSOFT,ARMY INSTITUTE OF TECHNOLOGY,PUNE,2018,30434
INGRAM MICRO,RAMRAO ADIK INSTITUTE OF TECHNOLOGY,NAVI MUMBAI,2018,360015
IBM INDIA,DHOLE PATIL COLLEGE OF ENGINEERING PUNE,PUNE,2018,566421
NEWGEN,RAMRAO ADIK INSTITUTE OF TECHNOLOGY,NAVI MUMBAI,2014,10968
GEP,PUNE INSTITUTE OF COMPUTER TECHNOLOGY,PUNE,2016,743718
MPHASIS,LOKMANYA TILAK COLLEGE OF ENGINEERING,NAVI MUMBAI,2016,492499
QUINNOX,COLLEGE OF ENGINEERING PUNE,PUNE,2017,785176
KPIT TECHNOLOGIES,INDIRA COLLEGE OF ENGINEERING AND MANAGEMENT,PUNE,2018,803033
CREDIT SUISSE,PUNE INSTITUTE OF COMPUTER TECHNOLOGY,PUNE,2018,299512
GE,"DR. D. Y. PATIL VIDYAPEETH, PUNE",PUNE,2016,711748
DELOITTE,PUNE INSTITUTE OF COMPUTER TECHNOLOGY,PUNE,2014,751025
NSEIT,"TRINITY COLLEGE OF ENGINEERING AND RESEARCH,PUNE",PUNE,2015,59129
OSP LABS,K. J. SOMAIYA COLLEGE OF ENGINEERING,MUMBAI,2015,850381
SYMANTEC,"SHREE RAMCHANDRA COLLEGE OF ENGINEERING,PUNE",PUNE,2014,1826400
ZYCUS,VISHWAKARMA INSTITUTE OF TECHNOLOGY,PUNE,2016,42283
QUALITYKIOSK,XAVIER INSTITUTE OF ENGINEERING,MUMBAI,2015,26573
SIEMENS,K. J. SOMAIYA COLLEGE OF ENGINEERING,MUMBAI,2017,506648
MASTEK,ALAMURI RATNAMALA INSTITUTE OF ENGINEERING & TECHNOLOGY,THANE,2015,39696
UBS,COLLEGE OF ENGINEERING PUNE,PUNE,2018,376823
THIRDWARE SOLUTION,PUNE INSTITUTE OF COMPUTER TECHNOLOGY,PUNE,2015,443452
INDUS VALLEY PARTNERS,ALAMURI RATNAMALA INSTITUTE OF ENGINEERING & TECHNOLOGY,THANE,2014,29356
MEDIA.NET,COLLEGE OF ENGINEERING PUNE,PUNE,2018,574906
INFOSYS,THADOMAL SHAHANI ENGINEERING COLLEGE,MUMBAI,2014,636009
SCHNEIDER ELECTRIC,XAVIER INSTITUTE OF ENGINEERING,MUMBAI,2015,434911
GOOGLE,PUNE INSTITUTE OF COMPUTER TECHNOLOGY,PUNE,2015,54849
TCS,VISHWAKARMA INSTITUTE OF TECHNOLOGY,PUNE,2015,363663
MILES SOFTWARE,PILLAI HOC COLLEGE OF ENGINEERING AND TECHNOLOGY,NAVI MUMBAI,2016,337414
RAJA SOFTWARE LABS,MIT COLLEGE OF ENGINEERING,PUNE,2015,454038
MAJESCO,PILLAI HOC COLLEGE OF ENGINEERING AND TECHNOLOGY,NAVI MUMBAI,2018,485992
ATOS,"SHREE RAMCHANDRA COLLEGE OF ENGINEERING,PUNE",PUNE,2014,25843
MICROSOFT,COLLEGE OF ENGINEERING PUNE,PUNE,2017,1144576
PC TECHNOLOGY,ARMY INSTITUTE OF TECHNOLOGY,PUNE,2015,17359
IDBI INTECH,PILLAI HOC COLLEGE OF ENGINEERING AND TECHNOLOGY,NAVI MUMBAI,2018,547689
IBM,THAKUR COLLEGE OF ENGINEERING AND TECHNOLOGY,MUMBAI,2016,385596
MASTEK,DWARKADAS J. SANGHVI COLLEGE OF ENGINEERING,MUMBAI,2018,305980
MICROSOFT,"TRINITY COLLEGE OF ENGINEERING AND RESEARCH,PUNE",PUNE,2015,423700
OSP LABS,"DR. D. Y. PATIL VIDYAPEETH, PUNE",PUNE,2014,838753
TCS,PILLAI COLLEGE OF ENGINEERING,NAVI MUMBAI,2017,43012
YAHOO,"TRINITY COLLEGE OF ENGINEERING AND RESEARCH,PUNE",PUNE,2017,373742
VPHRASE,SMT. INDIRA GANDHI COLLEGE OF ENGINEERING,NAVI MUMBAI,2018,399969
XORIANT,VISHWAKARMA INSTITUTE OF TECHNOLOGY,PUNE,2018,446973
DIRECTI,COLLEGE OF ENGINEERING PUNE,PUNE,2018,25600
UBS,PUNE INSTITUTE OF COMPUTER TECHNOLOGY,PUNE,2016,1853012
TOPPR.COM,VEERMATA JIJABAI TECHNOLOGICAL INSTITUTE,MUMBAI,2015,1002287
HDFC,VEERMATA JIJABAI TECHNOLOGICAL INSTITUTE,MUMBAI,2017,529730
EDELWEISS FINANCIAL SERVICES,DHOLE PATIL COLLEGE OF ENGINEERING PUNE,PUNE,2014,927035
CALSOFT,VISHWAKARMA INSTITUTE OF TECHNOLOGY,PUNE,2015,16225
XORIANT,LOKMANYA TILAK COLLEGE OF ENGINEERING,NAVI MUMBAI,2018,456110
CAPGEMINI,ARMY INSTITUTE OF TECHNOLOGY,PUNE,2017,402378
CAPITA,DHOLE PATIL COLLEGE OF ENGINEERING PUNE,PUNE,2018,579967
MASTEK,PILLAI COLLEGE OF ENGINEERING,NAVI MUMBAI,2018,38791
TECH MAHINDRA,K. J. SOMAIYA COLLEGE OF ENGINEERING,MUMBAI,2018,492096
JOHNSON CONTROLS,DWARKADAS J. SANGHVI COLLEGE OF ENGINEERING,MUMBAI,2017,786669
BHARAT PETROLEUM,SMT. INDIRA GANDHI COLLEGE OF ENGINEERING,NAVI MUMBAI,2018,382233
MPHASIS,THADOMAL SHAHANI ENGINEERING COLLEGE,MUMBAI,2016,726922
SYNTROSYS,PUNE INSTITUTE OF COMPUTER TECHNOLOGY,PUNE,2018,13010
HEXAWARE TECHNOLOGIES,DHOLE PATIL COLLEGE OF ENGINEERING PUNE,PUNE,2017,770826
SABA SOFTWARE,PUNE INSTITUTE OF COMPUTER TECHNOLOGY,PUNE,2014,725378
JOHNSON CONTROLS,DHOLE PATIL COLLEGE OF ENGINEERING PUNE,PUNE,2014,1027298
MAQ SOFTWARE,"TRINITY COLLEGE OF ENGINEERING AND RESEARCH,PUNE",PUNE,2018,1656475
TATA COMMUNICATIONS,ARMY INSTITUTE OF TECHNOLOGY,PUNE,2018,656276
VPHRASE,PUNE INSTITUTE OF COMPUTER TECHNOLOGY,PUNE,2015,402074
SAINT-GOBAIN,THADOMAL SHAHANI ENGINEERING COLLEGE,MUMBAI,2015,722043
TATA CONSULTANCY SERVICES,SMT. INDIRA GANDHI COLLEGE OF ENGINEERING,NAVI MUMBAI,2017,751740
NEOSOFT TECHNOLOGIES,SMT. INDIRA GANDHI COLLEGE OF ENGINEERING,NAVI MUMBAI,2018,470498
DIRECTI,PILLAI HOC COLLEGE OF ENGINEERING AND TECHNOLOGY,NAVI MUMBAI,2015,25789
TECH MAHINDRA,DHOLE PATIL COLLEGE OF ENGINEERING PUNE,PUNE,2015,29156
SELEC,VISHWAKARMA INSTITUTE OF TECHNOLOGY,PUNE,2017,40312
NVIDIA,MIT COLLEGE OF ENGINEERING,PUNE,2018,249593
PROTEGRITY,COLLEGE OF ENGINEERING PUNE,PUNE,2017,1167192
GEP,THAKUR COLLEGE OF ENGINEERING AND TECHNOLOGY,MUMBAI,2017,752185
GEP,ARMY INSTITUTE OF TECHNOLOGY,PUNE,2015,726758
VERIZON,XAVIER INSTITUTE OF ENGINEERING,MUMBAI,2016,547377
MILES SOFTWARE,VEERMATA JIJABAI TECHNOLOGICAL INSTITUTE,MUMBAI,2016,649183
SAINT-GOBAIN,INDIRA COLLEGE OF ENGINEERING AND MANAGEMENT,PUNE,2014,737980
INFOSYS,THADOMAL SHAHANI ENGINEERING COLLEGE,MUMBAI,2018,470498
GEOMETRIC SOFTWARE SOLUTIONS,K. J. SOMAIYA COLLEGE OF ENGINEERING,MUMBAI,2017,339863
MORGAN STANLEY,RAMRAO ADIK INSTITUTE OF TECHNOLOGY,NAVI MUMBAI,2018,1764982
SIEMENS,ARMY INSTITUTE OF TECHNOLOGY,PUNE,2015,468143
MASTEK,VEERMATA JIJABAI TECHNOLOGICAL INSTITUTE,MUMBAI,2014,39124
MORGAN STANLEY,DWARKADAS J. SANGHVI COLLEGE OF ENGINEERING,MUMBAI,2015,521553
MICROSOFT,DWARKADAS J. SANGHVI COLLEGE OF ENGINEERING,MUMBAI,2016,424956
YAHOO,"DR. D. Y. PATIL VIDYAPEETH, PUNE",PUNE,2016,376823
CYBAGE SOFTWARE,K. J. SOMAIYA COLLEGE OF ENGINEERING,MUMBAI,2018,348289
WISDMLABS,PILLAI HOC COLLEGE OF ENGINEERING AND TECHNOLOGY,NAVI MUMBAI,2015,1742030
ECLINICALWORKS,VEERMATA JIJABAI TECHNOLOGICAL INSTITUTE,MUMBAI,2016,591444
THIRDWARE SOLUTION,DWARKADAS J. SANGHVI COLLEGE OF ENGINEERING,MUMBAI,2017,482141
IGATE,DWARKADAS J. SANGHVI COLLEGE OF ENGINEERING,MUMBAI,2015,30641
MILES SOFTWARE,ARMY INSTITUTE OF TECHNOLOGY,PUNE,2016,636286
NVIDIA,PILLAI HOC COLLEGE OF ENGINEERING AND TECHNOLOGY,NAVI MUMBAI,2014,22327
ECLERX,XAVIER INSTITUTE OF ENGINEERING,MUMBAI,2016,45473
DIRECTI,"DR. D. Y. PATIL VIDYAPEETH, PUNE",PUNE,2017,1656475
WIPRO,INDIRA COLLEGE OF ENGINEERING AND MANAGEMENT,PUNE,2017,482921
JOHNSON CONTROLS,THADOMAL SHAHANI ENGINEERING COLLEGE,MUMBAI,2015,784425
AMAZON,"DR. D. Y. PATIL VIDYAPEETH, PUNE",PUNE,2014,20945
YAHOO,DWARKADAS J. SANGHVI COLLEGE OF ENGINEERING,MUMBAI,2018,374401
SYMANTEC,VISHWAKARMA INSTITUTE OF TECHNOLOGY,PUNE,2017,1796382
IBM,INDIRA COLLEGE OF ENGINEERING AND MANAGEMENT,PUNE,2016,364162
IGATE,PILLAI HOC COLLEGE OF ENGINEERING AND TECHNOLOGY,NAVI MUMBAI,2017,30595
GODREJ INFOTECH,XAVIER INSTITUTE OF ENGINEERING,MUMBAI,2016,378645
WISDMLABS,COLLEGE OF ENGINEERING PUNE,PUNE,2015,1704766
MU SIGMA,THAKUR COLLEGE OF ENGINEERING AND TECHNOLOGY,MUMBAI,2014,338781
TIBCO SOFTWARE,VISHWAKARMA INSTITUTE OF TECHNOLOGY,PUNE,2018,1274696
NUCSOFT,BHARATI VIDYAPEETH COLLEGE OF ENGINEERING,PUNE,2016,219240
NETWORK 18,PILLAI COLLEGE OF ENGINEERING,NAVI MUMBAI,2016,420423
BNP PARIBAS,PUNE INSTITUTE OF COMPUTER TECHNOLOGY,PUNE,2018,53484
MU SIGMA,DHOLE PATIL COLLEGE OF ENGINEERING PUNE,PUNE,2016,340588
CMS IT SERVICES,XAVIER INSTITUTE OF ENGINEERING,MUMBAI,2015,446407
GODREJ INFOTECH,DWARKADAS J. SANGHVI COLLEGE OF ENGINEERING,MUMBAI,2016,399942
HCL TECHNOLOGIES,ALAMURI RATNAMALA INSTITUTE OF ENGINEERING & TECHNOLOGY,THANE,2016,908918
IDBI INTECH,K. J. SOMAIYA COLLEGE OF ENGINEERING,MUMBAI,2015,548645
IDBI INTECH,VISHWAKARMA INSTITUTE OF TECHNOLOGY,PUNE,2016,375868
NEOSOFT TECHNOLOGIES,PUNE INSTITUTE OF COMPUTER TECHNOLOGY,PUNE,2014,483354
ATOS,ARMY INSTITUTE OF TECHNOLOGY,PUNE,2018,704607
NEWGEN SOFTWARE,VISHWAKARMA INSTITUTE OF TECHNOLOGY,PUNE,2015,708060
QUINNOX,BHARATI VIDYAPEETH COLLEGE OF ENGINEERING,PUNE,2017,776343
CMS IT SERVICES,THADOMAL SHAHANI ENGINEERING COLLEGE,MUMBAI,2014,432097
CMS IT SERVICES,PILLAI HOC COLLEGE OF ENGINEERING AND TECHNOLOGY,NAVI MUMBAI,2014,441972
IBM,"SHREE RAMCHANDRA COLLEGE OF ENGINEERING,PUNE",PUNE,2017,374779
QAD,PILLAI HOC COLLEGE OF ENGINEERING AND TECHNOLOGY,NAVI MUMBAI,2018,735217
AXIS BANK,LOKMANYA TILAK COLLEGE OF ENGINEERING,NAVI MUMBAI,2015,574709
QUANTIPHI,DWARKADAS J. SANGHVI COLLEGE OF ENGINEERING,MUMBAI,2018,910097
MPHASIS,"DR. D. Y. PATIL VIDYAPEETH, PUNE",PUNE,2018,482229
QUALITYKIOSK,ARMY INSTITUTE OF TECHNOLOGY,PUNE,2018,27341
CREDIT SUISSE,PILLAI HOC COLLEGE OF ENGINEERING AND TECHNOLOGY,NAVI MUMBAI,2017,305960
DIRECTI,DWARKADAS J. SANGHVI COLLEGE OF ENGINEERING,MUMBAI,2018,1683457
NEOSOFT TECHNOLOGIES,ALAMURI RATNAMALA INSTITUTE OF ENGINEERING & TECHNOLOGY,THANE,2018,470498
TCS,K. J. SOMAIYA COLLEGE OF ENGINEERING,MUMBAI,2014,42494
NUCSOFT,DHOLE PATIL COLLEGE OF ENGINEERING PUNE,PUNE,2015,29920
INDUS VALLEY PARTNERS,DWARKADAS J. SANGHVI COLLEGE OF ENGINEERING,MUMBAI,2015,788735
HURIX,XAVIER INSTITUTE OF ENGINEERING,MUMBAI,2016,897889
ACCENTURE,PUNE INSTITUTE OF COMPUTER TECHNOLOGY,PUNE,2018,664502
QUANTIPHI,PILLAI COLLEGE OF ENGINEERING,NAVI MUMBAI,2016,888144
MORGAN STANLEY,THADOMAL SHAHANI ENGINEERING COLLEGE,MUMBAI,2016,1785177
MASTEK,"DR. D. Y. PATIL VIDYAPEETH, PUNE",PUNE,2015,38791
CMS IT SERVICES,XAVIER INSTITUTE OF ENGINEERING,MUMBAI,2015,443888
INFOSYS,"DR. D. Y. PATIL VIDYAPEETH, PUNE",PUNE,2017,654308
IBM,MIT COLLEGE OF ENGINEERING,PUNE,2018,370663
HEXAWARE TECHNOLOGIES,THAKUR COLLEGE OF ENGINEERING AND TECHNOLOGY,MUMBAI,2018,30641
NUCSOFT,"TRINITY COLLEGE OF ENGINEERING AND RESEARCH,PUNE",PUNE,2018,231050
INFOSYS,PILLAI HOC COLLEGE OF ENGINEERING AND TECHNOLOGY,NAVI MUMBAI,2015,456619
ACCENTURE,"DR. D. Y. PATIL VIDYAPEETH, PUNE",PUNE,2016,662026
ATOS,DWARKADAS J. SANGHVI COLLEGE OF ENGINEERING,MUMBAI,2017,25191
IBM INDIA,LOKMANYA TILAK COLLEGE OF ENGINEERING,NAVI MUMBAI,2015,567272
ADOBE,DWARKADAS J. SANGHVI COLLEGE OF ENGINEERING,MUMBAI,2014,1208566
GOOGLE,PUNE INSTITUTE OF COMPUTER TECHNOLOGY,PUNE,2016,54385
INFIBEAM,COLLEGE OF ENGINEERING PUNE,PUNE,2017,180514
ENDURANCE INTERNATIONAL GROUP,PILLAI COLLEGE OF ENGINEERING,NAVI MUMBAI,2018,748930
TATA CONSULTANCY SERVICES,ARMY INSTITUTE OF TECHNOLOGY,PUNE,2015,361155
UBS,PUNE INSTITUTE OF COMPUTER TECHNOLOGY,PUNE,2014,1765072
CMS IT SERVICES,SMT. INDIRA GANDHI COLLEGE OF ENGINEERING,NAVI MUMBAI,2014,441770
ARK TECHNOSOLUTIONS,ARMY INSTITUTE OF TECHNOLOGY,PUNE,2016,1149222
INGRAM MICRO,VEERMATA JIJABAI TECHNOLOGICAL INSTITUTE,MUMBAI,2014,362633
CYBAGE SOFTWARE,RAMRAO ADIK INSTITUTE OF TECHNOLOGY,NAVI MUMBAI,2018,594944
PROTEGRITY,PUNE INSTITUTE OF COMPUTER TECHNOLOGY,PUNE,2018,1175207
INDUS VALLEY PARTNERS,PILLAI COLLEGE OF ENGINEERING,NAVI MUMBAI,2014,788735
LARSEN & TOUBRO,BHARATI VIDYAPEETH COLLEGE OF ENGINEERING,PUNE,2017,1764982
HEXAWARE TECHNOLOGIES,PUNE INSTITUTE OF COMPUTER TECHNOLOGY,PUNE,2014,748176
RAJA SOFTWARE LABS,"DR. D. Y. PATIL VIDYAPEETH, PUNE",PUNE,2015,451436
XORIANT,DHOLE PATIL COLLEGE OF ENGINEERING PUNE,PUNE,2014,673223
CMS IT SERVICES,VEERMATA JIJABAI TECHNOLOGICAL INSTITUTE,MUMBAI,2015,440097
IBM,VISHWAKARMA INSTITUTE OF TECHNOLOGY,PUNE,2018,374779
RAVE TECHNOLOGIES,"SHREE RAMCHANDRA COLLEGE OF ENGINEERING,PUNE",PUNE,2018,415614
VISA INC.,RAMRAO ADIK INSTITUTE OF TECHNOLOGY,NAVI MUMBAI,2018,1207630
AMDOCS,ARMY INSTITUTE OF TECHNOLOGY,PUNE,2014,780272
INFOGAIN,RAMRAO ADIK INSTITUTE OF TECHNOLOGY,NAVI MUMBAI,2015,422477
KPIT TECHNOLOGIES,LOKMANYA TILAK COLLEGE OF ENGINEERING,NAVI MUMBAI,2016,797402
SIEMENS,ALAMURI RATNAMALA INSTITUTE OF ENGINEERING & TECHNOLOGY,THANE,2016,495501
ECLERX,THADOMAL SHAHANI ENGINEERING COLLEGE,MUMBAI,2018,45290
IBM INDIA,INDIRA COLLEGE OF ENGINEERING AND MANAGEMENT,PUNE,2014,552945
GE,BHARATI VIDYAPEETH COLLEGE OF ENGINEERING,PUNE,2017,526728
CMS IT SERVICES,SMT. INDIRA GANDHI COLLEGE OF ENGINEERING,NAVI MUMBAI,2015,432599
IGATE,XAVIER INSTITUTE OF ENGINEERING,MUMBAI,2015,30065
DIRECTI,XAVIER INSTITUTE OF ENGINEERING,MUMBAI,2017,25253
NEWGEN SOFTWARE,ARMY INSTITUTE OF TECHNOLOGY,PUNE,2018,708060
MINDTREE,VISHWAKARMA INSTITUTE OF TECHNOLOGY,PUNE,2017,17910
ACCENTURE,XAVIER INSTITUTE OF ENGINEERING,MUMBAI,2015,657408
NEWGEN,VISHWAKARMA INSTITUTE OF TECHNOLOGY,PUNE,2017,10791
RAVE TECHNOLOGIES,ARMY INSTITUTE OF TECHNOLOGY,PUNE,2018,654636
XORIANT,PILLAI HOC COLLEGE OF ENGINEERING AND TECHNOLOGY,NAVI MUMBAI,2017,456987
ZYCUS,DWARKADAS J. SANGHVI COLLEGE OF ENGINEERING,MUMBAI,2016,17960
GODREJ INFOTECH,THADOMAL SHAHANI ENGINEERING COLLEGE,MUMBAI,2014,381710
ZYCUS,THADOMAL SHAHANI ENGINEERING COLLEGE,MUMBAI,2018,41812
FRACTAL ANALYTICS,COLLEGE OF ENGINEERING PUNE,PUNE,2017,12995
MICROSOFT,"SHREE RAMCHANDRA COLLEGE OF ENGINEERING,PUNE",PUNE,2016,418269
CROMPTON GREAVES,MIT COLLEGE OF ENGINEERING,PUNE,2018,249593
AXIS BANK,DHOLE PATIL COLLEGE OF ENGINEERING PUNE,PUNE,2014,11381
SCHNEIDER ELECTRIC,RAMRAO ADIK INSTITUTE OF TECHNOLOGY,NAVI MUMBAI,2015,107802
HEXAWARE TECHNOLOGIES,VISHWAKARMA INSTITUTE OF TECHNOLOGY,PUNE,2015,29863
GEOMETRIC SOFTWARE SOLUTIONS,ARMY INSTITUTE OF TECHNOLOGY,PUNE,2018,346248
DIRECTI,INDIRA COLLEGE OF ENGINEERING AND MANAGEMENT,PUNE,2015,25849
IBM,VISHWAKARMA INSTITUTE OF TECHNOLOGY,PUNE,2015,441019
XORIANT,K. J. SOMAIYA COLLEGE OF ENGINEERING,MUMBAI,2014,458803
VPHRASE,"DR. D. Y. PATIL VIDYAPEETH, PUNE",PUNE,2015,408614
MPHASIS,COLLEGE OF ENGINEERING PUNE,PUNE,2018,482653
CREDIT SUISSE,"DR. D. Y. PATIL VIDYAPEETH, PUNE",PUNE,2018,299512
MPHASIS,THAKUR COLLEGE OF ENGINEERING AND TECHNOLOGY,MUMBAI,2016,469824
SIEMENS,VISHWAKARMA INSTITUTE OF TECHNOLOGY,PUNE,2018,495501
NSEIT,SMT. INDIRA GANDHI COLLEGE OF ENGINEERING,NAVI MUMBAI,2016,60369
INFORMATICA,THADOMAL SHAHANI ENGINEERING COLLEGE,MUMBAI,2018,1764367
VERIZON,DHOLE PATIL COLLEGE OF ENGINEERING PUNE,PUNE,2014,552903
SIEMENS,ALAMURI RATNAMALA INSTITUTE OF ENGINEERING & TECHNOLOGY,THANE,2017,484469
MEDIA.NET,RAMRAO ADIK INSTITUTE OF TECHNOLOGY,NAVI MUMBAI,2016,1418974
CRMNEXT,"SHREE RAMCHANDRA COLLEGE OF ENGINEERING,PUNE",PUNE,2018,25570
ENDURANCE INTERNATIONAL GROUP,ALAMURI RATNAMALA INSTITUTE OF ENGINEERING & TECHNOLOGY,THANE,2017,784225
LIONBRIDGE,INDIRA COLLEGE OF ENGINEERING AND MANAGEMENT,PUNE,2018,43651
IGATE,THADOMAL SHAHANI ENGINEERING COLLEGE,MUMBAI,2015,30567
INFOSYS,DHOLE PATIL COLLEGE OF ENGINEERING PUNE,PUNE,2017,469631
ATOS,THAKUR COLLEGE OF ENGINEERING AND TECHNOLOGY,MUMBAI,2017,709232
SAP,THADOMAL SHAHANI ENGINEERING COLLEGE,MUMBAI,2018,799479
MEDIA.NET,ARMY INSTITUTE OF TECHNOLOGY,PUNE,2018,1385379
TATA,THAKUR COLLEGE OF ENGINEERING AND TECHNOLOGY,MUMBAI,2017,98561
TIBCO SOFTWARE,RAMRAO ADIK INSTITUTE OF TECHNOLOGY,NAVI MUMBAI,2016,1231482
MAJESCO,"TRINITY COLLEGE OF ENGINEERING AND RESEARCH,PUNE",PUNE,2018,485992
RUBIQUE,PUNE INSTITUTE OF COMPUTER TECHNOLOGY,PUNE,2015,1004527
MICROSOFT,VEERMATA JIJABAI TECHNOLOGICAL INSTITUTE,MUMBAI,2014,1188743
HEXAWARE TECHNOLOGIES,VISHWAKARMA INSTITUTE OF TECHNOLOGY,PUNE,2016,740347
UGAM,DWARKADAS J. SANGHVI COLLEGE OF ENGINEERING,MUMBAI,2016,814956
CMS IT SERVICES,PILLAI HOC COLLEGE OF ENGINEERING AND TECHNOLOGY,NAVI MUMBAI,2017,439440
INFOSYS,K. J. SOMAIYA COLLEGE OF ENGINEERING,MUMBAI,2016,473256
AMAZON,ALAMURI RATNAMALA INSTITUTE OF ENGINEERING & TECHNOLOGY,THANE,2017,20399
IBM INDIA,"DR. D. Y. PATIL VIDYAPEETH, PUNE",PUNE,2018,568038
QUALITYKIOSK,THADOMAL SHAHANI ENGINEERING COLLEGE,MUMBAI,2016,27438
GEP,PILLAI HOC COLLEGE OF ENGINEERING AND TECHNOLOGY,NAVI MUMBAI,2018,734589
HURIX,THAKUR COLLEGE OF ENGINEERING AND TECHNOLOGY,MUMBAI,2017,873818
BANK OF AMERICA,"SHREE RAMCHANDRA COLLEGE OF ENGINEERING,PUNE",PUNE,2018,797402
LIONBRIDGE,K. J. SOMAIYA COLLEGE OF ENGINEERING,MUMBAI,2018,42817
GOOGLE,MIT COLLEGE OF ENGINEERING,PUNE,2017,43629
ATOS,PILLAI HOC COLLEGE OF ENGINEERING AND TECHNOLOGY,NAVI MUMBAI,2015,712199
ATIDAN,DHOLE PATIL COLLEGE OF ENGINEERING PUNE,PUNE,2017,798995
UBS,ARMY INSTITUTE OF TECHNOLOGY,PUNE,2015,387765
MPHASIS,DHOLE PATIL COLLEGE OF ENGINEERING PUNE,PUNE,2017,478961
EDELWEISS FINANCIAL SERVICES,"DR. D. Y. PATIL VIDYAPEETH, PUNE",PUNE,2015,956098
SYMANTEC,PUNE INSTITUTE OF COMPUTER TECHNOLOGY,PUNE,2015,1801956
SYMANTEC,MIT COLLEGE OF ENGINEERING,PUNE,2018,1801956
MEDIA.NET,VEERMATA JIJABAI TECHNOLOGICAL INSTITUTE,MUMBAI,2017,561868
ACCOLITE,ARMY INSTITUTE OF TECHNOLOGY,PUNE,2016,134296
WEATHERFORD,"SHREE RAMCHANDRA COLLEGE OF ENGINEERING,PUNE",PUNE,2017,518553
ATOS,COLLEGE OF ENGINEERING PUNE,PUNE,2017,714205
OSP LABS,THAKUR COLLEGE OF ENGINEERING AND TECHNOLOGY,MUMBAI,2014,861085
LIONBRIDGE,PILLAI HOC COLLEGE OF ENGINEERING AND TECHNOLOGY,NAVI MUMBAI,2015,45174
BHARAT PETROLEUM,LOKMANYA TILAK COLLEGE OF ENGINEERING,NAVI MUMBAI,2018,390679
WIPRO,PILLAI HOC COLLEGE OF ENGINEERING AND TECHNOLOGY,NAVI MUMBAI,2015,491173
TATA CONSULTANCY SERVICES,DHOLE PATIL COLLEGE OF ENGINEERING PUNE,PUNE,2014,360294
QUINNOX,PUNE INSTITUTE OF COMPUTER TECHNOLOGY,PUNE,2018,766329
CAPGEMINI,PUNE INSTITUTE OF COMPUTER TECHNOLOGY,PUNE,2018,390727
ADOBE,THADOMAL SHAHANI ENGINEERING COLLEGE,MUMBAI,2015,1159787
MICROSOFT,XAVIER INSTITUTE OF ENGINEERING,MUMBAI,2015,411280
THIRDWARE SOLUTION,THAKUR COLLEGE OF ENGINEERING AND TECHNOLOGY,MUMBAI,2016,441695
XL DYNAMICS,VEERMATA JIJABAI TECHNOLOGICAL INSTITUTE,MUMBAI,2014,668136
MPHASIS,ARMY INSTITUTE OF TECHNOLOGY,PUNE,2016,692509
WIPRO,DWARKADAS J. SANGHVI COLLEGE OF ENGINEERING,MUMBAI,2016,480023
VERIZON,SMT. INDIRA GANDHI COLLEGE OF ENGINEERING,NAVI MUMBAI,2015,552665
CAPGEMINI,PILLAI HOC COLLEGE OF ENGINEERING AND TECHNOLOGY,NAVI MUMBAI,2018,799126
CAPGEMINI,PUNE INSTITUTE OF COMPUTER TECHNOLOGY,PUNE,2017,814433
NETWORK 18,LOKMANYA TILAK COLLEGE OF ENGINEERING,NAVI MUMBAI,2014,53841
QUINNOX,MIT COLLEGE OF ENGINEERING,PUNE,2018,788735
HURIX,"DR. D. Y. PATIL VIDYAPEETH, PUNE",PUNE,2018,892379
GODREJ INFOTECH,DHOLE PATIL COLLEGE OF ENGINEERING PUNE,PUNE,2016,389181
GEOMETRIC,LOKMANYA TILAK COLLEGE OF ENGINEERING,NAVI MUMBAI,2016,451960
THIRDWARE SOLUTION,BHARATI VIDYAPEETH COLLEGE OF ENGINEERING,PUNE,2015,449894
ORIENT TECHNOLOGIES,SMT. INDIRA GANDHI COLLEGE OF ENGINEERING,NAVI MUMBAI,2016,26751
UBS,VEERMATA JIJABAI TECHNOLOGICAL INSTITUTE,MUMBAI,2016,1768236
ORACLE,ARMY INSTITUTE OF TECHNOLOGY,PUNE,2014,474338
WEATHERFORD,RAMRAO ADIK INSTITUTE OF TECHNOLOGY,NAVI MUMBAI,2017,521365
DIRECTI,COLLEGE OF ENGINEERING PUNE,PUNE,2014,25398
ACCENTURE,RAMRAO ADIK INSTITUTE OF TECHNOLOGY,NAVI MUMBAI,2018,673838
INFIBEAM,VEERMATA JIJABAI TECHNOLOGICAL INSTITUTE,MUMBAI,2016,178245
JOHNSON CONTROLS,THADOMAL SHAHANI ENGINEERING COLLEGE,MUMBAI,2017,1009798
BHARAT PETROLEUM,PUNE INSTITUTE OF COMPUTER TECHNOLOGY,PUNE,2018,382233
DIRECTI,ARMY INSTITUTE OF TECHNOLOGY,PUNE,2018,25600
GEP,COLLEGE OF ENGINEERING PUNE,PUNE,2018,754914
AMAZON,COLLEGE OF ENGINEERING PUNE,PUNE,2016,442378
IBM,RAMRAO ADIK INSTITUTE OF TECHNOLOGY,NAVI MUMBAI,2018,376220
IGATE,INDIRA COLLEGE OF ENGINEERING AND MANAGEMENT,PUNE,2015,30994
MICROSOFT,K. J. SOMAIYA COLLEGE OF ENGINEERING,MUMBAI,2016,419234
ACCOLITE,MIT COLLEGE OF ENGINEERING,PUNE,2015,131381
AMDOCS,PUNE INSTITUTE OF COMPUTER TECHNOLOGY,PUNE,2015,666773
CIMPRESS,XAVIER INSTITUTE OF ENGINEERING,MUMBAI,2014,1425373
QUINNOX,LOKMANYA TILAK COLLEGE OF ENGINEERING,NAVI MUMBAI,2015,788490
SCHNEIDER ELECTRIC,DWARKADAS J. SANGHVI COLLEGE OF ENGINEERING,MUMBAI,2018,438911
MPHASIS,COLLEGE OF ENGINEERING PUNE,PUNE,2014,469302
VISA INC.,PILLAI COLLEGE OF ENGINEERING,NAVI MUMBAI,2018,1176245
INFOSYS,PILLAI HOC COLLEGE OF ENGINEERING AND TECHNOLOGY,NAVI MUMBAI,2018,456792
CREDIT SUISSE,BHARATI VIDYAPEETH COLLEGE OF ENGINEERING,PUNE,2014,303573
AMAZON,PILLAI COLLEGE OF ENGINEERING,NAVI MUMBAI,2014,20399
AMDOCS,"SHREE RAMCHANDRA COLLEGE OF ENGINEERING,PUNE",PUNE,2017,768978
TATA CONSULTANCY SERVICES,SMT. INDIRA GANDHI COLLEGE OF ENGINEERING,NAVI MUMBAI,2018,355823
QUINNOX,VISHWAKARMA INSTITUTE OF TECHNOLOGY,PUNE,2014,799971
ATIDAN,PILLAI COLLEGE OF ENGINEERING,NAVI MUMBAI,2016,800249
JOHNSON CONTROLS,DWARKADAS J. SANGHVI COLLEGE OF ENGINEERING,MUMBAI,2015,970640
ACCOLITE,ALAMURI RATNAMALA INSTITUTE OF ENGINEERING & TECHNOLOGY,THANE,2016,1150403
VERIZON,THADOMAL SHAHANI ENGINEERING COLLEGE,MUMBAI,2016,543116
TIBCO SOFTWARE,INDIRA COLLEGE OF ENGINEERING AND MANAGEMENT,PUNE,2018,1260431
TATA,"DR. D. Y. PATIL VIDYAPEETH, PUNE",PUNE,2018,96972
NEWGEN SOFTWARE,COLLEGE OF ENGINEERING PUNE,PUNE,2018,432807
GEOMETRIC SOFTWARE SOLUTIONS,PUNE INSTITUTE OF COMPUTER TECHNOLOGY,PUNE,2017,336232
AMAZON,PILLAI HOC COLLEGE OF ENGINEERING AND TECHNOLOGY,NAVI MUMBAI,2018,20399
WIPRO,VISHWAKARMA INSTITUTE OF TECHNOLOGY,PUNE,2018,482921
CRMNEXT,COLLEGE OF ENGINEERING PUNE,PUNE,2018,26282
CAPITA,PUNE INSTITUTE OF COMPUTER TECHNOLOGY,PUNE,2014,585233
CAPITA,PILLAI COLLEGE OF ENGINEERING,NAVI MUMBAI,2015,590991
NUCSOFT,DWARKADAS J. SANGHVI COLLEGE OF ENGINEERING,MUMBAI,2014,29104
CREDIT SUISSE,COLLEGE OF ENGINEERING PUNE,PUNE,2017,297359
VPHRASE,PUNE INSTITUTE OF COMPUTER TECHNOLOGY,PUNE,2018,399069
TCS,SMT. INDIRA GANDHI COLLEGE OF ENGINEERING,NAVI MUMBAI,2018,42603
NEOSOFT,VEERMATA JIJABAI TECHNOLOGICAL INSTITUTE,MUMBAI,2017,382999
MU SIGMA,PILLAI COLLEGE OF ENGINEERING,NAVI MUMBAI,2015,728879
QUINNOX,DWARKADAS J. SANGHVI COLLEGE OF ENGINEERING,MUMBAI,2015,451405
TOPPR.COM,LOKMANYA TILAK COLLEGE OF ENGINEERING,NAVI MUMBAI,2017,1001186
QAD,ARMY INSTITUTE OF TECHNOLOGY,PUNE,2015,862823
ORACLE,PILLAI HOC COLLEGE OF ENGINEERING AND TECHNOLOGY,NAVI MUMBAI,2017,748587
XORIANT,RAMRAO ADIK INSTITUTE OF TECHNOLOGY,NAVI MUMBAI,2015,445792
AMAZON,COLLEGE OF ENGINEERING PUNE,PUNE,2014,20563
QAD,THADOMAL SHAHANI ENGINEERING COLLEGE,MUMBAI,2018,888897
ORANGE,XAVIER INSTITUTE OF ENGINEERING,MUMBAI,2017,20524
MORGAN STANLEY,XAVIER INSTITUTE OF ENGINEERING,MUMBAI,2017,517794
ORACLE,XAVIER INSTITUTE OF ENGINEERING,MUMBAI,2017,489624
NVIDIA,PILLAI HOC COLLEGE OF ENGINEERING AND TECHNOLOGY,NAVI MUMBAI,2014,242419
UGAM,MIT COLLEGE OF ENGINEERING,PUNE,2018,799479
SCHNEIDER ELECTRIC,VISHWAKARMA INSTITUTE OF TECHNOLOGY,PUNE,2016,431066
IBM,DHOLE PATIL COLLEGE OF ENGINEERING PUNE,PUNE,2018,374779
EDELWEISS FINANCIAL SERVICES,DWARKADAS J. SANGHVI COLLEGE OF ENGINEERING,MUMBAI,2016,914535
DELOITTE,COLLEGE OF ENGINEERING PUNE,PUNE,2015,321853
CALSOFT,RAMRAO ADIK INSTITUTE OF TECHNOLOGY,NAVI MUMBAI,2014,17014
TCS,DWARKADAS J. SANGHVI COLLEGE OF ENGINEERING,MUMBAI,2017,357614
MORGAN STANLEY,ARMY INSTITUTE OF TECHNOLOGY,PUNE,2018,1732290
SCHNEIDER ELECTRIC,COLLEGE OF ENGINEERING PUNE,PUNE,2018,443321
HCL TECHNOLOGIES,DWARKADAS J. SANGHVI COLLEGE OF ENGINEERING,MUMBAI,2015,298239
MU SIGMA,THADOMAL SHAHANI ENGINEERING COLLEGE,MUMBAI,2015,726377
INFOGAIN,INDIRA COLLEGE OF ENGINEERING AND MANAGEMENT,PUNE,2018,230172
IBM,PILLAI HOC COLLEGE OF ENGINEERING AND TECHNOLOGY,NAVI MUMBAI,2018,428821
ECLINICALWORKS,THAKUR COLLEGE OF ENGINEERING AND TECHNOLOGY,MUMBAI,2017,347580
ATOS,THADOMAL SHAHANI ENGINEERING COLLEGE,MUMBAI,2017,26308
OSP LABS,XAVIER INSTITUTE OF ENGINEERING,MUMBAI,2015,840806
SABA SOFTWARE,VISHWAKARMA INSTITUTE OF TECHNOLOGY,PUNE,2017,696291
MICROSOFT,PUNE INSTITUTE OF COMPUTER TECHNOLOGY,PUNE,2017,422053
HEXAWARE TECHNOLOGIES,DHOLE PATIL COLLEGE OF ENGINEERING PUNE,PUNE,2015,31318
NUCSOFT,PILLAI COLLEGE OF ENGINEERING,NAVI MUMBAI,2018,29854
HEXAWARE TECHNOLOGIES,BHARATI VIDYAPEETH COLLEGE OF ENGINEERING,PUNE,2018,30641
ZENSAR TECHNOLOGIES,ARMY INSTITUTE OF TECHNOLOGY,PUNE,2014,1115418
BHARAT PETROLEUM,PILLAI HOC COLLEGE OF ENGINEERING AND TECHNOLOGY,NAVI MUMBAI,2018,371080
TECH MAHINDRA,ARMY INSTITUTE OF TECHNOLOGY,PUNE,2018,29854
VPHRASE,"SHREE RAMCHANDRA COLLEGE OF ENGINEERING,PUNE",PUNE,2017,400700
QUINNOX,THADOMAL SHAHANI ENGINEERING COLLEGE,MUMBAI,2017,810459
HEXAWARE TECHNOLOGIES,"SHREE RAMCHANDRA COLLEGE OF ENGINEERING,PUNE",PUNE,2014,30899
YAHOO,INDIRA COLLEGE OF ENGINEERING AND MANAGEMENT,PUNE,2014,386449
MORGAN STANLEY,DWARKADAS J. SANGHVI COLLEGE OF ENGINEERING,MUMBAI,2014,1731872
GOOGLE,PILLAI HOC COLLEGE OF ENGINEERING AND TECHNOLOGY,NAVI MUMBAI,2018,54091
SCHNEIDER ELECTRIC,DHOLE PATIL COLLEGE OF ENGINEERING PUNE,PUNE,2017,106600
MPHASIS,LOKMANYA TILAK COLLEGE OF ENGINEERING,NAVI MUMBAI,2017,714876
DELOITTE,PUNE INSTITUTE OF COMPUTER TECHNOLOGY,PUNE,2015,337816
INFOSYS,DWARKADAS J. SANGHVI COLLEGE OF ENGINEERING,MUMBAI,2016,462681
NUCSOFT,PILLAI COLLEGE OF ENGINEERING,NAVI MUMBAI,2018,221699
EDELWEISS FINANCIAL SERVICES,DWARKADAS J. SANGHVI COLLEGE OF ENGINEERING,MUMBAI,2016,927558
WEATHERFORD,VEERMATA JIJABAI TECHNOLOGICAL INSTITUTE,MUMBAI,2018,508278
MASTEK,PILLAI HOC COLLEGE OF ENGINEERING AND TECHNOLOGY,NAVI MUMBAI,2018,314201
QUINNOX,ARMY INSTITUTE OF TECHNOLOGY,PUNE,2016,801756
INFOSYS,VISHWAKARMA INSTITUTE OF TECHNOLOGY,PUNE,2015,634112
INFOSYS,VEERMATA JIJABAI TECHNOLOGICAL INSTITUTE,MUMBAI,2016,462175
ENDURANCE INTERNATIONAL GROUP,RAMRAO ADIK INSTITUTE OF TECHNOLOGY,NAVI MUMBAI,2015,789563
CIMPRESS,XAVIER INSTITUTE OF ENGINEERING,MUMBAI,2015,854921
PROTEGRITY,ALAMURI RATNAMALA INSTITUTE OF ENGINEERING & TECHNOLOGY,THANE,2015,53006
WISDMLABS,PUNE INSTITUTE OF COMPUTER TECHNOLOGY,PUNE,2018,1724538
NEWGEN,INDIRA COLLEGE OF ENGINEERING AND MANAGEMENT,PUNE,2018,11105
ATOS,VISHWAKARMA INSTITUTE OF TECHNOLOGY,PUNE,2018,25701
WIPRO,SMT. INDIRA GANDHI COLLEGE OF ENGINEERING,NAVI MUMBAI,2014,495720
GEP,DHOLE PATIL COLLEGE OF ENGINEERING PUNE,PUNE,2017,734937
JIO,VEERMATA JIJABAI TECHNOLOGICAL INSTITUTE,MUMBAI,2017,735514
MU SIGMA,LOKMANYA TILAK COLLEGE OF ENGINEERING,NAVI MUMBAI,2018,338699
ATOS,COLLEGE OF ENGINEERING PUNE,PUNE,2016,709660
MILES SOFTWARE,VEERMATA JIJABAI TECHNOLOGICAL INSTITUTE,MUMBAI,2017,346240
QUINNOX,DWARKADAS J. SANGHVI COLLEGE OF ENGINEERING,MUMBAI,2015,792885
IBM,PILLAI HOC COLLEGE OF ENGINEERING AND TECHNOLOGY,NAVI MUMBAI,2017,370538
ECLERX,DHOLE PATIL COLLEGE OF ENGINEERING PUNE,PUNE,2018,395431
WNS,VISHWAKARMA INSTITUTE OF TECHNOLOGY,PUNE,2017,470347
ZENSAR TECHNOLOGIES,DWARKADAS J. SANGHVI COLLEGE OF ENGINEERING,MUMBAI,2016,1122038
QUANTIPHI,VISHWAKARMA INSTITUTE OF TECHNOLOGY,PUNE,2017,889482
MU SIGMA,DWARKADAS J. SANGHVI COLLEGE OF ENGINEERING,MUMBAI,2015,345613
THIRDWARE SOLUTION,BHARATI VIDYAPEETH COLLEGE OF ENGINEERING,PUNE,2015,443107
ACCOLITE,"SHREE RAMCHANDRA COLLEGE OF ENGINEERING,PUNE",PUNE,2015,1141263
OSP LABS,THAKUR COLLEGE OF ENGINEERING AND TECHNOLOGY,MUMBAI,2015,866055
UBS,PUNE INSTITUTE OF COMPUTER TECHNOLOGY,PUNE,2018,1771544
CMC,XAVIER INSTITUTE OF ENGINEERING,MUMBAI,2014,178317
MAJESCO,PILLAI COLLEGE OF ENGINEERING,NAVI MUMBAI,2017,440849
NVIDIA,ALAMURI RATNAMALA INSTITUTE OF ENGINEERING & TECHNOLOGY,THANE,2014,22607
ECLINICALWORKS,ALAMURI RATNAMALA INSTITUTE OF ENGINEERING & TECHNOLOGY,THANE,2015,343078
ACCOLITE,PUNE INSTITUTE OF COMPUTER TECHNOLOGY,PUNE,2016,1141263
UGAM,INDIRA COLLEGE OF ENGINEERING AND MANAGEMENT,PUNE,2018,799479
INGRAM MICRO,LOKMANYA TILAK COLLEGE OF ENGINEERING,NAVI MUMBAI,2014,362880
MICROSOFT,PUNE INSTITUTE OF COMPUTER TECHNOLOGY,PUNE,2018,412518
NVIDIA,PILLAI COLLEGE OF ENGINEERING,NAVI MUMBAI,2014,252032
NUCSOFT,LOKMANYA TILAK COLLEGE OF ENGINEERING,NAVI MUMBAI,2016,225812
EDELWEISS FINANCIAL SERVICES,SMT. INDIRA GANDHI COLLEGE OF ENGINEERING,NAVI MUMBAI,2014,961645
CREDIT SUISSE,THAKUR COLLEGE OF ENGINEERING AND TECHNOLOGY,MUMBAI,2017,950693
SYMANTEC,COLLEGE OF ENGINEERING PUNE,PUNE,2018,15537
NSEIT,VEERMATA JIJABAI TECHNOLOGICAL INSTITUTE,MUMBAI,2014,57389
MORGAN STANLEY,ALAMURI RATNAMALA INSTITUTE OF ENGINEERING & TECHNOLOGY,THANE,2016,1761352
ADOBE,SMT. INDIRA GANDHI COLLEGE OF ENGINEERING,NAVI MUMBAI,2018,1204474
ZENITH SYSTEM SOLUTIONS,DHOLE PATIL COLLEGE OF ENGINEERING PUNE,PUNE,2016,628359
XL DYNAMICS,DHOLE PATIL COLLEGE OF ENGINEERING PUNE,PUNE,2018,384639
NVIDIA,THADOMAL SHAHANI ENGINEERING COLLEGE,MUMBAI,2016,22507
CAPITA,LOKMANYA TILAK COLLEGE OF ENGINEERING,NAVI MUMBAI,2018,579967
WISDMLABS,K. J. SOMAIYA COLLEGE OF ENGINEERING,MUMBAI,2014,460710
INFOSYS,ALAMURI RATNAMALA INSTITUTE OF ENGINEERING & TECHNOLOGY,THANE,2016,652271
SAINT-GOBAIN,INDIRA COLLEGE OF ENGINEERING AND MANAGEMENT,PUNE,2018,737980
SIEMENS,PILLAI HOC COLLEGE OF ENGINEERING AND TECHNOLOGY,NAVI MUMBAI,2016,489999
TCS,VISHWAKARMA INSTITUTE OF TECHNOLOGY,PUNE,2018,363745
IBM,ALAMURI RATNAMALA INSTITUTE OF ENGINEERING & TECHNOLOGY,THANE,2017,374541
BANK OF AMERICA,MIT COLLEGE OF ENGINEERING,PUNE,2018,812833
ATOS,COLLEGE OF ENGINEERING PUNE,PUNE,2016,704508
HEWLETT-PACKARD,COLLEGE OF ENGINEERING PUNE,PUNE,2017,1143011
YAHOO,K. J. SOMAIYA COLLEGE OF ENGINEERING,MUMBAI,2016,382757
NEOSOFT TECHNOLOGIES,PUNE INSTITUTE OF COMPUTER TECHNOLOGY,PUNE,2014,466848
MICROSOFT,VISHWAKARMA INSTITUTE OF TECHNOLOGY,PUNE,2018,420548
ADOBE,THAKUR COLLEGE OF ENGINEERING AND TECHNOLOGY,MUMBAI,2015,110808
CAPGEMINI,COLLEGE OF ENGINEERING PUNE,PUNE,2016,400858
AXIS BANK,RAMRAO ADIK INSTITUTE OF TECHNOLOGY,NAVI MUMBAI,2017,597536
AMDOCS,DWARKADAS J. SANGHVI COLLEGE OF ENGINEERING,MUMBAI,2017,670156
CAPGEMINI,MIT COLLEGE OF ENGINEERING,PUNE,2016,806903
ECLINICALWORKS,COLLEGE OF ENGINEERING PUNE,PUNE,2016,589625
THIRDWARE SOLUTION,INDIRA COLLEGE OF ENGINEERING AND MANAGEMENT,PUNE,2016,443055
PROTEGRITY,RAMRAO ADIK INSTITUTE OF TECHNOLOGY,NAVI MUMBAI,2016,1198251
XORIANT,LOKMANYA TILAK COLLEGE OF ENGINEERING,NAVI MUMBAI,2017,660054
GEP,DWARKADAS J. SANGHVI COLLEGE OF ENGINEERING,MUMBAI,2018,732117
PROTEGRITY,LOKMANYA TILAK COLLEGE OF ENGINEERING,NAVI MUMBAI,2015,53617
ZENSAR TECHNOLOGIES,ARMY INSTITUTE OF TECHNOLOGY,PUNE,2018,1097553
AMAZON,THAKUR COLLEGE OF ENGINEERING AND TECHNOLOGY,MUMBAI,2015,439186
NSEIT,PILLAI HOC COLLEGE OF ENGINEERING AND TECHNOLOGY,NAVI MUMBAI,2015,48713
YAHOO,XAVIER INSTITUTE OF ENGINEERING,MUMBAI,2016,385370
DIRECTI,K. J. SOMAIYA COLLEGE OF ENGINEERING,MUMBAI,2018,1656475
MPHASIS,"TRINITY COLLEGE OF ENGINEERING AND RESEARCH,PUNE",PUNE,2018,710194
INFIBEAM,RAMRAO ADIK INSTITUTE OF TECHNOLOGY,NAVI MUMBAI,2018,180514
HDFC,ALAMURI RATNAMALA INSTITUTE OF ENGINEERING & TECHNOLOGY,THANE,2016,527079
MINDTREE,PILLAI HOC COLLEGE OF ENGINEERING AND TECHNOLOGY,NAVI MUMBAI,2018,18094
IBM,VISHWAKARMA INSTITUTE OF TECHNOLOGY,PUNE,2018,436616
DIRECTI,RAMRAO ADIK INSTITUTE OF TECHNOLOGY,NAVI MUMBAI,2015,25406
AMAZON,COLLEGE OF ENGINEERING PUNE,PUNE,2018,440622
FRACTAL ANALYTICS,DHOLE PATIL COLLEGE OF ENGINEERING PUNE,PUNE,2016,13146
TOPPR.COM,"SHREE RAMCHANDRA COLLEGE OF ENGINEERING,PUNE",PUNE,2017,400920
ORACLE,THADOMAL SHAHANI ENGINEERING COLLEGE,MUMBAI,2018,753646
BHARAT PETROLEUM,THADOMAL SHAHANI ENGINEERING COLLEGE,MUMBAI,2015,387286
HEXAWARE TECHNOLOGIES,ARMY INSTITUTE OF TECHNOLOGY,PUNE,2014,746660
DIRECTI,DWARKADAS J. SANGHVI COLLEGE OF ENGINEERING,MUMBAI,2018,1656475
ATIDAN,DWARKADAS J. SANGHVI COLLEGE OF ENGINEERING,MUMBAI,2016,931906
QAD,ALAMURI RATNAMALA INSTITUTE OF ENGINEERING & TECHNOLOGY,THANE,2018,760168
DELOITTE,THADOMAL SHAHANI ENGINEERING COLLEGE,MUMBAI,2018,331295
PC TECHNOLOGY,VEERMATA JIJABAI TECHNOLOGICAL INSTITUTE,MUMBAI,2018,790365
INFOSYS,BHARATI VIDYAPEETH COLLEGE OF ENGINEERING,PUNE,2014,619930
NUCSOFT,ARMY INSTITUTE OF TECHNOLOGY,PUNE,2018,29854
MICROSOFT,XAVIER INSTITUTE OF ENGINEERING,MUMBAI,2014,1190529
ACCENTURE,XAVIER INSTITUTE OF ENGINEERING,MUMBAI,2017,306527
ATOS,PILLAI HOC COLLEGE OF ENGINEERING AND TECHNOLOGY,NAVI MUMBAI,2017,718518
SYNTROSYS,DWARKADAS J. SANGHVI COLLEGE OF ENGINEERING,MUMBAI,2017,12624
EDELWEISS FINANCIAL SERVICES,BHARATI VIDYAPEETH COLLEGE OF ENGINEERING,PUNE,2017,960657
CMS IT SERVICES,BHARATI VIDYAPEETH COLLEGE OF ENGINEERING,PUNE,2017,436867
TECH MAHINDRA,ARMY INSTITUTE OF TECHNOLOGY,PUNE,2018,480982
NETWORK 18,VISHWAKARMA INSTITUTE OF TECHNOLOGY,PUNE,2018,443438
GOOGLE,THAKUR COLLEGE OF ENGINEERING AND TECHNOLOGY,MUMBAI,2017,53592
WIPRO,COLLEGE OF ENGINEERING PUNE,PUNE,2018,482653
PROTEGRITY,RAMRAO ADIK INSTITUTE OF TECHNOLOGY,NAVI MUMBAI,2017,1176245
IBM INDIA,PILLAI HOC COLLEGE OF ENGINEERING AND TECHNOLOGY,NAVI MUMBAI,2017,576708
NUCSOFT,COLLEGE OF ENGINEERING PUNE,PUNE,2015,30423
IBM,DWARKADAS J. SANGHVI COLLEGE OF ENGINEERING,MUMBAI,2015,368664
RAJA SOFTWARE LABS,THADOMAL SHAHANI ENGINEERING COLLEGE,MUMBAI,2014,454219
ACCENTURE,BHARATI VIDYAPEETH COLLEGE OF ENGINEERING,PUNE,2016,668468
PC TECHNOLOGY,BHARATI VIDYAPEETH COLLEGE OF ENGINEERING,PUNE,2015,17436
SIEMENS,VEERMATA JIJABAI TECHNOLOGICAL INSTITUTE,MUMBAI,2018,484222
ENDURANCE INTERNATIONAL GROUP,"SHREE RAMCHANDRA COLLEGE OF ENGINEERING,PUNE",PUNE,2016,787801
CMC,PILLAI HOC COLLEGE OF ENGINEERING AND TECHNOLOGY,NAVI MUMBAI,2016,183392
CAPGEMINI,"SHREE RAMCHANDRA COLLEGE OF ENGINEERING,PUNE",PUNE,2017,381958
INFOSYS,THAKUR COLLEGE OF ENGINEERING AND TECHNOLOGY,MUMBAI,2014,618312
MAQ SOFTWARE,ARMY INSTITUTE OF TECHNOLOGY,PUNE,2015,768522
NEWGEN,COLLEGE OF ENGINEERING PUNE,PUNE,2018,11107
MEDIA.NET,RAMRAO ADIK INSTITUTE OF TECHNOLOGY,NAVI MUMBAI,2015,1417606
BANK OF AMERICA,THAKUR COLLEGE OF ENGINEERING AND TECHNOLOGY,MUMBAI,2018,897614
INGRAM MICRO,PILLAI HOC COLLEGE OF ENGINEERING AND TECHNOLOGY,NAVI MUMBAI,2018,363745
SIEMENS,COLLEGE OF ENGINEERING PUNE,PUNE,2015,483994
ORACLE,VISHWAKARMA INSTITUTE OF TECHNOLOGY,PUNE,2018,473744
BHARAT PETROLEUM,XAVIER INSTITUTE OF ENGINEERING,MUMBAI,2014,381212
NEWGEN SOFTWARE,DHOLE PATIL COLLEGE OF ENGINEERING PUNE,PUNE,2014,717468
YAHOO,DHOLE PATIL COLLEGE OF ENGINEERING PUNE,PUNE,2015,385453
NEOSOFT,DWARKADAS J. SANGHVI COLLEGE OF ENGINEERING,MUMBAI,2015,379098
RAJA SOFTWARE LABS,PILLAI HOC COLLEGE OF ENGINEERING AND TECHNOLOGY,NAVI MUMBAI,2016,449717
MORGAN STANLEY,MIT COLLEGE OF ENGINEERING,PUNE,2018,1751794
MEDIA.NET,PILLAI HOC COLLEGE OF ENGINEERING AND TECHNOLOGY,NAVI MUMBAI,2018,1385379
NETWORK 18,PUNE INSTITUTE OF COMPUTER TECHNOLOGY,PUNE,2018,55507
ACCENTURE,"TRINITY COLLEGE OF ENGINEERING AND RESEARCH,PUNE",PUNE,2016,670630
THIRDWARE SOLUTION,COLLEGE OF ENGINEERING PUNE,PUNE,2016,446737
INFOGAIN,VEERMATA JIJABAI TECHNOLOGICAL INSTITUTE,MUMBAI,2018,229021
IBM,DWARKADAS J. SANGHVI COLLEGE OF ENGINEERING,MUMBAI,2018,379130
INFOSYS,DWARKADAS J. SANGHVI COLLEGE OF ENGINEERING,MUMBAI,2014,476789
MILES SOFTWARE,PILLAI HOC COLLEGE OF ENGINEERING AND TECHNOLOGY,NAVI MUMBAI,2015,340956
BANK OF AMERICA,VISHWAKARMA INSTITUTE OF TECHNOLOGY,PUNE,2015,802368
INFIBEAM,PILLAI COLLEGE OF ENGINEERING,NAVI MUMBAI,2018,176580
INDUS VALLEY PARTNERS,LOKMANYA TILAK COLLEGE OF ENGINEERING,NAVI MUMBAI,2016,802217
VERIZON,ALAMURI RATNAMALA INSTITUTE OF ENGINEERING & TECHNOLOGY,THANE,2017,570527
SYNTROSYS,ALAMURI RATNAMALA INSTITUTE OF ENGINEERING & TECHNOLOGY,THANE,2014,956402
KPIT TECHNOLOGIES,PUNE INSTITUTE OF COMPUTER TECHNOLOGY,PUNE,2018,797402
ATOS,DWARKADAS J. SANGHVI COLLEGE OF ENGINEERING,MUMBAI,2017,25600
CREDIT SUISSE,DHOLE PATIL COLLEGE OF ENGINEERING PUNE,PUNE,2014,301298
NVIDIA,PILLAI COLLEGE OF ENGINEERING,NAVI MUMBAI,2017,245779
ZYCUS,VEERMATA JIJABAI TECHNOLOGICAL INSTITUTE,MUMBAI,2017,41912
TATA CONSULTANCY SERVICES,PILLAI COLLEGE OF ENGINEERING,NAVI MUMBAI,2017,362845
NSEIT,PILLAI HOC COLLEGE OF ENGINEERING AND TECHNOLOGY,NAVI MUMBAI,2014,49629
AMAZON,SMT. INDIRA GANDHI COLLEGE OF ENGINEERING,NAVI MUMBAI,2016,20763
XL DYNAMICS,VISHWAKARMA INSTITUTE OF TECHNOLOGY,PUNE,2014,684593
THIRDWARE SOLUTION,PILLAI HOC COLLEGE OF ENGINEERING AND TECHNOLOGY,NAVI MUMBAI,2015,450912
SYMANTEC,VEERMATA JIJABAI TECHNOLOGICAL INSTITUTE,MUMBAI,2014,15619
MPHASIS,BHARATI VIDYAPEETH COLLEGE OF ENGINEERING,PUNE,2014,710923
BHARAT PETROLEUM,THADOMAL SHAHANI ENGINEERING COLLEGE,MUMBAI,2017,389514
VPHRASE,VISHWAKARMA INSTITUTE OF TECHNOLOGY,PUNE,2016,418715
TECH MAHINDRA,ALAMURI RATNAMALA INSTITUTE OF ENGINEERING & TECHNOLOGY,THANE,2017,28964
CAPITA,PUNE INSTITUTE OF COMPUTER TECHNOLOGY,PUNE,2017,581170
QUALITYKIOSK,VEERMATA JIJABAI TECHNOLOGICAL INSTITUTE,MUMBAI,2018,29872
MILES SOFTWARE,COLLEGE OF ENGINEERING PUNE,PUNE,2018,652677
CIMPRESS,"DR. D. Y. PATIL VIDYAPEETH, PUNE",PUNE,2016,1352579
UGAM,VISHWAKARMA INSTITUTE OF TECHNOLOGY,PUNE,2018,540791
NEWGEN SOFTWARE,"DR. D. Y. PATIL VIDYAPEETH, PUNE",PUNE,2015,438212
IDBI INTECH,SMT. INDIRA GANDHI COLLEGE OF ENGINEERING,NAVI MUMBAI,2015,547689
INFOSYS,BHARATI VIDYAPEETH COLLEGE OF ENGINEERING,PUNE,2014,623411
MORGAN STANLEY,RAMRAO ADIK INSTITUTE OF TECHNOLOGY,NAVI MUMBAI,2016,1764982
ADOBE,ARMY INSTITUTE OF TECHNOLOGY,PUNE,2016,1209761
MORGAN STANLEY,VEERMATA JIJABAI TECHNOLOGICAL INSTITUTE,MUMBAI,2014,1764982
DELOITTE,VEERMATA JIJABAI TECHNOLOGICAL INSTITUTE,MUMBAI,2016,328689
NUCSOFT,"DR. D. Y. PATIL VIDYAPEETH, PUNE",PUNE,2015,30044
RAVE TECHNOLOGIES,LOKMANYA TILAK COLLEGE OF ENGINEERING,NAVI MUMBAI,2017,636636
SCHNEIDER ELECTRIC,INDIRA COLLEGE OF ENGINEERING AND MANAGEMENT,PUNE,2015,441791
OSP LABS,THAKUR COLLEGE OF ENGINEERING AND TECHNOLOGY,MUMBAI,2018,861754
YAHOO,MIT COLLEGE OF ENGINEERING,PUNE,2016,384804
DIRECTI,PUNE INSTITUTE OF COMPUTER TECHNOLOGY,PUNE,2016,25032
ACCENTURE,"DR. D. Y. PATIL VIDYAPEETH, PUNE",PUNE,2016,672251
NETWORK 18,PILLAI COLLEGE OF ENGINEERING,NAVI MUMBAI,2018,55247
ZENSAR TECHNOLOGIES,COLLEGE OF ENGINEERING PUNE,PUNE,2018,1104300
BANK OF AMERICA,VISHWAKARMA INSTITUTE OF TECHNOLOGY,PUNE,2017,886642
BNP PARIBAS,VEERMATA JIJABAI TECHNOLOGICAL INSTITUTE,MUMBAI,2018,38791
DELOITTE,ARMY INSTITUTE OF TECHNOLOGY,PUNE,2016,755311
OSP LABS,COLLEGE OF ENGINEERING PUNE,PUNE,2015,849897
INFOSYS,BHARATI VIDYAPEETH COLLEGE OF ENGINEERING,PUNE,2016,465647
SCHNEIDER ELECTRIC,VISHWAKARMA INSTITUTE OF TECHNOLOGY,PUNE,2017,433982
IBM INDIA,K. J. SOMAIYA COLLEGE OF ENGINEERING,MUMBAI,2017,582464
CAPITA,VISHWAKARMA INSTITUTE OF TECHNOLOGY,PUNE,2018,591307
TATA COMMUNICATIONS,PILLAI COLLEGE OF ENGINEERING,NAVI MUMBAI,2014,670433
IDBI INTECH,COLLEGE OF ENGINEERING PUNE,PUNE,2015,391185
TIBCO SOFTWARE,COLLEGE OF ENGINEERING PUNE,PUNE,2018,1287265
IDBI INTECH,THADOMAL SHAHANI ENGINEERING COLLEGE,MUMBAI,2017,380691
DIRECTI,INDIRA COLLEGE OF ENGINEERING AND MANAGEMENT,PUNE,2015,1668361
MAQ SOFTWARE,"DR. D. Y. PATIL VIDYAPEETH, PUNE",PUNE,2016,1615914
CRMNEXT,"TRINITY COLLEGE OF ENGINEERING AND RESEARCH,PUNE",PUNE,2017,26009
WISDMLABS,"SHREE RAMCHANDRA COLLEGE OF ENGINEERING,PUNE",PUNE,2017,459673
GEP,PILLAI HOC COLLEGE OF ENGINEERING AND TECHNOLOGY,NAVI MUMBAI,2014,771737
INFOSYS,DHOLE PATIL COLLEGE OF ENGINEERING PUNE,PUNE,2018,470498
ECLINICALWORKS,BHARATI VIDYAPEETH COLLEGE OF ENGINEERING,PUNE,2015,343078
NSEIT,DWARKADAS J. SANGHVI COLLEGE OF ENGINEERING,MUMBAI,2016,51316
MAJESCO,VISHWAKARMA INSTITUTE OF TECHNOLOGY,PUNE,2014,421653
TOPPR.COM,XAVIER INSTITUTE OF ENGINEERING,MUMBAI,2018,1001186
QUALITYKIOSK,THAKUR COLLEGE OF ENGINEERING AND TECHNOLOGY,MUMBAI,2017,26907
AMAZON,LOKMANYA TILAK COLLEGE OF ENGINEERING,NAVI MUMBAI,2017,20858
GEOMETRIC SOFTWARE SOLUTIONS,MIT COLLEGE OF ENGINEERING,PUNE,2018,346240
NUCSOFT,RAMRAO ADIK INSTITUTE OF TECHNOLOGY,NAVI MUMBAI,2017,225812
RUBIQUE,PILLAI COLLEGE OF ENGINEERING,NAVI MUMBAI,2018,1014936
AMAZON,PILLAI HOC COLLEGE OF ENGINEERING AND TECHNOLOGY,NAVI MUMBAI,2016,429719
DIRECTI,VEERMATA JIJABAI TECHNOLOGICAL INSTITUTE,MUMBAI,2014,25544
HEXAWARE TECHNOLOGIES,K. J. SOMAIYA COLLEGE OF ENGINEERING,MUMBAI,2016,762728
TECH MAHINDRA,K. J. SOMAIYA COLLEGE OF ENGINEERING,MUMBAI,2016,484609
NUCSOFT,PILLAI HOC COLLEGE OF ENGINEERING AND TECHNOLOGY,NAVI MUMBAI,2018,29230
CMC,K. J. SOMAIYA COLLEGE OF ENGINEERING,MUMBAI,2018,421473
ECLINICALWORKS,XAVIER INSTITUTE OF ENGINEERING,MUMBAI,2018,343078
MAJESCO,COLLEGE OF ENGINEERING PUNE,PUNE,2018,497272
TIBCO SOFTWARE,RAMRAO ADIK INSTITUTE OF TECHNOLOGY,NAVI MUMBAI,2015,1277723
TATA CONSULTANCY SERVICES,LOKMANYA TILAK COLLEGE OF ENGINEERING,NAVI MUMBAI,2018,360210
LARSEN & TOUBRO,PILLAI HOC COLLEGE OF ENGINEERING AND TECHNOLOGY,NAVI MUMBAI,2017,1791874
QUINNOX,ALAMURI RATNAMALA INSTITUTE OF ENGINEERING & TECHNOLOGY,THANE,2017,788735
INDUS VALLEY PARTNERS,COLLEGE OF ENGINEERING PUNE,PUNE,2015,799747
INDUS VALLEY PARTNERS,DWARKADAS J. SANGHVI COLLEGE OF ENGINEERING,MUMBAI,2015,797261
QUANTIPHI,DWARKADAS J. SANGHVI COLLEGE OF ENGINEERING,MUMBAI,2016,30092
INGRAM MICRO,THAKUR COLLEGE OF ENGINEERING AND TECHNOLOGY,MUMBAI,2018,362509
INGRAM MICRO,SMT. INDIRA GANDHI COLLEGE OF ENGINEERING,NAVI MUMBAI,2018,365788
JIO,LOKMANYA TILAK COLLEGE OF ENGINEERING,NAVI MUMBAI,2014,750796
QUALITYKIOSK,DWARKADAS J. SANGHVI COLLEGE OF ENGINEERING,MUMBAI,2018,30239
SYMANTEC,DWARKADAS J. SANGHVI COLLEGE OF ENGINEERING,MUMBAI,2014,1807732
CMC,K. J. SOMAIYA COLLEGE OF ENGINEERING,MUMBAI,2014,426582
ATOS,ARMY INSTITUTE OF TECHNOLOGY,PUNE,2018,25580
GODREJ INFOTECH,PUNE INSTITUTE OF COMPUTER TECHNOLOGY,PUNE,2016,386267
GEP,THADOMAL SHAHANI ENGINEERING COLLEGE,MUMBAI,2016,746628
INFOGAIN,DWARKADAS J. SANGHVI COLLEGE OF ENGINEERING,MUMBAI,2017,225812
MAJESCO,BHARATI VIDYAPEETH COLLEGE OF ENGINEERING,PUNE,2018,432807
UBS,MIT COLLEGE OF ENGINEERING,PUNE,2017,379030
INDUS VALLEY PARTNERS,THADOMAL SHAHANI ENGINEERING COLLEGE,MUMBAI,2014,789175
AMAZON,VISHWAKARMA INSTITUTE OF TECHNOLOGY,PUNE,2016,444182
NEOSOFT TECHNOLOGIES,"DR. D. Y. PATIL VIDYAPEETH, PUNE",PUNE,2017,486136
CAPGEMINI,"SHREE RAMCHANDRA COLLEGE OF ENGINEERING,PUNE",PUNE,2018,781479
SIEMENS,XAVIER INSTITUTE OF ENGINEERING,MUMBAI,2015,508241
GENPACT,SMT. INDIRA GANDHI COLLEGE OF ENGINEERING,NAVI MUMBAI,2018,623983
HEWLETT-PACKARD,VISHWAKARMA INSTITUTE OF TECHNOLOGY,PUNE,2016,54824
ENDURANCE INTERNATIONAL GROUP,PILLAI HOC COLLEGE OF ENGINEERING AND TECHNOLOGY,NAVI MUMBAI,2018,772312
QUALITYKIOSK,VEERMATA JIJABAI TECHNOLOGICAL INSTITUTE,MUMBAI,2018,26751
MAJESCO,PUNE INSTITUTE OF COMPUTER TECHNOLOGY,PUNE,2016,432935
UBS,VISHWAKARMA INSTITUTE OF TECHNOLOGY,PUNE,2018,1763684
IDBI INTECH,INDIRA COLLEGE OF ENGINEERING AND MANAGEMENT,PUNE,2018,547689
INFOSYS,COLLEGE OF ENGINEERING PUNE,PUNE,2018,470498
CAPITA,MIT COLLEGE OF ENGINEERING,PUNE,2015,579967
NUCSOFT,ALAMURI RATNAMALA INSTITUTE OF ENGINEERING & TECHNOLOGY,THANE,2017,232230
MICROSOFT,VEERMATA JIJABAI TECHNOLOGICAL INSTITUTE,MUMBAI,2015,1194673
SELEC,ALAMURI RATNAMALA INSTITUTE OF ENGINEERING & TECHNOLOGY,THANE,2018,41169
WIPRO,COLLEGE OF ENGINEERING PUNE,PUNE,2015,492979
SAP,INDIRA COLLEGE OF ENGINEERING AND MANAGEMENT,PUNE,2014,793859
IGATE,PILLAI HOC COLLEGE OF ENGINEERING AND TECHNOLOGY,NAVI MUMBAI,2018,29996
CAPGEMINI,PILLAI COLLEGE OF ENGINEERING,NAVI MUMBAI,2018,390727
INGRAM MICRO,BHARATI VIDYAPEETH COLLEGE OF ENGINEERING,PUNE,2015,362445
ACCOLITE,BHARATI VIDYAPEETH COLLEGE OF ENGINEERING,PUNE,2016,1141263
EDELWEISS FINANCIAL SERVICES,THAKUR COLLEGE OF ENGINEERING AND TECHNOLOGY,MUMBAI,2015,909793
SAINT-GOBAIN,THAKUR COLLEGE OF ENGINEERING AND TECHNOLOGY,MUMBAI,2017,716982
INFOGAIN,K. J. SOMAIYA COLLEGE OF ENGINEERING,MUMBAI,2018,415614
MU SIGMA,DWARKADAS J. SANGHVI COLLEGE OF ENGINEERING,MUMBAI,2016,352966
OSP LABS,XAVIER INSTITUTE OF ENGINEERING,MUMBAI,2016,885974
NUCSOFT,SMT. INDIRA GANDHI COLLEGE OF ENGINEERING,NAVI MUMBAI,2015,30451
SIEMENS,ALAMURI RATNAMALA INSTITUTE OF ENGINEERING & TECHNOLOGY,THANE,2018,508816
CALSOFT,VISHWAKARMA INSTITUTE OF TECHNOLOGY,PUNE,2018,16625
MORGAN STANLEY,ALAMURI RATNAMALA INSTITUTE OF ENGINEERING & TECHNOLOGY,THANE,2016,520967
CYBAGE SOFTWARE,SMT. INDIRA GANDHI COLLEGE OF ENGINEERING,NAVI MUMBAI,2015,342059
IBM INDIA,RAMRAO ADIK INSTITUTE OF TECHNOLOGY,NAVI MUMBAI,2017,562658
MAJESCO,PILLAI HOC COLLEGE OF ENGINEERING AND TECHNOLOGY,NAVI MUMBAI,2014,428497
NEWGEN SOFTWARE,MIT COLLEGE OF ENGINEERING,PUNE,2016,443537
ATIDAN,ARMY INSTITUTE OF TECHNOLOGY,PUNE,2014,828852
NVIDIA,ALAMURI RATNAMALA INSTITUTE OF ENGINEERING & TECHNOLOGY,THANE,2018,22327
DELOITTE,DHOLE PATIL COLLEGE OF ENGINEERING PUNE,PUNE,2014,329545
INFORMATICA,K. J. SOMAIYA COLLEGE OF ENGINEERING,MUMBAI,2018,382233
QAD,PILLAI HOC COLLEGE OF ENGINEERING AND TECHNOLOGY,NAVI MUMBAI,2016,873389
ORACLE,LOKMANYA TILAK COLLEGE OF ENGINEERING,NAVI MUMBAI,2017,478378
HEXAWARE TECHNOLOGIES,DWARKADAS J. SANGHVI COLLEGE OF ENGINEERING,MUMBAI,2018,747185
ACCENTURE,PILLAI HOC COLLEGE OF ENGINEERING AND TECHNOLOGY,NAVI MUMBAI,2017,654833
CLOVER INFOTECH,RAMRAO ADIK INSTITUTE OF TECHNOLOGY,NAVI MUMBAI,2018,385249
HDFC,ALAMURI RATNAMALA INSTITUTE OF ENGINEERING & TECHNOLOGY,THANE,2017,550729
MPHASIS,MIT COLLEGE OF ENGINEERING,PUNE,2015,710194
CMC,ARMY INSTITUTE OF TECHNOLOGY,PUNE,2017,185044
GENPACT,DWARKADAS J. SANGHVI COLLEGE OF ENGINEERING,MUMBAI,2018,623983
TCS,ARMY INSTITUTE OF TECHNOLOGY,PUNE,2018,40870
IDBI INTECH,XAVIER INSTITUTE OF ENGINEERING,MUMBAI,2017,384639
CAPITA,INDIRA COLLEGE OF ENGINEERING AND MANAGEMENT,PUNE,2014,563924
AMDOCS,VEERMATA JIJABAI TECHNOLOGICAL INSTITUTE,MUMBAI,2017,684409
MIRRAW,DWARKADAS J. SANGHVI COLLEGE OF ENGINEERING,MUMBAI,2016,30914
UBS,PUNE INSTITUTE OF COMPUTER TECHNOLOGY,PUNE,2018,1801956
SAP,VEERMATA JIJABAI TECHNOLOGICAL INSTITUTE,MUMBAI,2015,57069
GEP,THAKUR COLLEGE OF ENGINEERING AND TECHNOLOGY,MUMBAI,2014,751070
BNP PARIBAS,ALAMURI RATNAMALA INSTITUTE OF ENGINEERING & TECHNOLOGY,THANE,2017,54898
ORACLE,COLLEGE OF ENGINEERING PUNE,PUNE,2017,734144
CMS IT SERVICES,THADOMAL SHAHANI ENGINEERING COLLEGE,MUMBAI,2015,427196
QUANTIPHI,ARMY INSTITUTE OF TECHNOLOGY,PUNE,2014,866916
TATA COMMUNICATIONS,K. J. SOMAIYA COLLEGE OF ENGINEERING,MUMBAI,2017,676666
SYNTROSYS,XAVIER INSTITUTE OF ENGINEERING,MUMBAI,2014,963980
DELOITTE,SMT. INDIRA GANDHI COLLEGE OF ENGINEERING,NAVI MUMBAI,2015,754349
LARSEN & TOUBRO,PILLAI HOC COLLEGE OF ENGINEERING AND TECHNOLOGY,NAVI MUMBAI,2014,1753969
TCS,SMT. INDIRA GANDHI COLLEGE OF ENGINEERING,NAVI MUMBAI,2015,41172
TIBCO SOFTWARE,ARMY INSTITUTE OF TECHNOLOGY,PUNE,2016,592710
KPIT TECHNOLOGIES,ALAMURI RATNAMALA INSTITUTE OF ENGINEERING & TECHNOLOGY,THANE,2018,797402
THIRDWARE SOLUTION,PUNE INSTITUTE OF COMPUTER TECHNOLOGY,PUNE,2014,485399
AMAZON,ARMY INSTITUTE OF TECHNOLOGY,PUNE,2014,20866
NEOSOFT TECHNOLOGIES,PUNE INSTITUTE OF COMPUTER TECHNOLOGY,PUNE,2016,492323
ACCENTURE,THAKUR COLLEGE OF ENGINEERING AND TECHNOLOGY,MUMBAI,2014,676510
CREDIT SUISSE,BHARATI VIDYAPEETH COLLEGE OF ENGINEERING,PUNE,2017,293790
QUALITYKIOSK,THADOMAL SHAHANI ENGINEERING COLLEGE,MUMBAI,2017,30978
CREDIT SUISSE,PUNE INSTITUTE OF COMPUTER TECHNOLOGY,PUNE,2015,979521
TATA,PUNE INSTITUTE OF COMPUTER TECHNOLOGY,PUNE,2018,94373
VPHRASE,K. J. SOMAIYA COLLEGE OF ENGINEERING,MUMBAI,2018,417595
SCHNEIDER ELECTRIC,VISHWAKARMA INSTITUTE OF TECHNOLOGY,PUNE,2014,446725
INFOSYS,DHOLE PATIL COLLEGE OF ENGINEERING PUNE,PUNE,2014,629139
MU SIGMA,THADOMAL SHAHANI ENGINEERING COLLEGE,MUMBAI,2018,709027
YAHOO,BHARATI VIDYAPEETH COLLEGE OF ENGINEERING,PUNE,2018,376823
HURIX,"TRINITY COLLEGE OF ENGINEERING AND RESEARCH,PUNE",PUNE,2018,887371
NVIDIA,XAVIER INSTITUTE OF ENGINEERING,MUMBAI,2017,22276
INFOSYS,DWARKADAS J. SANGHVI COLLEGE OF ENGINEERING,MUMBAI,2018,480946
NUCSOFT,PILLAI HOC COLLEGE OF ENGINEERING AND TECHNOLOGY,NAVI MUMBAI,2018,29854
GE,K. J. SOMAIYA COLLEGE OF ENGINEERING,MUMBAI,2014,530803
SAP,BHARATI VIDYAPEETH COLLEGE OF ENGINEERING,PUNE,2014,809825
UGAM,LOKMANYA TILAK COLLEGE OF ENGINEERING,NAVI MUMBAI,2018,799479
GODREJ INFOTECH,ALAMURI RATNAMALA INSTITUTE OF ENGINEERING & TECHNOLOGY,THANE,2018,388712
TECH MAHINDRA,THAKUR COLLEGE OF ENGINEERING AND TECHNOLOGY,MUMBAI,2014,495150
YAHOO,VISHWAKARMA INSTITUTE OF TECHNOLOGY,PUNE,2015,377109
CRMNEXT,BHARATI VIDYAPEETH COLLEGE OF ENGINEERING,PUNE,2015,25980
MEDIA.NET,ALAMURI RATNAMALA INSTITUTE OF ENGINEERING & TECHNOLOGY,THANE,2018,575267
NUCSOFT,"TRINITY COLLEGE OF ENGINEERING AND RESEARCH,PUNE",PUNE,2015,30060
MORGAN STANLEY,MIT COLLEGE OF ENGINEERING,PUNE,2014,1753103
INFOSYS,XAVIER INSTITUTE OF ENGINEERING,MUMBAI,2017,629880
THIRDWARE SOLUTION,THAKUR COLLEGE OF ENGINEERING AND TECHNOLOGY,MUMBAI,2018,438455
MASTEK,ARMY INSTITUTE OF TECHNOLOGY,PUNE,2015,39163
AMAZON,PILLAI HOC COLLEGE OF ENGINEERING AND TECHNOLOGY,NAVI MUMBAI,2014,440534
CAPGEMINI,THAKUR COLLEGE OF ENGINEERING AND TECHNOLOGY,MUMBAI,2015,773268
AMDOCS,DWARKADAS J. SANGHVI COLLEGE OF ENGINEERING,MUMBAI,2018,700596
JOHNSON CONTROLS,DHOLE PATIL COLLEGE OF ENGINEERING PUNE,PUNE,2014,795694
UBS,PILLAI HOC COLLEGE OF ENGINEERING AND TECHNOLOGY,NAVI MUMBAI,2015,387198
CAPGEMINI,VEERMATA JIJABAI TECHNOLOGICAL INSTITUTE,MUMBAI,2017,794187
IBM,"SHREE RAMCHANDRA COLLEGE OF ENGINEERING,PUNE",PUNE,2016,440011
WIPRO,THAKUR COLLEGE OF ENGINEERING AND TECHNOLOGY,MUMBAI,2016,496742
VPHRASE,INDIRA COLLEGE OF ENGINEERING AND MANAGEMENT,PUNE,2016,404824
NEOSOFT,RAMRAO ADIK INSTITUTE OF TECHNOLOGY,NAVI MUMBAI,2018,390099
ENDURANCE INTERNATIONAL GROUP,MIT COLLEGE OF ENGINEERING,PUNE,2016,771234
GEP,XAVIER INSTITUTE OF ENGINEERING,MUMBAI,2017,747497
QUALITYKIOSK,LOKMANYA TILAK COLLEGE OF ENGINEERING,NAVI MUMBAI,2016,26514
PC TECHNOLOGY,MIT COLLEGE OF ENGINEERING,PUNE,2018,802180
ADOBE,"DR. D. Y. PATIL VIDYAPEETH, PUNE",PUNE,2017,109893
NEWGEN SOFTWARE,ALAMURI RATNAMALA INSTITUTE OF ENGINEERING & TECHNOLOGY,THANE,2018,708060
ADOBE,DHOLE PATIL COLLEGE OF ENGINEERING PUNE,PUNE,2015,109643
GOOGLE,K. J. SOMAIYA COLLEGE OF ENGINEERING,MUMBAI,2017,45228
GEOMETRIC SOFTWARE SOLUTIONS,DWARKADAS J. SANGHVI COLLEGE OF ENGINEERING,MUMBAI,2018,346240
MICROSOFT,PILLAI HOC COLLEGE OF ENGINEERING AND TECHNOLOGY,NAVI MUMBAI,2018,1176245
CMS IT SERVICES,INDIRA COLLEGE OF ENGINEERING AND MANAGEMENT,PUNE,2014,435255
INFOSYS,INDIRA COLLEGE OF ENGINEERING AND MANAGEMENT,PUNE,2018,635906
ATOS,INDIRA COLLEGE OF ENGINEERING AND MANAGEMENT,PUNE,2018,25600
TATA,VISHWAKARMA INSTITUTE OF TECHNOLOGY,PUNE,2017,96583
QUINNOX,DWARKADAS J. SANGHVI COLLEGE OF ENGINEERING,MUMBAI,2015,439301
CMS IT SERVICES,MIT COLLEGE OF ENGINEERING,PUNE,2018,454169
ORACLE,"TRINITY COLLEGE OF ENGINEERING AND RESEARCH,PUNE",PUNE,2018,473711
ORACLE,XAVIER INSTITUTE OF ENGINEERING,MUMBAI,2016,769093
GEP,DWARKADAS J. SANGHVI COLLEGE OF ENGINEERING,MUMBAI,2016,757753
NVIDIA,MIT COLLEGE OF ENGINEERING,PUNE,2017,252019
QUINNOX,VISHWAKARMA INSTITUTE OF TECHNOLOGY,PUNE,2015,776312
WNS,LOKMANYA TILAK COLLEGE OF ENGINEERING,NAVI MUMBAI,2015,469295
ARK TECHNOSOLUTIONS,DWARKADAS J. SANGHVI COLLEGE OF ENGINEERING,MUMBAI,2018,1141263
IBM,K. J. SOMAIYA COLLEGE OF ENGINEERING,MUMBAI,2017,444804
DIRECTI,DWARKADAS J. SANGHVI COLLEGE OF ENGINEERING,MUMBAI,2016,26125
QUANTIPHI,PILLAI COLLEGE OF ENGINEERING,NAVI MUMBAI,2014,30391
BANK OF AMERICA,VISHWAKARMA INSTITUTE OF TECHNOLOGY,PUNE,2014,895164
SYMANTEC,PUNE INSTITUTE OF COMPUTER TECHNOLOGY,PUNE,2016,15948
NUCSOFT,PUNE INSTITUTE OF COMPUTER TECHNOLOGY,PUNE,2018,224345
MORGAN STANLEY,XAVIER INSTITUTE OF ENGINEERING,MUMBAI,2017,512642
IBM INDIA,PILLAI COLLEGE OF ENGINEERING,NAVI MUMBAI,2014,570589
ADOBE,K. J. SOMAIYA COLLEGE OF ENGINEERING,MUMBAI,2014,1198262
TCS,PILLAI HOC COLLEGE OF ENGINEERING AND TECHNOLOGY,NAVI MUMBAI,2014,357972
IBM,"DR. D. Y. PATIL VIDYAPEETH, PUNE",PUNE,2015,371734
MAJESCO,"DR. D. Y. PATIL VIDYAPEETH, PUNE",PUNE,2014,420976
ATOS,PUNE INSTITUTE OF COMPUTER TECHNOLOGY,PUNE,2014,26362
NVIDIA,SMT. INDIRA GANDHI COLLEGE OF ENGINEERING,NAVI MUMBAI,2014,255691
CALSOFT,ALAMURI RATNAMALA INSTITUTE OF ENGINEERING & TECHNOLOGY,THANE,2017,16909
ACCENTURE,THAKUR COLLEGE OF ENGINEERING AND TECHNOLOGY,MUMBAI,2015,306092
INDUS VALLEY PARTNERS,DWARKADAS J. SANGHVI COLLEGE OF ENGINEERING,MUMBAI,2017,798668
WEATHERFORD,MIT COLLEGE OF ENGINEERING,PUNE,2018,499275
INFOSYS,THADOMAL SHAHANI ENGINEERING COLLEGE,MUMBAI,2015,646319
GEOMETRIC,RAMRAO ADIK INSTITUTE OF TECHNOLOGY,NAVI MUMBAI,2018,448266
TOPPR.COM,DWARKADAS J. SANGHVI COLLEGE OF ENGINEERING,MUMBAI,2018,395431
ACCENTURE,PUNE INSTITUTE OF COMPUTER TECHNOLOGY,PUNE,2017,304657
ZENSAR TECHNOLOGIES,INDIRA COLLEGE OF ENGINEERING AND MANAGEMENT,PUNE,2014,477331
HURIX,SMT. INDIRA GANDHI COLLEGE OF ENGINEERING,NAVI MUMBAI,2014,878812
MINDTREE,INDIRA COLLEGE OF ENGINEERING AND MANAGEMENT,PUNE,2014,17912
NEOSOFT TECHNOLOGIES,PILLAI COLLEGE OF ENGINEERING,NAVI MUMBAI,2016,468435
YAHOO,K. J. SOMAIYA COLLEGE OF ENGINEERING,MUMBAI,2018,370385
DELOITTE,VEERMATA JIJABAI TECHNOLOGICAL INSTITUTE,MUMBAI,2015,741821
GE,LOKMANYA TILAK COLLEGE OF ENGINEERING,NAVI MUMBAI,2018,540081
INDUS VALLEY PARTNERS,COLLEGE OF ENGINEERING PUNE,PUNE,2014,765929
WIPRO,DHOLE PATIL COLLEGE OF ENGINEERING PUNE,PUNE,2017,470711
HDFC,XAVIER INSTITUTE OF ENGINEERING,MUMBAI,2018,531440
WISDMLABS,ALAMURI RATNAMALA INSTITUTE OF ENGINEERING & TECHNOLOGY,THANE,2018,465330
IBM INDIA,PUNE INSTITUTE OF COMPUTER TECHNOLOGY,PUNE,2015,572341
IBM,DHOLE PATIL COLLEGE OF ENGINEERING PUNE,PUNE,2017,376870
MASTEK,DHOLE PATIL COLLEGE OF ENGINEERING PUNE,PUNE,2015,38817
SAINT-GOBAIN,ALAMURI RATNAMALA INSTITUTE OF ENGINEERING & TECHNOLOGY,THANE,2016,749955
AMAZON,VEERMATA JIJABAI TECHNOLOGICAL INSTITUTE,MUMBAI,2015,434148
AMAZON,PUNE INSTITUTE OF COMPUTER TECHNOLOGY,PUNE,2015,434959
UBS,COLLEGE OF ENGINEERING PUNE,PUNE,2015,1766655
BHARAT PETROLEUM,"TRINITY COLLEGE OF ENGINEERING AND RESEARCH,PUNE",PUNE,2017,388722
CALSOFT,THADOMAL SHAHANI ENGINEERING COLLEGE,MUMBAI,2018,16590
QUINNOX,RAMRAO ADIK INSTITUTE OF TECHNOLOGY,NAVI MUMBAI,2015,788735
MPHASIS,MIT COLLEGE OF ENGINEERING,PUNE,2018,719745
UBS,ALAMURI RATNAMALA INSTITUTE OF ENGINEERING & TECHNOLOGY,THANE,2015,382895
ATOS,MIT COLLEGE OF ENGINEERING,PUNE,2018,25711
INFOSYS,"DR. D. Y. PATIL VIDYAPEETH, PUNE",PUNE,2016,629494
WISDMLABS,"DR. D. Y. PATIL VIDYAPEETH, PUNE",PUNE,2017,1724538
IBM,VEERMATA JIJABAI TECHNOLOGICAL INSTITUTE,MUMBAI,2015,371673
SIEMENS,RAMRAO ADIK INSTITUTE OF TECHNOLOGY,NAVI MUMBAI,2018,495501
TATA CONSULTANCY SERVICES,SMT. INDIRA GANDHI COLLEGE OF ENGINEERING,NAVI MUMBAI,2017,750624
OSP LABS,"SHREE RAMCHANDRA COLLEGE OF ENGINEERING,PUNE",PUNE,2015,878050
WNS,PUNE INSTITUTE OF COMPUTER TECHNOLOGY,PUNE,2018,412822
ACCENTURE,PILLAI HOC COLLEGE OF ENGINEERING AND TECHNOLOGY,NAVI MUMBAI,2017,307682
YAHOO,DWARKADAS J. SANGHVI COLLEGE OF ENGINEERING,MUMBAI,2014,377435
NUCSOFT,ARMY INSTITUTE OF TECHNOLOGY,PUNE,2016,29919
EDELWEISS FINANCIAL SERVICES,PILLAI HOC COLLEGE OF ENGINEERING AND TECHNOLOGY,NAVI MUMBAI,2017,961066
CALSOFT,PUNE INSTITUTE OF COMPUTER TECHNOLOGY,PUNE,2014,16581
MAJESCO,PILLAI HOC COLLEGE OF ENGINEERING AND TECHNOLOGY,NAVI MUMBAI,2018,423289
NETWORK 18,VEERMATA JIJABAI TECHNOLOGICAL INSTITUTE,MUMBAI,2018,53788
SIEMENS,VEERMATA JIJABAI TECHNOLOGICAL INSTITUTE,MUMBAI,2015,486684
MILES SOFTWARE,PILLAI COLLEGE OF ENGINEERING,NAVI MUMBAI,2017,647740
NEWGEN SOFTWARE,ARMY INSTITUTE OF TECHNOLOGY,PUNE,2015,724484
ACCENTURE,SMT. INDIRA GANDHI COLLEGE OF ENGINEERING,NAVI MUMBAI,2018,299512
MASTEK,ALAMURI RATNAMALA INSTITUTE OF ENGINEERING & TECHNOLOGY,THANE,2016,38672
TATA,PUNE INSTITUTE OF COMPUTER TECHNOLOGY,PUNE,2016,94055
MAJESCO,ALAMURI RATNAMALA INSTITUTE OF ENGINEERING & TECHNOLOGY,THANE,2018,432777
NEOSOFT TECHNOLOGIES,COLLEGE OF ENGINEERING PUNE,PUNE,2017,474219
XL DYNAMICS,DWARKADAS J. SANGHVI COLLEGE OF ENGINEERING,MUMBAI,2017,393962
MICROSOFT,XAVIER INSTITUTE OF ENGINEERING,MUMBAI,2015,432503
INFORMATICA,PILLAI HOC COLLEGE OF ENGINEERING AND TECHNOLOGY,NAVI MUMBAI,2017,393044
SAP,DHOLE PATIL COLLEGE OF ENGINEERING PUNE,PUNE,2017,799479
INFOGAIN,DWARKADAS J. SANGHVI COLLEGE OF ENGINEERING,MUMBAI,2018,224640
MEDIA.NET,PILLAI COLLEGE OF ENGINEERING,NAVI MUMBAI,2014,567816
ATOS,VEERMATA JIJABAI TECHNOLOGICAL INSTITUTE,MUMBAI,2014,710619
GEOMETRIC,INDIRA COLLEGE OF ENGINEERING AND MANAGEMENT,PUNE,2018,454711
TIBCO SOFTWARE,VISHWAKARMA INSTITUTE OF TECHNOLOGY,PUNE,2014,1261468
QUANTIPHI,THAKUR COLLEGE OF ENGINEERING AND TECHNOLOGY,MUMBAI,2015,30658
HEXAWARE TECHNOLOGIES,INDIRA COLLEGE OF ENGINEERING AND MANAGEMENT,PUNE,2017,781114
UGAM,"DR. D. Y. PATIL VIDYAPEETH, PUNE",PUNE,2014,534650
OSP LABS,DWARKADAS J. SANGHVI COLLEGE OF ENGINEERING,MUMBAI,2015,887258
ACCENTURE,DWARKADAS J. SANGHVI COLLEGE OF ENGINEERING,MUMBAI,2016,666022
HEXAWARE TECHNOLOGIES,THADOMAL SHAHANI ENGINEERING COLLEGE,MUMBAI,2016,31089
ATOS,PUNE INSTITUTE OF COMPUTER TECHNOLOGY,PUNE,2017,25600
ACCENTURE,MIT COLLEGE OF ENGINEERING,PUNE,2015,662670
QAD,"DR. D. Y. PATIL VIDYAPEETH, PUNE",PUNE,2014,756373
TOPPR.COM,"TRINITY COLLEGE OF ENGINEERING AND RESEARCH,PUNE",PUNE,2016,392594
UBS,MIT COLLEGE OF ENGINEERING,PUNE,2017,366719
SABA SOFTWARE,XAVIER INSTITUTE OF ENGINEERING,MUMBAI,2014,707801
GEOMETRIC SOFTWARE SOLUTIONS,MIT COLLEGE OF ENGINEERING,PUNE,2015,355437
HDFC,"SHREE RAMCHANDRA COLLEGE OF ENGINEERING,PUNE",PUNE,2014,522754
WISDMLABS,COLLEGE OF ENGINEERING PUNE,PUNE,2016,470045
ACCENTURE,PUNE INSTITUTE OF COMPUTER TECHNOLOGY,PUNE,2015,299512
NETWORK 18,DWARKADAS J. SANGHVI COLLEGE OF ENGINEERING,MUMBAI,2015,54700
MIRRAW,VEERMATA JIJABAI TECHNOLOGICAL INSTITUTE,MUMBAI,2016,31821
INDUS VALLEY PARTNERS,DWARKADAS J. SANGHVI COLLEGE OF ENGINEERING,MUMBAI,2016,30306
NVIDIA,DHOLE PATIL COLLEGE OF ENGINEERING PUNE,PUNE,2015,245831
MORGAN STANLEY,PILLAI HOC COLLEGE OF ENGINEERING AND TECHNOLOGY,NAVI MUMBAI,2016,506538
WEATHERFORD,"SHREE RAMCHANDRA COLLEGE OF ENGINEERING,PUNE",PUNE,2014,499816
ADOBE,ARMY INSTITUTE OF TECHNOLOGY,PUNE,2018,111592
UGAM,DHOLE PATIL COLLEGE OF ENGINEERING PUNE,PUNE,2014,813651
IGATE,ARMY INSTITUTE OF TECHNOLOGY,PUNE,2018,29996
GEP,BHARATI VIDYAPEETH COLLEGE OF ENGINEERING,PUNE,2017,720193
ENDURANCE INTERNATIONAL GROUP,BHARATI VIDYAPEETH COLLEGE OF ENGINEERING,PUNE,2015,769393
ACCENTURE,SMT. INDIRA GANDHI COLLEGE OF ENGINEERING,NAVI MUMBAI,2014,653310
INFIBEAM,THADOMAL SHAHANI ENGINEERING COLLEGE,MUMBAI,2014,180637
CAPGEMINI,RAMRAO ADIK INSTITUTE OF TECHNOLOGY,NAVI MUMBAI,2018,793764
RAVE TECHNOLOGIES,"DR. D. Y. PATIL VIDYAPEETH, PUNE",PUNE,2018,639481
MEDIA.NET,DWARKADAS J. SANGHVI COLLEGE OF ENGINEERING,MUMBAI,2017,1385379
DELOITTE,PILLAI COLLEGE OF ENGINEERING,NAVI MUMBAI,2015,324525
QUINNOX,LOKMANYA TILAK COLLEGE OF ENGINEERING,NAVI MUMBAI,2015,791342
INFIBEAM,PUNE INSTITUTE OF COMPUTER TECHNOLOGY,PUNE,2017,177392
INFOSYS,MIT COLLEGE OF ENGINEERING,PUNE,2018,470498
TCS,PILLAI HOC COLLEGE OF ENGINEERING AND TECHNOLOGY,NAVI MUMBAI,2018,41319
GEOMETRIC,LOKMANYA TILAK COLLEGE OF ENGINEERING,NAVI MUMBAI,2018,444803
XL DYNAMICS,VISHWAKARMA INSTITUTE OF TECHNOLOGY,PUNE,2015,664435
BOOKMYSHOW,PILLAI COLLEGE OF ENGINEERING,NAVI MUMBAI,2016,356665
LIONBRIDGE,PUNE INSTITUTE OF COMPUTER TECHNOLOGY,PUNE,2017,44181
LARSEN & TOUBRO,THADOMAL SHAHANI ENGINEERING COLLEGE,MUMBAI,2014,1794887
THIRDWARE SOLUTION,XAVIER INSTITUTE OF ENGINEERING,MUMBAI,2016,493389
SIEMENS,MIT COLLEGE OF ENGINEERING,PUNE,2018,495501
HDFC,COLLEGE OF ENGINEERING PUNE,PUNE,2017,524430
IGATE,COLLEGE OF ENGINEERING PUNE,PUNE,2018,30273
NVIDIA,INDIRA COLLEGE OF ENGINEERING AND MANAGEMENT,PUNE,2016,22915
ATIDAN,RAMRAO ADIK INSTITUTE OF TECHNOLOGY,NAVI MUMBAI,2016,953165
ATOS,XAVIER INSTITUTE OF ENGINEERING,MUMBAI,2015,712483
QAD,"DR. D. Y. PATIL VIDYAPEETH, PUNE",PUNE,2018,750237
IBM,PUNE INSTITUTE OF COMPUTER TECHNOLOGY,PUNE,2015,374779
XORIANT,SMT. INDIRA GANDHI COLLEGE OF ENGINEERING,NAVI MUMBAI,2018,657673
CYBAGE SOFTWARE,RAMRAO ADIK INSTITUTE OF TECHNOLOGY,NAVI MUMBAI,2017,599740
SIEMENS,VISHWAKARMA INSTITUTE OF TECHNOLOGY,PUNE,2018,495041
CAPGEMINI,DHOLE PATIL COLLEGE OF ENGINEERING PUNE,PUNE,2017,777897
NEOSOFT,PILLAI COLLEGE OF ENGINEERING,NAVI MUMBAI,2018,380313
TCS,PUNE INSTITUTE OF COMPUTER TECHNOLOGY,PUNE,2015,42352
MU SIGMA,PILLAI HOC COLLEGE OF ENGINEERING AND TECHNOLOGY,NAVI MUMBAI,2014,705108
RAVE TECHNOLOGIES,DWARKADAS J. SANGHVI COLLEGE OF ENGINEERING,MUMBAI,2014,415694
GE,COLLEGE OF ENGINEERING PUNE,PUNE,2014,727842
ORIENT TECHNOLOGIES,XAVIER INSTITUTE OF ENGINEERING,MUMBAI,2014,26751
GE,ALAMURI RATNAMALA INSTITUTE OF ENGINEERING & TECHNOLOGY,THANE,2017,708060
MORGAN STANLEY,ARMY INSTITUTE OF TECHNOLOGY,PUNE,2018,1817172
TOPPR.COM,"DR. D. Y. PATIL VIDYAPEETH, PUNE",PUNE,2015,1011584
GE,PILLAI HOC COLLEGE OF ENGINEERING AND TECHNOLOGY,NAVI MUMBAI,2014,696572
MAQ SOFTWARE,K. J. SOMAIYA COLLEGE OF ENGINEERING,MUMBAI,2018,1656475
MEDIA.NET,RAMRAO ADIK INSTITUTE OF TECHNOLOGY,NAVI MUMBAI,2017,1385379
IBM,INDIRA COLLEGE OF ENGINEERING AND MANAGEMENT,PUNE,2018,439285
IBM,PUNE INSTITUTE OF COMPUTER TECHNOLOGY,PUNE,2015,383168
GENPACT,DWARKADAS J. SANGHVI COLLEGE OF ENGINEERING,MUMBAI,2015,642599
HEXAWARE TECHNOLOGIES,VEERMATA JIJABAI TECHNOLOGICAL INSTITUTE,MUMBAI,2015,749811
GOOGLE,RAMRAO ADIK INSTITUTE OF TECHNOLOGY,NAVI MUMBAI,2015,43777
TCS,VEERMATA JIJABAI TECHNOLOGICAL INSTITUTE,MUMBAI,2014,361915
CYBAGE SOFTWARE,ARMY INSTITUTE OF TECHNOLOGY,PUNE,2016,352053
WIPRO,"DR. D. Y. PATIL VIDYAPEETH, PUNE",PUNE,2014,478685
HURIX,VISHWAKARMA INSTITUTE OF TECHNOLOGY,PUNE,2016,906667
AMAZON,THADOMAL SHAHANI ENGINEERING COLLEGE,MUMBAI,2015,20167
CMS IT SERVICES,DWARKADAS J. SANGHVI COLLEGE OF ENGINEERING,MUMBAI,2018,443505
LARSEN & TOUBRO,COLLEGE OF ENGINEERING PUNE,PUNE,2016,1785847
HEXAWARE TECHNOLOGIES,XAVIER INSTITUTE OF ENGINEERING,MUMBAI,2014,30287
QUALITYKIOSK,RAMRAO ADIK INSTITUTE OF TECHNOLOGY,NAVI MUMBAI,2016,30819
NSEIT,XAVIER INSTITUTE OF ENGINEERING,MUMBAI,2017,48897
CAPGEMINI,XAVIER INSTITUTE OF ENGINEERING,MUMBAI,2015,388212
EDELWEISS FINANCIAL SERVICES,VEERMATA JIJABAI TECHNOLOGICAL INSTITUTE,MUMBAI,2014,915180
ACCENTURE,VEERMATA JIJABAI TECHNOLOGICAL INSTITUTE,MUMBAI,2014,299512
MORGAN STANLEY,INDIRA COLLEGE OF ENGINEERING AND MANAGEMENT,PUNE,2014,1799064
INDUS VALLEY PARTNERS,ARMY INSTITUTE OF TECHNOLOGY,PUNE,2016,29412
MIRRAW,XAVIER INSTITUTE OF ENGINEERING,MUMBAI,2015,449052
DELOITTE,PILLAI HOC COLLEGE OF ENGINEERING AND TECHNOLOGY,NAVI MUMBAI,2018,753837
INFOSYS,COLLEGE OF ENGINEERING PUNE,PUNE,2015,648959
JOHNSON CONTROLS,SMT. INDIRA GANDHI COLLEGE OF ENGINEERING,NAVI MUMBAI,2017,998204
DIRECTI,SMT. INDIRA GANDHI COLLEGE OF ENGINEERING,NAVI MUMBAI,2015,1629747
NEOSOFT,ALAMURI RATNAMALA INSTITUTE OF ENGINEERING & TECHNOLOGY,THANE,2014,386328
LIONBRIDGE,RAMRAO ADIK INSTITUTE OF TECHNOLOGY,NAVI MUMBAI,2016,45348
SIEMENS,ALAMURI RATNAMALA INSTITUTE OF ENGINEERING & TECHNOLOGY,THANE,2016,471555
CLOVER INFOTECH,"TRINITY COLLEGE OF ENGINEERING AND RESEARCH,PUNE",PUNE,2018,363988
PROTEGRITY,INDIRA COLLEGE OF ENGINEERING AND MANAGEMENT,PUNE,2018,52344
SCHNEIDER ELECTRIC,BHARATI VIDYAPEETH COLLEGE OF ENGINEERING,PUNE,2014,112261
NEOSOFT TECHNOLOGIES,PILLAI HOC COLLEGE OF ENGINEERING AND TECHNOLOGY,NAVI MUMBAI,2017,463993
JOHNSON CONTROLS,DHOLE PATIL COLLEGE OF ENGINEERING PUNE,PUNE,2015,792989
INFOSYS,DWARKADAS J. SANGHVI COLLEGE OF ENGINEERING,MUMBAI,2016,621016
HEXAWARE TECHNOLOGIES,PILLAI HOC COLLEGE OF ENGINEERING AND TECHNOLOGY,NAVI MUMBAI,2016,750839
TCS,THADOMAL SHAHANI ENGINEERING COLLEGE,MUMBAI,2018,42242
WISDMLABS,COLLEGE OF ENGINEERING PUNE,PUNE,2018,469842
TCS,THADOMAL SHAHANI ENGINEERING COLLEGE,MUMBAI,2016,358103
IBM INDIA,THAKUR COLLEGE OF ENGINEERING AND TECHNOLOGY,MUMBAI,2016,571066
QUINNOX,THAKUR COLLEGE OF ENGINEERING AND TECHNOLOGY,MUMBAI,2018,442135
IBM INDIA,"SHREE RAMCHANDRA COLLEGE OF ENGINEERING,PUNE",PUNE,2016,554953
PROTEGRITY,PILLAI HOC COLLEGE OF ENGINEERING AND TECHNOLOGY,NAVI MUMBAI,2018,1176245
CREDIT SUISSE,RAMRAO ADIK INSTITUTE OF TECHNOLOGY,NAVI MUMBAI,2017,295286
LIONBRIDGE,"DR. D. Y. PATIL VIDYAPEETH, PUNE",PUNE,2014,43607
ADOBE,ALAMURI RATNAMALA INSTITUTE OF ENGINEERING & TECHNOLOGY,THANE,2017,1169941
INFORMATICA,ALAMURI RATNAMALA INSTITUTE OF ENGINEERING & TECHNOLOGY,THANE,2014,380802
NEOSOFT,DWARKADAS J. SANGHVI COLLEGE OF ENGINEERING,MUMBAI,2018,501284
MIRRAW,DWARKADAS J. SANGHVI COLLEGE OF ENGINEERING,MUMBAI,2017,426563
GEP,ALAMURI RATNAMALA INSTITUTE OF ENGINEERING & TECHNOLOGY,THANE,2018,734589
HCL TECHNOLOGIES,PUNE INSTITUTE OF COMPUTER TECHNOLOGY,PUNE,2016,307189
BNP PARIBAS,THADOMAL SHAHANI ENGINEERING COLLEGE,MUMBAI,2018,53484
ORIENT TECHNOLOGIES,"TRINITY COLLEGE OF ENGINEERING AND RESEARCH,PUNE",PUNE,2016,26601
ACCOLITE,"DR. D. Y. PATIL VIDYAPEETH, PUNE",PUNE,2014,1169393
YAHOO,BHARATI VIDYAPEETH COLLEGE OF ENGINEERING,PUNE,2016,380373
ATOS,LOKMANYA TILAK COLLEGE OF ENGINEERING,NAVI MUMBAI,2014,729145
DIRECTI,ALAMURI RATNAMALA INSTITUTE OF ENGINEERING & TECHNOLOGY,THANE,2014,25084
LARSEN & TOUBRO,DHOLE PATIL COLLEGE OF ENGINEERING PUNE,PUNE,2017,1754922
HCL TECHNOLOGIES,PILLAI HOC COLLEGE OF ENGINEERING AND TECHNOLOGY,NAVI MUMBAI,2017,298209
ECLERX,SMT. INDIRA GANDHI COLLEGE OF ENGINEERING,NAVI MUMBAI,2017,388302
QAD,PILLAI HOC COLLEGE OF ENGINEERING AND TECHNOLOGY,NAVI MUMBAI,2016,741821
IGATE,VEERMATA JIJABAI TECHNOLOGICAL INSTITUTE,MUMBAI,2018,29705
NUCSOFT,INDIRA COLLEGE OF ENGINEERING AND MANAGEMENT,PUNE,2018,29169
QUALITYKIOSK,"DR. D. Y. PATIL VIDYAPEETH, PUNE",PUNE,2015,29955
THIRDWARE SOLUTION,PUNE INSTITUTE OF COMPUTER TECHNOLOGY,PUNE,2014,443055
GEP,THADOMAL SHAHANI ENGINEERING COLLEGE,MUMBAI,2017,753646
AMAZON,VISHWAKARMA INSTITUTE OF TECHNOLOGY,PUNE,2018,448792
IBM INDIA,"SHREE RAMCHANDRA COLLEGE OF ENGINEERING,PUNE",PUNE,2017,553424
SYNTROSYS,"SHREE RAMCHANDRA COLLEGE OF ENGINEERING,PUNE",PUNE,2017,957887
TECH MAHINDRA,DWARKADAS J. SANGHVI COLLEGE OF ENGINEERING,MUMBAI,2014,471664
GODREJ INFOTECH,DHOLE PATIL COLLEGE OF ENGINEERING PUNE,PUNE,2017,373662
AMAZON,MIT COLLEGE OF ENGINEERING,PUNE,2014,20706
BANK OF AMERICA,THADOMAL SHAHANI ENGINEERING COLLEGE,MUMBAI,2018,907666
NEOSOFT,"TRINITY COLLEGE OF ENGINEERING AND RESEARCH,PUNE",PUNE,2018,508278
GENPACT,RAMRAO ADIK INSTITUTE OF TECHNOLOGY,NAVI MUMBAI,2018,623983
INDUS VALLEY PARTNERS,"DR. D. Y. PATIL VIDYAPEETH, PUNE",PUNE,2015,772405
GEP,INDIRA COLLEGE OF ENGINEERING AND MANAGEMENT,PUNE,2017,723458
HDFC,THAKUR COLLEGE OF ENGINEERING AND TECHNOLOGY,MUMBAI,2016,544961
MASTEK,XAVIER INSTITUTE OF ENGINEERING,MUMBAI,2018,38925
CAPITA,ALAMURI RATNAMALA INSTITUTE OF ENGINEERING & TECHNOLOGY,THANE,2014,582413
INFOGAIN,LOKMANYA TILAK COLLEGE OF ENGINEERING,NAVI MUMBAI,2014,231919
WNS,"DR. D. Y. PATIL VIDYAPEETH, PUNE",PUNE,2016,482910
MICROSOFT,BHARATI VIDYAPEETH COLLEGE OF ENGINEERING,PUNE,2018,420548
ADOBE,ARMY INSTITUTE OF TECHNOLOGY,PUNE,2018,1176245
MPHASIS,"TRINITY COLLEGE OF ENGINEERING AND RESEARCH,PUNE",PUNE,2016,493959
AMDOCS,K. J. SOMAIYA COLLEGE OF ENGINEERING,MUMBAI,2018,700820
MAJESCO,MIT COLLEGE OF ENGINEERING,PUNE,2018,497497
IBM,K. J. SOMAIYA COLLEGE OF ENGINEERING,MUMBAI,2014,432082
GEP,ARMY INSTITUTE OF TECHNOLOGY,PUNE,2016,753646
LARSEN & TOUBRO,VISHWAKARMA INSTITUTE OF TECHNOLOGY,PUNE,2018,1764982
MPHASIS,RAMRAO ADIK INSTITUTE OF TECHNOLOGY,NAVI MUMBAI,2016,703625
BOOKMYSHOW,XAVIER INSTITUTE OF ENGINEERING,MUMBAI,2017,373060
HDFC,VISHWAKARMA INSTITUTE OF TECHNOLOGY,PUNE,2016,531070
WNS,XAVIER INSTITUTE OF ENGINEERING,MUMBAI,2014,407199
KPIT TECHNOLOGIES,BHARATI VIDYAPEETH COLLEGE OF ENGINEERING,PUNE,2018,775318
IBM,VEERMATA JIJABAI TECHNOLOGICAL INSTITUTE,MUMBAI,2014,450202
MAJESCO,ALAMURI RATNAMALA INSTITUTE OF ENGINEERING & TECHNOLOGY,THANE,2016,432807
TIBCO SOFTWARE,"SHREE RAMCHANDRA COLLEGE OF ENGINEERING,PUNE",PUNE,2015,588122
NUCSOFT,THADOMAL SHAHANI ENGINEERING COLLEGE,MUMBAI,2015,30550
HEXAWARE TECHNOLOGIES,LOKMANYA TILAK COLLEGE OF ENGINEERING,NAVI MUMBAI,2017,31430
INFOGAIN,COLLEGE OF ENGINEERING PUNE,PUNE,2016,423557
QUALITYKIOSK,COLLEGE OF ENGINEERING PUNE,PUNE,2015,26751
NEWGEN,ARMY INSTITUTE OF TECHNOLOGY,PUNE,2015,11006
BNP PARIBAS,DWARKADAS J. SANGHVI COLLEGE OF ENGINEERING,MUMBAI,2018,38791
NUCSOFT,VISHWAKARMA INSTITUTE OF TECHNOLOGY,PUNE,2016,30381
WEATHERFORD,RAMRAO ADIK INSTITUTE OF TECHNOLOGY,NAVI MUMBAI,2015,499339
HEXAWARE TECHNOLOGIES,PUNE INSTITUTE OF COMPUTER TECHNOLOGY,PUNE,2014,29972
AMAZON,LOKMANYA TILAK COLLEGE OF ENGINEERING,NAVI MUMBAI,2014,430080
VISA INC.,COLLEGE OF ENGINEERING PUNE,PUNE,2018,1171916
GEOMETRIC,VISHWAKARMA INSTITUTE OF TECHNOLOGY,PUNE,2015,443055
SABA SOFTWARE,ARMY INSTITUTE OF TECHNOLOGY,PUNE,2016,712718
ACCENTURE,ARMY INSTITUTE OF TECHNOLOGY,PUNE,2017,290956
CAPGEMINI,VEERMATA JIJABAI TECHNOLOGICAL INSTITUTE,MUMBAI,2015,788232
AXIS BANK,PUNE INSTITUTE OF COMPUTER TECHNOLOGY,PUNE,2017,605470
HEXAWARE TECHNOLOGIES,LOKMANYA TILAK COLLEGE OF ENGINEERING,NAVI MUMBAI,2018,760901
CAPITA,ARMY INSTITUTE OF TECHNOLOGY,PUNE,2014,574976
MAQ SOFTWARE,COLLEGE OF ENGINEERING PUNE,PUNE,2016,1636046
GEP,COLLEGE OF ENGINEERING PUNE,PUNE,2015,748087
DELOITTE,VEERMATA JIJABAI TECHNOLOGICAL INSTITUTE,MUMBAI,2014,741821
SIEMENS,SMT. INDIRA GANDHI COLLEGE OF ENGINEERING,NAVI MUMBAI,2018,495501
MPHASIS,ARMY INSTITUTE OF TECHNOLOGY,PUNE,2018,482653
GEOMETRIC,PILLAI HOC COLLEGE OF ENGINEERING AND TECHNOLOGY,NAVI MUMBAI,2016,430008
ACCENTURE,VISHWAKARMA INSTITUTE OF TECHNOLOGY,PUNE,2018,299512
AXIS BANK,"DR. D. Y. PATIL VIDYAPEETH, PUNE",PUNE,2017,11665
ADOBE,BHARATI VIDYAPEETH COLLEGE OF ENGINEERING,PUNE,2014,1196636
QAD,THADOMAL SHAHANI ENGINEERING COLLEGE,MUMBAI,2016,862896
UGAM,THADOMAL SHAHANI ENGINEERING COLLEGE,MUMBAI,2015,790447
WEATHERFORD,INDIRA COLLEGE OF ENGINEERING AND MANAGEMENT,PUNE,2018,508278
DIRECTI,RAMRAO ADIK INSTITUTE OF TECHNOLOGY,NAVI MUMBAI,2014,1621221
YAHOO,DWARKADAS J. SANGHVI COLLEGE OF ENGINEERING,MUMBAI,2015,386217
TCS,DWARKADAS J. SANGHVI COLLEGE OF ENGINEERING,MUMBAI,2018,41733
NEWGEN SOFTWARE,DWARKADAS J. SANGHVI COLLEGE OF ENGINEERING,MUMBAI,2017,718208
FRACTAL ANALYTICS,THAKUR COLLEGE OF ENGINEERING AND TECHNOLOGY,MUMBAI,2018,30497
DIRECTI,VEERMATA JIJABAI TECHNOLOGICAL INSTITUTE,MUMBAI,2015,1615110
CMS IT SERVICES,DWARKADAS J. SANGHVI COLLEGE OF ENGINEERING,MUMBAI,2016,449627
IDBI INTECH,DWARKADAS J. SANGHVI COLLEGE OF ENGINEERING,MUMBAI,2018,550726
GODREJ INFOTECH,PILLAI COLLEGE OF ENGINEERING,NAVI MUMBAI,2018,375502
RAVE TECHNOLOGIES,PILLAI HOC COLLEGE OF ENGINEERING AND TECHNOLOGY,NAVI MUMBAI,2015,645167
EDELWEISS FINANCIAL SERVICES,PILLAI HOC COLLEGE OF ENGINEERING AND TECHNOLOGY,NAVI MUMBAI,2015,935975
TIBCO SOFTWARE,THADOMAL SHAHANI ENGINEERING COLLEGE,MUMBAI,2017,571689
AMAZON,DHOLE PATIL COLLEGE OF ENGINEERING PUNE,PUNE,2018,442378
PC TECHNOLOGY,PILLAI HOC COLLEGE OF ENGINEERING AND TECHNOLOGY,NAVI MUMBAI,2017,771516
TATA,XAVIER INSTITUTE OF ENGINEERING,MUMBAI,2016,95866
WIPRO,"TRINITY COLLEGE OF ENGINEERING AND RESEARCH,PUNE",PUNE,2018,482921
TCS,COLLEGE OF ENGINEERING PUNE,PUNE,2018,363745
TCS,ALAMURI RATNAMALA INSTITUTE OF ENGINEERING & TECHNOLOGY,THANE,2014,365555
UBS,ARMY INSTITUTE OF TECHNOLOGY,PUNE,2017,1830001
VERIZON,K. J. SOMAIYA COLLEGE OF ENGINEERING,MUMBAI,2017,554792
SIEMENS,THADOMAL SHAHANI ENGINEERING COLLEGE,MUMBAI,2016,510273
TECH MAHINDRA,"TRINITY COLLEGE OF ENGINEERING AND RESEARCH,PUNE",PUNE,2014,499787
CMC,LOKMANYA TILAK COLLEGE OF ENGINEERING,NAVI MUMBAI,2018,180514
WISDMLABS,PUNE INSTITUTE OF COMPUTER TECHNOLOGY,PUNE,2017,467992
SIEMENS,ARMY INSTITUTE OF TECHNOLOGY,PUNE,2017,483289
TATA CONSULTANCY SERVICES,DWARKADAS J. SANGHVI COLLEGE OF ENGINEERING,MUMBAI,2017,723875
AMAZON,ALAMURI RATNAMALA INSTITUTE OF ENGINEERING & TECHNOLOGY,THANE,2016,449586
MU SIGMA,VISHWAKARMA INSTITUTE OF TECHNOLOGY,PUNE,2018,335412
ACCENTURE,LOKMANYA TILAK COLLEGE OF ENGINEERING,NAVI MUMBAI,2014,647948
LIONBRIDGE,PILLAI HOC COLLEGE OF ENGINEERING AND TECHNOLOGY,NAVI MUMBAI,2015,45055
PROTEGRITY,"DR. D. Y. PATIL VIDYAPEETH, PUNE",PUNE,2017,1178883
WISDMLABS,LOKMANYA TILAK COLLEGE OF ENGINEERING,NAVI MUMBAI,2017,1688598
TCS,PILLAI COLLEGE OF ENGINEERING,NAVI MUMBAI,2018,363745
NEWGEN SOFTWARE,ARMY INSTITUTE OF TECHNOLOGY,PUNE,2017,729121
NUCSOFT,COLLEGE OF ENGINEERING PUNE,PUNE,2015,229050
TCS,MIT COLLEGE OF ENGINEERING,PUNE,2018,355105
MAQ SOFTWARE,K. J. SOMAIYA COLLEGE OF ENGINEERING,MUMBAI,2018,769311
HURIX,PUNE INSTITUTE OF COMPUTER TECHNOLOGY,PUNE,2015,873366
GEOMETRIC SOFTWARE SOLUTIONS,XAVIER INSTITUTE OF ENGINEERING,MUMBAI,2015,351182
MU SIGMA,"DR. D. Y. PATIL VIDYAPEETH, PUNE",PUNE,2015,724884
HEWLETT-PACKARD,SMT. INDIRA GANDHI COLLEGE OF ENGINEERING,NAVI MUMBAI,2015,56247
XORIANT,BHARATI VIDYAPEETH COLLEGE OF ENGINEERING,PUNE,2017,654474
AMDOCS,DWARKADAS J. SANGHVI COLLEGE OF ENGINEERING,MUMBAI,2016,789269
ADOBE,DWARKADAS J. SANGHVI COLLEGE OF ENGINEERING,MUMBAI,2015,1185972
ZYCUS,XAVIER INSTITUTE OF ENGINEERING,MUMBAI,2018,41812
ECLINICALWORKS,XAVIER INSTITUTE OF ENGINEERING,MUMBAI,2015,344676
BNP PARIBAS,ARMY INSTITUTE OF TECHNOLOGY,PUNE,2017,53792
NEWGEN SOFTWARE,ARMY INSTITUTE OF TECHNOLOGY,PUNE,2015,435387
TATA,DWARKADAS J. SANGHVI COLLEGE OF ENGINEERING,MUMBAI,2014,95515
CAPGEMINI,PUNE INSTITUTE OF COMPUTER TECHNOLOGY,PUNE,2017,398645
SAP,DWARKADAS J. SANGHVI COLLEGE OF ENGINEERING,MUMBAI,2017,59284
GE,ARMY INSTITUTE OF TECHNOLOGY,PUNE,2018,708060
INDUS VALLEY PARTNERS,DWARKADAS J. SANGHVI COLLEGE OF ENGINEERING,MUMBAI,2017,771434
VPHRASE,XAVIER INSTITUTE OF ENGINEERING,MUMBAI,2015,411979
CREDIT SUISSE,"TRINITY COLLEGE OF ENGINEERING AND RESEARCH,PUNE",PUNE,2016,298620
NEWGEN,"TRINITY COLLEGE OF ENGINEERING AND RESEARCH,PUNE",PUNE,2017,11379
ORACLE,"TRINITY COLLEGE OF ENGINEERING AND RESEARCH,PUNE",PUNE,2018,740529
OSP LABS,COLLEGE OF ENGINEERING PUNE,PUNE,2018,861754
SCHNEIDER ELECTRIC,INDIRA COLLEGE OF ENGINEERING AND MANAGEMENT,PUNE,2015,449184
UBS,PUNE INSTITUTE OF COMPUTER TECHNOLOGY,PUNE,2017,376823
MILES SOFTWARE,INDIRA COLLEGE OF ENGINEERING AND MANAGEMENT,PUNE,2014,659392
AMAZON,PILLAI HOC COLLEGE OF ENGINEERING AND TECHNOLOGY,NAVI MUMBAI,2014,19942
INFOSYS,"SHREE RAMCHANDRA COLLEGE OF ENGINEERING,PUNE",PUNE,2018,472836
ATOS,K. J. SOMAIYA COLLEGE OF ENGINEERING,MUMBAI,2016,729785
NEWGEN,ARMY INSTITUTE OF TECHNOLOGY,PUNE,2015,11137
VPHRASE,ALAMURI RATNAMALA INSTITUTE OF ENGINEERING & TECHNOLOGY,THANE,2018,409027
MAJESCO,THADOMAL SHAHANI ENGINEERING COLLEGE,MUMBAI,2017,472215
TCS,PILLAI HOC COLLEGE OF ENGINEERING AND TECHNOLOGY,NAVI MUMBAI,2016,368508
NEOSOFT,K. J. SOMAIYA COLLEGE OF ENGINEERING,MUMBAI,2018,384355
MORGAN STANLEY,COLLEGE OF ENGINEERING PUNE,PUNE,2018,1764982
MIRRAW,INDIRA COLLEGE OF ENGINEERING AND MANAGEMENT,PUNE,2015,439440
UBS,SMT. INDIRA GANDHI COLLEGE OF ENGINEERING,NAVI MUMBAI,2017,1817395
AXIS BANK,DHOLE PATIL COLLEGE OF ENGINEERING PUNE,PUNE,2018,581412
HEXAWARE TECHNOLOGIES,DHOLE PATIL COLLEGE OF ENGINEERING PUNE,PUNE,2017,29808
DIRECTI,DHOLE PATIL COLLEGE OF ENGINEERING PUNE,PUNE,2018,25600
INDUS VALLEY PARTNERS,XAVIER INSTITUTE OF ENGINEERING,MUMBAI,2017,769347
CAPGEMINI,PUNE INSTITUTE OF COMPUTER TECHNOLOGY,PUNE,2017,799847
QUALITYKIOSK,VISHWAKARMA INSTITUTE OF TECHNOLOGY,PUNE,2014,30569
XL DYNAMICS,INDIRA COLLEGE OF ENGINEERING AND MANAGEMENT,PUNE,2016,663169
JOHNSON CONTROLS,ALAMURI RATNAMALA INSTITUTE OF ENGINEERING & TECHNOLOGY,THANE,2016,1009426
UBS,ARMY INSTITUTE OF TECHNOLOGY,PUNE,2018,376823
SIEMENS,XAVIER INSTITUTE OF ENGINEERING,MUMBAI,2018,493408
RAVE TECHNOLOGIES,PILLAI HOC COLLEGE OF ENGINEERING AND TECHNOLOGY,NAVI MUMBAI,2016,406314
AMAZON,ALAMURI RATNAMALA INSTITUTE OF ENGINEERING & TECHNOLOGY,THANE,2017,435868
CROMPTON GREAVES,ARMY INSTITUTE OF TECHNOLOGY,PUNE,2016,254402
TATA,MIT COLLEGE OF ENGINEERING,PUNE,2016,95035
MASTEK,INDIRA COLLEGE OF ENGINEERING AND MANAGEMENT,PUNE,2018,38762
ATOS,LOKMANYA TILAK COLLEGE OF ENGINEERING,NAVI MUMBAI,2014,702723
HEWLETT-PACKARD,SMT. INDIRA GANDHI COLLEGE OF ENGINEERING,NAVI MUMBAI,2015,1114263
ORIENT TECHNOLOGIES,ARMY INSTITUTE OF TECHNOLOGY,PUNE,2018,26877
CREDIT SUISSE,INDIRA COLLEGE OF ENGINEERING AND MANAGEMENT,PUNE,2018,939448
RAJA SOFTWARE LABS,"SHREE RAMCHANDRA COLLEGE OF ENGINEERING,PUNE",PUNE,2015,445245
WISDMLABS,"SHREE RAMCHANDRA COLLEGE OF ENGINEERING,PUNE",PUNE,2014,480904
SYMANTEC,DWARKADAS J. SANGHVI COLLEGE OF ENGINEERING,MUMBAI,2015,1803983
CREDIT SUISSE,COLLEGE OF ENGINEERING PUNE,PUNE,2015,963055
ECLERX,LOKMANYA TILAK COLLEGE OF ENGINEERING,NAVI MUMBAI,2018,395431
WISDMLABS,DWARKADAS J. SANGHVI COLLEGE OF ENGINEERING,MUMBAI,2017,459951
NEOSOFT,ALAMURI RATNAMALA INSTITUTE OF ENGINEERING & TECHNOLOGY,THANE,2017,373324
TCS,VISHWAKARMA INSTITUTE OF TECHNOLOGY,PUNE,2014,42217
GEOMETRIC SOFTWARE SOLUTIONS,DWARKADAS J. SANGHVI COLLEGE OF ENGINEERING,MUMBAI,2015,353879
BHARAT PETROLEUM,K. J. SOMAIYA COLLEGE OF ENGINEERING,MUMBAI,2018,382233
CAPITA,INDIRA COLLEGE OF ENGINEERING AND MANAGEMENT,PUNE,2018,580927
TCS,ALAMURI RATNAMALA INSTITUTE OF ENGINEERING & TECHNOLOGY,THANE,2016,373894
WEATHERFORD,THAKUR COLLEGE OF ENGINEERING AND TECHNOLOGY,MUMBAI,2014,508278
MIRRAW,MIT COLLEGE OF ENGINEERING,PUNE,2014,30119
MEDIA.NET,PUNE INSTITUTE OF COMPUTER TECHNOLOGY,PUNE,2014,587605
NEWGEN SOFTWARE,PUNE INSTITUTE OF COMPUTER TECHNOLOGY,PUNE,2016,435668
NVIDIA,VISHWAKARMA INSTITUTE OF TECHNOLOGY,PUNE,2018,22327
NSEIT,INDIRA COLLEGE OF ENGINEERING AND MANAGEMENT,PUNE,2014,50807
LIONBRIDGE,"SHREE RAMCHANDRA COLLEGE OF ENGINEERING,PUNE",PUNE,2016,44037
YAHOO,K. J. SOMAIYA COLLEGE OF ENGINEERING,MUMBAI,2015,382214
BNP PARIBAS,ARMY INSTITUTE OF TECHNOLOGY,PUNE,2017,37998
ECLERX,RAMRAO ADIK INSTITUTE OF TECHNOLOGY,NAVI MUMBAI,2016,398140
NVIDIA,THADOMAL SHAHANI ENGINEERING COLLEGE,MUMBAI,2015,250007
HURIX,K. J. SOMAIYA COLLEGE OF ENGINEERING,MUMBAI,2018,913916
NUCSOFT,COLLEGE OF ENGINEERING PUNE,PUNE,2018,29476
THIRDWARE SOLUTION,"SHREE RAMCHANDRA COLLEGE OF ENGINEERING,PUNE",PUNE,2018,443055
MORGAN STANLEY,ALAMURI RATNAMALA INSTITUTE OF ENGINEERING & TECHNOLOGY,THANE,2017,1715279
IBM,BHARATI VIDYAPEETH COLLEGE OF ENGINEERING,PUNE,2016,371362
DELOITTE,RAMRAO ADIK INSTITUTE OF TECHNOLOGY,NAVI MUMBAI,2014,763248
INDUS VALLEY PARTNERS,DWARKADAS J. SANGHVI COLLEGE OF ENGINEERING,MUMBAI,2017,788735
SYMANTEC,ALAMURI RATNAMALA INSTITUTE OF ENGINEERING & TECHNOLOGY,THANE,2014,1753426
HEXAWARE TECHNOLOGIES,DWARKADAS J. SANGHVI COLLEGE OF ENGINEERING,MUMBAI,2018,29799
ACCENTURE,K. J. SOMAIYA COLLEGE OF ENGINEERING,MUMBAI,2017,679822
MIRRAW,SMT. INDIRA GANDHI COLLEGE OF ENGINEERING,NAVI MUMBAI,2018,451173
IGATE,PILLAI HOC COLLEGE OF ENGINEERING AND TECHNOLOGY,NAVI MUMBAI,2016,29991
NEOSOFT,VEERMATA JIJABAI TECHNOLOGICAL INSTITUTE,MUMBAI,2018,388405
QUANTIPHI,PUNE INSTITUTE OF COMPUTER TECHNOLOGY,PUNE,2016,895763
UBS,THAKUR COLLEGE OF ENGINEERING AND TECHNOLOGY,MUMBAI,2018,376823
JIO,THADOMAL SHAHANI ENGINEERING COLLEGE,MUMBAI,2018,734589
NEOSOFT TECHNOLOGIES,XAVIER INSTITUTE OF ENGINEERING,MUMBAI,2015,470498
IGATE,RAMRAO ADIK INSTITUTE OF TECHNOLOGY,NAVI MUMBAI,2018,30049
VISA INC.,"TRINITY COLLEGE OF ENGINEERING AND RESEARCH,PUNE",PUNE,2017,1161809
MORGAN STANLEY,PILLAI HOC COLLEGE OF ENGINEERING AND TECHNOLOGY,NAVI MUMBAI,2014,1717319
SCHNEIDER ELECTRIC,THAKUR COLLEGE OF ENGINEERING AND TECHNOLOGY,MUMBAI,2018,440159
CMC,PILLAI HOC COLLEGE OF ENGINEERING AND TECHNOLOGY,NAVI MUMBAI,2017,416113
ORANGE,THAKUR COLLEGE OF ENGINEERING AND TECHNOLOGY,MUMBAI,2017,20063
QUINNOX,ALAMURI RATNAMALA INSTITUTE OF ENGINEERING & TECHNOLOGY,THANE,2015,446973
JOHNSON CONTROLS,VEERMATA JIJABAI TECHNOLOGICAL INSTITUTE,MUMBAI,2018,997473
TECH MAHINDRA,COLLEGE OF ENGINEERING PUNE,PUNE,2018,29854
ECLINICALWORKS,PILLAI HOC COLLEGE OF ENGINEERING AND TECHNOLOGY,NAVI MUMBAI,2018,339846
INFORMATICA,DWARKADAS J. SANGHVI COLLEGE OF ENGINEERING,MUMBAI,2016,382233
NUCSOFT,PUNE INSTITUTE OF COMPUTER TECHNOLOGY,PUNE,2015,227755
WISDMLABS,LOKMANYA TILAK COLLEGE OF ENGINEERING,NAVI MUMBAI,2018,474071
MILES SOFTWARE,ALAMURI RATNAMALA INSTITUTE OF ENGINEERING & TECHNOLOGY,THANE,2015,346240
MICROSOFT,VEERMATA JIJABAI TECHNOLOGICAL INSTITUTE,MUMBAI,2016,415928
RAJA SOFTWARE LABS,ALAMURI RATNAMALA INSTITUTE OF ENGINEERING & TECHNOLOGY,THANE,2016,430123
CAPITA,PILLAI COLLEGE OF ENGINEERING,NAVI MUMBAI,2015,576884
ADOBE,DWARKADAS J. SANGHVI COLLEGE OF ENGINEERING,MUMBAI,2017,109643
PC TECHNOLOGY,DWARKADAS J. SANGHVI COLLEGE OF ENGINEERING,MUMBAI,2017,773848
TECH MAHINDRA,INDIRA COLLEGE OF ENGINEERING AND MANAGEMENT,PUNE,2018,29854
ACCENTURE,MIT COLLEGE OF ENGINEERING,PUNE,2017,293376
ECLERX,K. J. SOMAIYA COLLEGE OF ENGINEERING,MUMBAI,2018,405830
SABA SOFTWARE,ARMY INSTITUTE OF TECHNOLOGY,PUNE,2018,709027
TATA COMMUNICATIONS,DWARKADAS J. SANGHVI COLLEGE OF ENGINEERING,MUMBAI,2018,664502
SIEMENS,PILLAI HOC COLLEGE OF ENGINEERING AND TECHNOLOGY,NAVI MUMBAI,2016,510152
MAQ SOFTWARE,INDIRA COLLEGE OF ENGINEERING AND MANAGEMENT,PUNE,2015,752175
TECH MAHINDRA,COLLEGE OF ENGINEERING PUNE,PUNE,2015,29482
ORANGE,DHOLE PATIL COLLEGE OF ENGINEERING PUNE,PUNE,2015,20215
ACCENTURE,DWARKADAS J. SANGHVI COLLEGE OF ENGINEERING,MUMBAI,2014,679399
MAJESCO,K. J. SOMAIYA COLLEGE OF ENGINEERING,MUMBAI,2017,492948
INFOGAIN,ALAMURI RATNAMALA INSTITUTE OF ENGINEERING & TECHNOLOGY,THANE,2018,225812
AXIS BANK,PUNE INSTITUTE OF COMPUTER TECHNOLOGY,PUNE,2018,11637
NSEIT,INDIRA COLLEGE OF ENGINEERING AND MANAGEMENT,PUNE,2016,59912
MILES SOFTWARE,"SHREE RAMCHANDRA COLLEGE OF ENGINEERING,PUNE",PUNE,2015,350762
HDFC,ALAMURI RATNAMALA INSTITUTE OF ENGINEERING & TECHNOLOGY,THANE,2014,520586
GEOMETRIC SOFTWARE SOLUTIONS,THADOMAL SHAHANI ENGINEERING COLLEGE,MUMBAI,2017,340314
PROTEGRITY,ALAMURI RATNAMALA INSTITUTE OF ENGINEERING & TECHNOLOGY,THANE,2015,1176245
NEOSOFT,THAKUR COLLEGE OF ENGINEERING AND TECHNOLOGY,MUMBAI,2018,508278
ORIENT TECHNOLOGIES,COLLEGE OF ENGINEERING PUNE,PUNE,2017,26893
AMDOCS,ALAMURI RATNAMALA INSTITUTE OF ENGINEERING & TECHNOLOGY,THANE,2017,671136
WEATHERFORD,XAVIER INSTITUTE OF ENGINEERING,MUMBAI,2014,510009
IBM,DHOLE PATIL COLLEGE OF ENGINEERING PUNE,PUNE,2014,383211
ZENSAR TECHNOLOGIES,COLLEGE OF ENGINEERING PUNE,PUNE,2014,469734
WISDMLABS,DWARKADAS J. SANGHVI COLLEGE OF ENGINEERING,MUMBAI,2016,463757
MAJESCO,COLLEGE OF ENGINEERING PUNE,PUNE,2018,432807
SIEMENS,PILLAI HOC COLLEGE OF ENGINEERING AND TECHNOLOGY,NAVI MUMBAI,2015,472267
MORGAN STANLEY,"SHREE RAMCHANDRA COLLEGE OF ENGINEERING,PUNE",PUNE,2014,1765980
AMAZON,INDIRA COLLEGE OF ENGINEERING AND MANAGEMENT,PUNE,2018,442378
GEP,MIT COLLEGE OF ENGINEERING,PUNE,2018,732548
NEOSOFT,XAVIER INSTITUTE OF ENGINEERING,MUMBAI,2017,517414
GEOMETRIC SOFTWARE SOLUTIONS,VEERMATA JIJABAI TECHNOLOGICAL INSTITUTE,MUMBAI,2017,344726
GE,"TRINITY COLLEGE OF ENGINEERING AND RESEARCH,PUNE",PUNE,2016,716583
BANK OF AMERICA,PUNE INSTITUTE OF COMPUTER TECHNOLOGY,PUNE,2016,814685
HDFC,VEERMATA JIJABAI TECHNOLOGICAL INSTITUTE,MUMBAI,2018,534966
ZENITH SYSTEM SOLUTIONS,INDIRA COLLEGE OF ENGINEERING AND MANAGEMENT,PUNE,2014,633549
RAVE TECHNOLOGIES,PILLAI HOC COLLEGE OF ENGINEERING AND TECHNOLOGY,NAVI MUMBAI,2017,411032
TIBCO SOFTWARE,DWARKADAS J. SANGHVI COLLEGE OF ENGINEERING,MUMBAI,2016,594698
WISDMLABS,DWARKADAS J. SANGHVI COLLEGE OF ENGINEERING,MUMBAI,2018,1756435
CALSOFT,PILLAI HOC COLLEGE OF ENGINEERING AND TECHNOLOGY,NAVI MUMBAI,2017,16625
ACCENTURE,DWARKADAS J. SANGHVI COLLEGE OF ENGINEERING,MUMBAI,2017,299512
SIEMENS,VEERMATA JIJABAI TECHNOLOGICAL INSTITUTE,MUMBAI,2014,506292
YAHOO,VEERMATA JIJABAI TECHNOLOGICAL INSTITUTE,MUMBAI,2016,368896
GODREJ INFOTECH,RAMRAO ADIK INSTITUTE OF TECHNOLOGY,NAVI MUMBAI,2016,380313
TCS,"TRINITY COLLEGE OF ENGINEERING AND RESEARCH,PUNE",PUNE,2018,363745
WISDMLABS,VISHWAKARMA INSTITUTE OF TECHNOLOGY,PUNE,2017,1686387
SYMANTEC,PILLAI HOC COLLEGE OF ENGINEERING AND TECHNOLOGY,NAVI MUMBAI,2015,1848666
NEOSOFT TECHNOLOGIES,INDIRA COLLEGE OF ENGINEERING AND MANAGEMENT,PUNE,2014,466766
SABA SOFTWARE,PILLAI COLLEGE OF ENGINEERING,NAVI MUMBAI,2018,692414
ACCOLITE,THAKUR COLLEGE OF ENGINEERING AND TECHNOLOGY,MUMBAI,2015,132900
PROTEGRITY,"DR. D. Y. PATIL VIDYAPEETH, PUNE",PUNE,2016,1176245
HEXAWARE TECHNOLOGIES,"DR. D. Y. PATIL VIDYAPEETH, PUNE",PUNE,2018,30641
MPHASIS,VEERMATA JIJABAI TECHNOLOGICAL INSTITUTE,MUMBAI,2015,705346
SCHNEIDER ELECTRIC,THAKUR COLLEGE OF ENGINEERING AND TECHNOLOGY,MUMBAI,2018,109643
MPHASIS,VEERMATA JIJABAI TECHNOLOGICAL INSTITUTE,MUMBAI,2016,469232
HURIX,ARMY INSTITUTE OF TECHNOLOGY,PUNE,2018,913398
MICROSOFT,DWARKADAS J. SANGHVI COLLEGE OF ENGINEERING,MUMBAI,2016,1164021
UBS,PILLAI HOC COLLEGE OF ENGINEERING AND TECHNOLOGY,NAVI MUMBAI,2014,1756484
INDUS VALLEY PARTNERS,PILLAI HOC COLLEGE OF ENGINEERING AND TECHNOLOGY,NAVI MUMBAI,2018,30563
SIEMENS,XAVIER INSTITUTE OF ENGINEERING,MUMBAI,2018,482579
AMAZON,DWARKADAS J. SANGHVI COLLEGE OF ENGINEERING,MUMBAI,2018,20022
NEWGEN SOFTWARE,"TRINITY COLLEGE OF ENGINEERING AND RESEARCH,PUNE",PUNE,2016,445780
NSEIT,RAMRAO ADIK INSTITUTE OF TECHNOLOGY,NAVI MUMBAI,2015,48920
WISDMLABS,VEERMATA JIJABAI TECHNOLOGICAL INSTITUTE,MUMBAI,2018,1724538
AMDOCS,INDIRA COLLEGE OF ENGINEERING AND MANAGEMENT,PUNE,2014,751854
MASTEK,DWARKADAS J. SANGHVI COLLEGE OF ENGINEERING,MUMBAI,2014,300323
NVIDIA,RAMRAO ADIK INSTITUTE OF TECHNOLOGY,NAVI MUMBAI,2017,249593
BOOKMYSHOW,DWARKADAS J. SANGHVI COLLEGE OF ENGINEERING,MUMBAI,2016,365173
GE,ARMY INSTITUTE OF TECHNOLOGY,PUNE,2015,535128
CROMPTON GREAVES,COLLEGE OF ENGINEERING PUNE,PUNE,2018,249593
ADOBE,THADOMAL SHAHANI ENGINEERING COLLEGE,MUMBAI,2017,1197631
GE,ALAMURI RATNAMALA INSTITUTE OF ENGINEERING & TECHNOLOGY,THANE,2014,528078
ATIDAN,XAVIER INSTITUTE OF ENGINEERING,MUMBAI,2018,815946
ZYCUS,DWARKADAS J. SANGHVI COLLEGE OF ENGINEERING,MUMBAI,2017,41812
MPHASIS,PUNE INSTITUTE OF COMPUTER TECHNOLOGY,PUNE,2015,482653
XORIANT,LOKMANYA TILAK COLLEGE OF ENGINEERING,NAVI MUMBAI,2017,448458
MAQ SOFTWARE,THADOMAL SHAHANI ENGINEERING COLLEGE,MUMBAI,2014,752458
INFOSYS,PILLAI COLLEGE OF ENGINEERING,NAVI MUMBAI,2017,621560
HEXAWARE TECHNOLOGIES,COLLEGE OF ENGINEERING PUNE,PUNE,2018,30795
MINDTREE,PILLAI HOC COLLEGE OF ENGINEERING AND TECHNOLOGY,NAVI MUMBAI,2017,17529
UBS,XAVIER INSTITUTE OF ENGINEERING,MUMBAI,2016,368267
WNS,XAVIER INSTITUTE OF ENGINEERING,MUMBAI,2014,420694
LARSEN & TOUBRO,PUNE INSTITUTE OF COMPUTER TECHNOLOGY,PUNE,2016,1743905
UBS,PILLAI COLLEGE OF ENGINEERING,NAVI MUMBAI,2016,1851220
ORACLE,DWARKADAS J. SANGHVI COLLEGE OF ENGINEERING,MUMBAI,2018,485414
BNP PARIBAS,THAKUR COLLEGE OF ENGINEERING AND TECHNOLOGY,MUMBAI,2015,53661
SCHNEIDER ELECTRIC,XAVIER INSTITUTE OF ENGINEERING,MUMBAI,2015,109643
INGRAM MICRO,INDIRA COLLEGE OF ENGINEERING AND MANAGEMENT,PUNE,2017,363043
SABA SOFTWARE,INDIRA COLLEGE OF ENGINEERING AND MANAGEMENT,PUNE,2017,711450
NVIDIA,THAKUR COLLEGE OF ENGINEERING AND TECHNOLOGY,MUMBAI,2016,22243
CALSOFT,RAMRAO ADIK INSTITUTE OF TECHNOLOGY,NAVI MUMBAI,2014,16166
ADOBE,INDIRA COLLEGE OF ENGINEERING AND MANAGEMENT,PUNE,2017,1177789
NETWORK 18,VEERMATA JIJABAI TECHNOLOGICAL INSTITUTE,MUMBAI,2015,55113
UBS,DWARKADAS J. SANGHVI COLLEGE OF ENGINEERING,MUMBAI,2016,385590
MPHASIS,THADOMAL SHAHANI ENGINEERING COLLEGE,MUMBAI,2015,485002
NSEIT,PILLAI HOC COLLEGE OF ENGINEERING AND TECHNOLOGY,NAVI MUMBAI,2015,49317
SIEMENS,PILLAI COLLEGE OF ENGINEERING,NAVI MUMBAI,2015,473700
ZYCUS,VEERMATA JIJABAI TECHNOLOGICAL INSTITUTE,MUMBAI,2018,41280
EDELWEISS FINANCIAL SERVICES,PUNE INSTITUTE OF COMPUTER TECHNOLOGY,PUNE,2017,950624
TCS,"DR. D. Y. PATIL VIDYAPEETH, PUNE",PUNE,2016,41812
LARSEN & TOUBRO,PILLAI COLLEGE OF ENGINEERING,NAVI MUMBAI,2016,1797327
VISA INC.,"DR. D. Y. PATIL VIDYAPEETH, PUNE",PUNE,2015,1202041
INFOGAIN,VEERMATA JIJABAI TECHNOLOGICAL INSTITUTE,MUMBAI,2014,410696
ECLINICALWORKS,K. J. SOMAIYA COLLEGE OF ENGINEERING,MUMBAI,2014,591886
CIMPRESS,THAKUR COLLEGE OF ENGINEERING AND TECHNOLOGY,MUMBAI,2018,861754
NEOSOFT TECHNOLOGIES,VISHWAKARMA INSTITUTE OF TECHNOLOGY,PUNE,2017,471948
SCHNEIDER ELECTRIC,VEERMATA JIJABAI TECHNOLOGICAL INSTITUTE,MUMBAI,2016,106631
WIPRO,PUNE INSTITUTE OF COMPUTER TECHNOLOGY,PUNE,2018,485902
QUANTIPHI,DWARKADAS J. SANGHVI COLLEGE OF ENGINEERING,MUMBAI,2015,892379
RAVE TECHNOLOGIES,ARMY INSTITUTE OF TECHNOLOGY,PUNE,2017,649945
LARSEN & TOUBRO,RAMRAO ADIK INSTITUTE OF TECHNOLOGY,NAVI MUMBAI,2014,1739556
SABA SOFTWARE,PUNE INSTITUTE OF COMPUTER TECHNOLOGY,PUNE,2014,697539
XL DYNAMICS,THADOMAL SHAHANI ENGINEERING COLLEGE,MUMBAI,2017,394705
IBM,PUNE INSTITUTE OF COMPUTER TECHNOLOGY,PUNE,2018,384868
WIPRO,VEERMATA JIJABAI TECHNOLOGICAL INSTITUTE,MUMBAI,2016,487553
GEOMETRIC,"SHREE RAMCHANDRA COLLEGE OF ENGINEERING,PUNE",PUNE,2017,455025
NUCSOFT,VEERMATA JIJABAI TECHNOLOGICAL INSTITUTE,MUMBAI,2018,225812
ENDURANCE INTERNATIONAL GROUP,K. J. SOMAIYA COLLEGE OF ENGINEERING,MUMBAI,2017,775184
MORGAN STANLEY,VISHWAKARMA INSTITUTE OF TECHNOLOGY,PUNE,2014,1795032
SIEMENS,"TRINITY COLLEGE OF ENGINEERING AND RESEARCH,PUNE",PUNE,2017,491486
MORGAN STANLEY,SMT. INDIRA GANDHI COLLEGE OF ENGINEERING,NAVI MUMBAI,2018,507602
MU SIGMA,RAMRAO ADIK INSTITUTE OF TECHNOLOGY,NAVI MUMBAI,2014,343078
CMC,ALAMURI RATNAMALA INSTITUTE OF ENGINEERING & TECHNOLOGY,THANE,2014,435063
LARSEN & TOUBRO,"TRINITY COLLEGE OF ENGINEERING AND RESEARCH,PUNE",PUNE,2016,1759724
TCS,SMT. INDIRA GANDHI COLLEGE OF ENGINEERING,NAVI MUMBAI,2016,364740
TIBCO SOFTWARE,PUNE INSTITUTE OF COMPUTER TECHNOLOGY,PUNE,2015,575984
RAJA SOFTWARE LABS,PILLAI HOC COLLEGE OF ENGINEERING AND TECHNOLOGY,NAVI MUMBAI,2017,455947
SCHNEIDER ELECTRIC,SMT. INDIRA GANDHI COLLEGE OF ENGINEERING,NAVI MUMBAI,2018,111685
OSP LABS,THADOMAL SHAHANI ENGINEERING COLLEGE,MUMBAI,2014,841165
WNS,PILLAI HOC COLLEGE OF ENGINEERING AND TECHNOLOGY,NAVI MUMBAI,2018,465813
BHARAT PETROLEUM,DWARKADAS J. SANGHVI COLLEGE OF ENGINEERING,MUMBAI,2015,374375
ORACLE,ARMY INSTITUTE OF TECHNOLOGY,PUNE,2018,485375
MU SIGMA,VISHWAKARMA INSTITUTE OF TECHNOLOGY,PUNE,2018,333248
TATA,VEERMATA JIJABAI TECHNOLOGICAL INSTITUTE,MUMBAI,2015,98062
ATOS,K. J. SOMAIYA COLLEGE OF ENGINEERING,MUMBAI,2016,729338
INGRAM MICRO,THAKUR COLLEGE OF ENGINEERING AND TECHNOLOGY,MUMBAI,2016,362871
INFORMATICA,DHOLE PATIL COLLEGE OF ENGINEERING PUNE,PUNE,2016,372962
IDBI INTECH,THADOMAL SHAHANI ENGINEERING COLLEGE,MUMBAI,2015,382291
XORIANT,DWARKADAS J. SANGHVI COLLEGE OF ENGINEERING,MUMBAI,2015,638498
MORGAN STANLEY,LOKMANYA TILAK COLLEGE OF ENGINEERING,NAVI MUMBAI,2017,518294
GEP,LOKMANYA TILAK COLLEGE OF ENGINEERING,NAVI MUMBAI,2014,722953
VERIZON,VEERMATA JIJABAI TECHNOLOGICAL INSTITUTE,MUMBAI,2014,552244
CMS IT SERVICES,ALAMURI RATNAMALA INSTITUTE OF ENGINEERING & TECHNOLOGY,THANE,2018,449752
ACCENTURE,ARMY INSTITUTE OF TECHNOLOGY,PUNE,2018,668364
BHARAT PETROLEUM,LOKMANYA TILAK COLLEGE OF ENGINEERING,NAVI MUMBAI,2015,375972
NEOSOFT TECHNOLOGIES,PUNE INSTITUTE OF COMPUTER TECHNOLOGY,PUNE,2014,477993
GE,RAMRAO ADIK INSTITUTE OF TECHNOLOGY,NAVI MUMBAI,2014,535996
INFOSYS,INDIRA COLLEGE OF ENGINEERING AND MANAGEMENT,PUNE,2018,470498
MU SIGMA,PILLAI HOC COLLEGE OF ENGINEERING AND TECHNOLOGY,NAVI MUMBAI,2017,345055
MILES SOFTWARE,SMT. INDIRA GANDHI COLLEGE OF ENGINEERING,NAVI MUMBAI,2018,339475
CIMPRESS,VEERMATA JIJABAI TECHNOLOGICAL INSTITUTE,MUMBAI,2016,861754
QUINNOX,DWARKADAS J. SANGHVI COLLEGE OF ENGINEERING,MUMBAI,2016,433589
WISDMLABS,MIT COLLEGE OF ENGINEERING,PUNE,2018,466296
BHARAT PETROLEUM,DWARKADAS J. SANGHVI COLLEGE OF ENGINEERING,MUMBAI,2014,390200
KPIT TECHNOLOGIES,ALAMURI RATNAMALA INSTITUTE OF ENGINEERING & TECHNOLOGY,THANE,2018,795504
THIRDWARE SOLUTION,INDIRA COLLEGE OF ENGINEERING AND MANAGEMENT,PUNE,2017,441483
NSEIT,"TRINITY COLLEGE OF ENGINEERING AND RESEARCH,PUNE",PUNE,2017,49818
SYNTROSYS,SMT. INDIRA GANDHI COLLEGE OF ENGINEERING,NAVI MUMBAI,2017,964802
NEOSOFT TECHNOLOGIES,LOKMANYA TILAK COLLEGE OF ENGINEERING,NAVI MUMBAI,2015,485826
RAVE TECHNOLOGIES,INDIRA COLLEGE OF ENGINEERING AND MANAGEMENT,PUNE,2015,415747
SIEMENS,BHARATI VIDYAPEETH COLLEGE OF ENGINEERING,PUNE,2017,499480
VPHRASE,RAMRAO ADIK INSTITUTE OF TECHNOLOGY,NAVI MUMBAI,2016,417083
QUINNOX,RAMRAO ADIK INSTITUTE OF TECHNOLOGY,NAVI MUMBAI,2016,794736
TECH MAHINDRA,XAVIER INSTITUTE OF ENGINEERING,MUMBAI,2017,482555
MU SIGMA,PILLAI HOC COLLEGE OF ENGINEERING AND TECHNOLOGY,NAVI MUMBAI,2016,689355
TECH MAHINDRA,INDIRA COLLEGE OF ENGINEERING AND MANAGEMENT,PUNE,2015,471641
ECLERX,DWARKADAS J. SANGHVI COLLEGE OF ENGINEERING,MUMBAI,2014,45413
TOPPR.COM,VISHWAKARMA INSTITUTE OF TECHNOLOGY,PUNE,2016,996681
AMDOCS,RAMRAO ADIK INSTITUTE OF TECHNOLOGY,NAVI MUMBAI,2017,790430
INFOSYS,"TRINITY COLLEGE OF ENGINEERING AND RESEARCH,PUNE",PUNE,2018,470498
AXIS BANK,RAMRAO ADIK INSTITUTE OF TECHNOLOGY,NAVI MUMBAI,2018,11752
HEXAWARE TECHNOLOGIES,VISHWAKARMA INSTITUTE OF TECHNOLOGY,PUNE,2018,760901
SCHNEIDER ELECTRIC,INDIRA COLLEGE OF ENGINEERING AND MANAGEMENT,PUNE,2017,449877
OSP LABS,PILLAI HOC COLLEGE OF ENGINEERING AND TECHNOLOGY,NAVI MUMBAI,2018,861754
SAINT-GOBAIN,RAMRAO ADIK INSTITUTE OF TECHNOLOGY,NAVI MUMBAI,2018,729650
IDBI INTECH,SMT. INDIRA GANDHI COLLEGE OF ENGINEERING,NAVI MUMBAI,2018,395473
NUCSOFT,THAKUR COLLEGE OF ENGINEERING AND TECHNOLOGY,MUMBAI,2017,220406
ZENSAR TECHNOLOGIES,PILLAI HOC COLLEGE OF ENGINEERING AND TECHNOLOGY,NAVI MUMBAI,2015,482579
NVIDIA,LOKMANYA TILAK COLLEGE OF ENGINEERING,NAVI MUMBAI,2016,22908
BNP PARIBAS,PILLAI COLLEGE OF ENGINEERING,NAVI MUMBAI,2017,54010
QUINNOX,ALAMURI RATNAMALA INSTITUTE OF ENGINEERING & TECHNOLOGY,THANE,2014,784640
ORACLE,K. J. SOMAIYA COLLEGE OF ENGINEERING,MUMBAI,2015,479516
UGAM,VEERMATA JIJABAI TECHNOLOGICAL INSTITUTE,MUMBAI,2015,813265
ATOS,DHOLE PATIL COLLEGE OF ENGINEERING PUNE,PUNE,2015,707311
BNP PARIBAS,"SHREE RAMCHANDRA COLLEGE OF ENGINEERING,PUNE",PUNE,2015,53954
NUCSOFT,ALAMURI RATNAMALA INSTITUTE OF ENGINEERING & TECHNOLOGY,THANE,2016,29854
HEWLETT-PACKARD,ARMY INSTITUTE OF TECHNOLOGY,PUNE,2018,1114263
GE,VISHWAKARMA INSTITUTE OF TECHNOLOGY,PUNE,2017,535901
INDUS VALLEY PARTNERS,"SHREE RAMCHANDRA COLLEGE OF ENGINEERING,PUNE",PUNE,2018,768244
SCHNEIDER ELECTRIC,THAKUR COLLEGE OF ENGINEERING AND TECHNOLOGY,MUMBAI,2018,109483
WNS,DWARKADAS J. SANGHVI COLLEGE OF ENGINEERING,MUMBAI,2015,399372
MAQ SOFTWARE,THAKUR COLLEGE OF ENGINEERING AND TECHNOLOGY,MUMBAI,2018,760825
AMDOCS,THADOMAL SHAHANI ENGINEERING COLLEGE,MUMBAI,2018,758480
THIRDWARE SOLUTION,MIT COLLEGE OF ENGINEERING,PUNE,2014,508295
INFORMATICA,ALAMURI RATNAMALA INSTITUTE OF ENGINEERING & TECHNOLOGY,THANE,2016,1713329
GE,THAKUR COLLEGE OF ENGINEERING AND TECHNOLOGY,MUMBAI,2015,532421
NETWORK 18,ALAMURI RATNAMALA INSTITUTE OF ENGINEERING & TECHNOLOGY,THANE,2017,433293
MAJESCO,XAVIER INSTITUTE OF ENGINEERING,MUMBAI,2018,440753
MORGAN STANLEY,ARMY INSTITUTE OF TECHNOLOGY,PUNE,2017,502915
KPIT TECHNOLOGIES,DWARKADAS J. SANGHVI COLLEGE OF ENGINEERING,MUMBAI,2014,784484
INFOGAIN,LOKMANYA TILAK COLLEGE OF ENGINEERING,NAVI MUMBAI,2016,405713
CLOVER INFOTECH,SMT. INDIRA GANDHI COLLEGE OF ENGINEERING,NAVI MUMBAI,2018,17773
BHARAT PETROLEUM,COLLEGE OF ENGINEERING PUNE,PUNE,2017,382233
CAPITA,RAMRAO ADIK INSTITUTE OF TECHNOLOGY,NAVI MUMBAI,2018,585569
RAVE TECHNOLOGIES,THAKUR COLLEGE OF ENGINEERING AND TECHNOLOGY,MUMBAI,2016,422021
XL DYNAMICS,PILLAI HOC COLLEGE OF ENGINEERING AND TECHNOLOGY,NAVI MUMBAI,2017,684806
TCS,INDIRA COLLEGE OF ENGINEERING AND MANAGEMENT,PUNE,2014,357469
INFORMATICA,K. J. SOMAIYA COLLEGE OF ENGINEERING,MUMBAI,2017,383725
ORIENT TECHNOLOGIES,"DR. D. Y. PATIL VIDYAPEETH, PUNE",PUNE,2015,27085
ATOS,DWARKADAS J. SANGHVI COLLEGE OF ENGINEERING,MUMBAI,2016,708556
TIBCO SOFTWARE,VISHWAKARMA INSTITUTE OF TECHNOLOGY,PUNE,2017,584443
MU SIGMA,K. J. SOMAIYA COLLEGE OF ENGINEERING,MUMBAI,2014,714766
RAVE TECHNOLOGIES,RAMRAO ADIK INSTITUTE OF TECHNOLOGY,NAVI MUMBAI,2018,403774
ECLERX,ALAMURI RATNAMALA INSTITUTE OF ENGINEERING & TECHNOLOGY,THANE,2017,400779
ACCENTURE,"DR. D. Y. PATIL VIDYAPEETH, PUNE",PUNE,2018,298184
BOOKMYSHOW,PUNE INSTITUTE OF COMPUTER TECHNOLOGY,PUNE,2014,366602
CMC,"DR. D. Y. PATIL VIDYAPEETH, PUNE",PUNE,2015,416373
LIONBRIDGE,ALAMURI RATNAMALA INSTITUTE OF ENGINEERING & TECHNOLOGY,THANE,2016,45356
QUINNOX,VISHWAKARMA INSTITUTE OF TECHNOLOGY,PUNE,2014,770369
NEOSOFT,LOKMANYA TILAK COLLEGE OF ENGINEERING,NAVI MUMBAI,2014,384597
INFOGAIN,MIT COLLEGE OF ENGINEERING,PUNE,2015,417519
NUCSOFT,SMT. INDIRA GANDHI COLLEGE OF ENGINEERING,NAVI MUMBAI,2018,225812
TIBCO SOFTWARE,BHARATI VIDYAPEETH COLLEGE OF ENGINEERING,PUNE,2014,1284570
THIRDWARE SOLUTION,THAKUR COLLEGE OF ENGINEERING AND TECHNOLOGY,MUMBAI,2015,483150
GE,"TRINITY COLLEGE OF ENGINEERING AND RESEARCH,PUNE",PUNE,2018,708060
SCHNEIDER ELECTRIC,COLLEGE OF ENGINEERING PUNE,PUNE,2018,107263
BANK OF AMERICA,LOKMANYA TILAK COLLEGE OF ENGINEERING,NAVI MUMBAI,2018,791104
NVIDIA,ARMY INSTITUTE OF TECHNOLOGY,PUNE,2017,22375
MORGAN STANLEY,COLLEGE OF ENGINEERING PUNE,PUNE,2016,1811933
CALSOFT,K. J. SOMAIYA COLLEGE OF ENGINEERING,MUMBAI,2015,16783
OSP LABS,VISHWAKARMA INSTITUTE OF TECHNOLOGY,PUNE,2016,839059
PROTEGRITY,ALAMURI RATNAMALA INSTITUTE OF ENGINEERING & TECHNOLOGY,THANE,2017,1177897
MU SIGMA,VISHWAKARMA INSTITUTE OF TECHNOLOGY,PUNE,2016,341797
NVIDIA,PUNE INSTITUTE OF COMPUTER TECHNOLOGY,PUNE,2015,249729
WISDMLABS,DWARKADAS J. SANGHVI COLLEGE OF ENGINEERING,MUMBAI,2015,1707041
QUINNOX,RAMRAO ADIK INSTITUTE OF TECHNOLOGY,NAVI MUMBAI,2018,434777
ACCENTURE,VISHWAKARMA INSTITUTE OF TECHNOLOGY,PUNE,2014,658220
QAD,XAVIER INSTITUTE OF ENGINEERING,MUMBAI,2018,751770
QUINNOX,THADOMAL SHAHANI ENGINEERING COLLEGE,MUMBAI,2016,459353
INFOGAIN,INDIRA COLLEGE OF ENGINEERING AND MANAGEMENT,PUNE,2015,424872
ZENSAR TECHNOLOGIES,DWARKADAS J. SANGHVI COLLEGE OF ENGINEERING,MUMBAI,2018,1092013
ATOS,XAVIER INSTITUTE OF ENGINEERING,MUMBAI,2015,25987
NEOSOFT,SMT. INDIRA GANDHI COLLEGE OF ENGINEERING,NAVI MUMBAI,2018,523361
SABA SOFTWARE,RAMRAO ADIK INSTITUTE OF TECHNOLOGY,NAVI MUMBAI,2017,722320
MAJESCO,"SHREE RAMCHANDRA COLLEGE OF ENGINEERING,PUNE",PUNE,2014,483292
QUANTIPHI,THAKUR COLLEGE OF ENGINEERING AND TECHNOLOGY,MUMBAI,2014,892228
KPIT TECHNOLOGIES,"SHREE RAMCHANDRA COLLEGE OF ENGINEERING,PUNE",PUNE,2015,808270
BANK OF AMERICA,THADOMAL SHAHANI ENGINEERING COLLEGE,MUMBAI,2014,875649
TECH MAHINDRA,DHOLE PATIL COLLEGE OF ENGINEERING PUNE,PUNE,2016,29198
PROTEGRITY,ALAMURI RATNAMALA INSTITUTE OF ENGINEERING & TECHNOLOGY,THANE,2016,1150591
MU SIGMA,PUNE INSTITUTE OF COMPUTER TECHNOLOGY,PUNE,2018,711075
CMC,RAMRAO ADIK INSTITUTE OF TECHNOLOGY,NAVI MUMBAI,2014,419354
XL DYNAMICS,PILLAI HOC COLLEGE OF ENGINEERING AND TECHNOLOGY,NAVI MUMBAI,2018,678263
BANK OF AMERICA,DWARKADAS J. SANGHVI COLLEGE OF ENGINEERING,MUMBAI,2014,805006
PC TECHNOLOGY,VEERMATA JIJABAI TECHNOLOGICAL INSTITUTE,MUMBAI,2018,17733
TECH MAHINDRA,DWARKADAS J. SANGHVI COLLEGE OF ENGINEERING,MUMBAI,2017,499210
JOHNSON CONTROLS,SMT. INDIRA GANDHI COLLEGE OF ENGINEERING,NAVI MUMBAI,2015,773321
XL DYNAMICS,"DR. D. Y. PATIL VIDYAPEETH, PUNE",PUNE,2018,697905
PROTEGRITY,MIT COLLEGE OF ENGINEERING,PUNE,2017,1162419
WIPRO,PUNE INSTITUTE OF COMPUTER TECHNOLOGY,PUNE,2016,469422
RAJA SOFTWARE LABS,XAVIER INSTITUTE OF ENGINEERING,MUMBAI,2018,441201
AMDOCS,ALAMURI RATNAMALA INSTITUTE OF ENGINEERING & TECHNOLOGY,THANE,2014,779507
ADOBE,INDIRA COLLEGE OF ENGINEERING AND MANAGEMENT,PUNE,2015,1149797
NEOSOFT,ALAMURI RATNAMALA INSTITUTE OF ENGINEERING & TECHNOLOGY,THANE,2015,522134
AMDOCS,ALAMURI RATNAMALA INSTITUTE OF ENGINEERING & TECHNOLOGY,THANE,2016,679732
SYNTROSYS,DWARKADAS J. SANGHVI COLLEGE OF ENGINEERING,MUMBAI,2018,981486
ACCENTURE,PILLAI COLLEGE OF ENGINEERING,NAVI MUMBAI,2018,299512
NEOSOFT,COLLEGE OF ENGINEERING PUNE,PUNE,2017,377481
ACCENTURE,THAKUR COLLEGE OF ENGINEERING AND TECHNOLOGY,MUMBAI,2014,296396
ECLERX,SMT. INDIRA GANDHI COLLEGE OF ENGINEERING,NAVI MUMBAI,2016,400475
TATA COMMUNICATIONS,K. J. SOMAIYA COLLEGE OF ENGINEERING,MUMBAI,2014,649525
MPHASIS,K. J. SOMAIYA COLLEGE OF ENGINEERING,MUMBAI,2017,481791
INDUS VALLEY PARTNERS,ALAMURI RATNAMALA INSTITUTE OF ENGINEERING & TECHNOLOGY,THANE,2018,29996
ORACLE,SMT. INDIRA GANDHI COLLEGE OF ENGINEERING,NAVI MUMBAI,2017,748798
TCS,INDIRA COLLEGE OF ENGINEERING AND MANAGEMENT,PUNE,2016,42293
KPIT TECHNOLOGIES,"DR. D. Y. PATIL VIDYAPEETH, PUNE",PUNE,2015,788963
ATIDAN,RAMRAO ADIK INSTITUTE OF TECHNOLOGY,NAVI MUMBAI,2018,943802
RAVE TECHNOLOGIES,COLLEGE OF ENGINEERING PUNE,PUNE,2014,408937
HDFC,RAMRAO ADIK INSTITUTE OF TECHNOLOGY,NAVI MUMBAI,2018,522334
VISA INC.,RAMRAO ADIK INSTITUTE OF TECHNOLOGY,NAVI MUMBAI,2017,1180318
LIONBRIDGE,PUNE INSTITUTE OF COMPUTER TECHNOLOGY,PUNE,2018,44037
SCHNEIDER ELECTRIC,RAMRAO ADIK INSTITUTE OF TECHNOLOGY,NAVI MUMBAI,2017,443321
CLOVER INFOTECH,BHARATI VIDYAPEETH COLLEGE OF ENGINEERING,PUNE,2017,17600
INFORMATICA,INDIRA COLLEGE OF ENGINEERING AND MANAGEMENT,PUNE,2016,382541
YAHOO,DHOLE PATIL COLLEGE OF ENGINEERING PUNE,PUNE,2014,374163
BANK OF AMERICA,DWARKADAS J. SANGHVI COLLEGE OF ENGINEERING,MUMBAI,2015,778772
SIEMENS,DWARKADAS J. SANGHVI COLLEGE OF ENGINEERING,MUMBAI,2015,474471
EDELWEISS FINANCIAL SERVICES,DHOLE PATIL COLLEGE OF ENGINEERING PUNE,PUNE,2018,935975
MORGAN STANLEY,DWARKADAS J. SANGHVI COLLEGE OF ENGINEERING,MUMBAI,2017,519724
BANK OF AMERICA,DWARKADAS J. SANGHVI COLLEGE OF ENGINEERING,MUMBAI,2016,891598
MICROSOFT,VEERMATA JIJABAI TECHNOLOGICAL INSTITUTE,MUMBAI,2015,1176245
ACCENTURE,DHOLE PATIL COLLEGE OF ENGINEERING PUNE,PUNE,2016,665745
VISA INC.,LOKMANYA TILAK COLLEGE OF ENGINEERING,NAVI MUMBAI,2015,1176245
ATOS,"DR. D. Y. PATIL VIDYAPEETH, PUNE",PUNE,2015,723743
ACCENTURE,DWARKADAS J. SANGHVI COLLEGE OF ENGINEERING,MUMBAI,2014,292569
CMC,THAKUR COLLEGE OF ENGINEERING AND TECHNOLOGY,MUMBAI,2018,180634
ECLERX,MIT COLLEGE OF ENGINEERING,PUNE,2014,44098
VPHRASE,INDIRA COLLEGE OF ENGINEERING AND MANAGEMENT,PUNE,2018,399345
WNS,ALAMURI RATNAMALA INSTITUTE OF ENGINEERING & TECHNOLOGY,THANE,2018,409027
WISDMLABS,PUNE INSTITUTE OF COMPUTER TECHNOLOGY,PUNE,2016,467026
ARK TECHNOSOLUTIONS,INDIRA COLLEGE OF ENGINEERING AND MANAGEMENT,PUNE,2018,1160428
NUCSOFT,DWARKADAS J. SANGHVI COLLEGE OF ENGINEERING,MUMBAI,2015,29434
SAP,RAMRAO ADIK INSTITUTE OF TECHNOLOGY,NAVI MUMBAI,2014,57122
NUCSOFT,PILLAI HOC COLLEGE OF ENGINEERING AND TECHNOLOGY,NAVI MUMBAI,2014,29846
HCL TECHNOLOGIES,XAVIER INSTITUTE OF ENGINEERING,MUMBAI,2016,918942
SELEC,MIT COLLEGE OF ENGINEERING,PUNE,2018,39988
SYNTROSYS,RAMRAO ADIK INSTITUTE OF TECHNOLOGY,NAVI MUMBAI,2018,957887
GE,ARMY INSTITUTE OF TECHNOLOGY,PUNE,2018,687032
CYBAGE SOFTWARE,XAVIER INSTITUTE OF ENGINEERING,MUMBAI,2015,354916
TATA,LOKMANYA TILAK COLLEGE OF ENGINEERING,NAVI MUMBAI,2014,96198
MU SIGMA,ALAMURI RATNAMALA INSTITUTE OF ENGINEERING & TECHNOLOGY,THANE,2017,706759
MICROSOFT,K. J. SOMAIYA COLLEGE OF ENGINEERING,MUMBAI,2017,1175696
NEOSOFT,VISHWAKARMA INSTITUTE OF TECHNOLOGY,PUNE,2014,505166
INFOSYS,DWARKADAS J. SANGHVI COLLEGE OF ENGINEERING,MUMBAI,2018,470498
AMAZON,XAVIER INSTITUTE OF ENGINEERING,MUMBAI,2014,452446
HEXAWARE TECHNOLOGIES,"DR. D. Y. PATIL VIDYAPEETH, PUNE",PUNE,2014,770438
IBM,ALAMURI RATNAMALA INSTITUTE OF ENGINEERING & TECHNOLOGY,THANE,2018,441092
MPHASIS,"SHREE RAMCHANDRA COLLEGE OF ENGINEERING,PUNE",PUNE,2015,486342
LTI,THAKUR COLLEGE OF ENGINEERING AND TECHNOLOGY,MUMBAI,2016,1252801
NUCSOFT,BHARATI VIDYAPEETH COLLEGE OF ENGINEERING,PUNE,2017,226766
ACCENTURE,LOKMANYA TILAK COLLEGE OF ENGINEERING,NAVI MUMBAI,2014,300254
GOOGLE,SMT. INDIRA GANDHI COLLEGE OF ENGINEERING,NAVI MUMBAI,2015,54883
NEWGEN SOFTWARE,DHOLE PATIL COLLEGE OF ENGINEERING PUNE,PUNE,2014,690243
LARSEN & TOUBRO,DHOLE PATIL COLLEGE OF ENGINEERING PUNE,PUNE,2015,1784005
JOHNSON CONTROLS,PILLAI COLLEGE OF ENGINEERING,NAVI MUMBAI,2015,775778
TECH MAHINDRA,RAMRAO ADIK INSTITUTE OF TECHNOLOGY,NAVI MUMBAI,2014,488653
ORACLE,MIT COLLEGE OF ENGINEERING,PUNE,2018,485375
EDELWEISS FINANCIAL SERVICES,ARMY INSTITUTE OF TECHNOLOGY,PUNE,2018,929369
THIRDWARE SOLUTION,MIT COLLEGE OF ENGINEERING,PUNE,2014,493188
UGAM,PUNE INSTITUTE OF COMPUTER TECHNOLOGY,PUNE,2015,775737
ENDURANCE INTERNATIONAL GROUP,THAKUR COLLEGE OF ENGINEERING AND TECHNOLOGY,MUMBAI,2015,789709
HEWLETT-PACKARD,DWARKADAS J. SANGHVI COLLEGE OF ENGINEERING,MUMBAI,2018,54103
WEATHERFORD,THADOMAL SHAHANI ENGINEERING COLLEGE,MUMBAI,2015,495350
QUINNOX,XAVIER INSTITUTE OF ENGINEERING,MUMBAI,2016,788735
TOPPR.COM,LOKMANYA TILAK COLLEGE OF ENGINEERING,NAVI MUMBAI,2018,395431
TATA,DWARKADAS J. SANGHVI COLLEGE OF ENGINEERING,MUMBAI,2018,94507
RAJA SOFTWARE LABS,XAVIER INSTITUTE OF ENGINEERING,MUMBAI,2016,440231
NVIDIA,XAVIER INSTITUTE OF ENGINEERING,MUMBAI,2018,249593
CREDIT SUISSE,VEERMATA JIJABAI TECHNOLOGICAL INSTITUTE,MUMBAI,2018,935270
EDELWEISS FINANCIAL SERVICES,PILLAI HOC COLLEGE OF ENGINEERING AND TECHNOLOGY,NAVI MUMBAI,2018,935975
TECH MAHINDRA,VISHWAKARMA INSTITUTE OF TECHNOLOGY,PUNE,2014,480161
TECH MAHINDRA,VISHWAKARMA INSTITUTE OF TECHNOLOGY,PUNE,2018,29854
INFOSYS,ARMY INSTITUTE OF TECHNOLOGY,PUNE,2014,618852
NVIDIA,DWARKADAS J. SANGHVI COLLEGE OF ENGINEERING,MUMBAI,2016,251017
ZYCUS,ARMY INSTITUTE OF TECHNOLOGY,PUNE,2018,42257
TIBCO SOFTWARE,DWARKADAS J. SANGHVI COLLEGE OF ENGINEERING,MUMBAI,2018,1260431
MAQ SOFTWARE,VEERMATA JIJABAI TECHNOLOGICAL INSTITUTE,MUMBAI,2017,770199
IBM,ARMY INSTITUTE OF TECHNOLOGY,PUNE,2018,374779
PROTEGRITY,ARMY INSTITUTE OF TECHNOLOGY,PUNE,2014,1140958
ECLINICALWORKS,DHOLE PATIL COLLEGE OF ENGINEERING PUNE,PUNE,2018,610508
ORACLE,DWARKADAS J. SANGHVI COLLEGE OF ENGINEERING,MUMBAI,2016,753646
ZYCUS,XAVIER INSTITUTE OF ENGINEERING,MUMBAI,2016,17393
VISA INC.,VISHWAKARMA INSTITUTE OF TECHNOLOGY,PUNE,2014,1197327
VERIZON,XAVIER INSTITUTE OF ENGINEERING,MUMBAI,2017,549341
ORANGE,VEERMATA JIJABAI TECHNOLOGICAL INSTITUTE,MUMBAI,2014,20401
MIRRAW,ARMY INSTITUTE OF TECHNOLOGY,PUNE,2016,30959
ZENSAR TECHNOLOGIES,MIT COLLEGE OF ENGINEERING,PUNE,2017,1094267
QUANTIPHI,PILLAI HOC COLLEGE OF ENGINEERING AND TECHNOLOGY,NAVI MUMBAI,2015,31431
BNP PARIBAS,VISHWAKARMA INSTITUTE OF TECHNOLOGY,PUNE,2018,37630
CLOVER INFOTECH,PILLAI HOC COLLEGE OF ENGINEERING AND TECHNOLOGY,NAVI MUMBAI,2018,17444
DIRECTI,VISHWAKARMA INSTITUTE OF TECHNOLOGY,PUNE,2015,25379
MICROSOFT,THAKUR COLLEGE OF ENGINEERING AND TECHNOLOGY,MUMBAI,2018,1181589
AMDOCS,THADOMAL SHAHANI ENGINEERING COLLEGE,MUMBAI,2014,760250
ZYCUS,PILLAI HOC COLLEGE OF ENGINEERING AND TECHNOLOGY,NAVI MUMBAI,2018,42829
XL DYNAMICS,COLLEGE OF ENGINEERING PUNE,PUNE,2014,687082
MAQ SOFTWARE,ALAMURI RATNAMALA INSTITUTE OF ENGINEERING & TECHNOLOGY,THANE,2018,771710
MPHASIS,INDIRA COLLEGE OF ENGINEERING AND MANAGEMENT,PUNE,2018,491042
WIPRO,ARMY INSTITUTE OF TECHNOLOGY,PUNE,2018,480905
GEOMETRIC,XAVIER INSTITUTE OF ENGINEERING,MUMBAI,2018,436485
ECLERX,INDIRA COLLEGE OF ENGINEERING AND MANAGEMENT,PUNE,2017,45828
INFORMATICA,BHARATI VIDYAPEETH COLLEGE OF ENGINEERING,PUNE,2018,1764367
NVIDIA,THADOMAL SHAHANI ENGINEERING COLLEGE,MUMBAI,2018,22919
SIEMENS,LOKMANYA TILAK COLLEGE OF ENGINEERING,NAVI MUMBAI,2018,491609
FRACTAL ANALYTICS,THADOMAL SHAHANI ENGINEERING COLLEGE,MUMBAI,2014,31339
UBS,ALAMURI RATNAMALA INSTITUTE OF ENGINEERING & TECHNOLOGY,THANE,2014,1769507
AMDOCS,ARMY INSTITUTE OF TECHNOLOGY,PUNE,2017,692480
MICROSOFT,VEERMATA JIJABAI TECHNOLOGICAL INSTITUTE,MUMBAI,2018,425440
TCS,PUNE INSTITUTE OF COMPUTER TECHNOLOGY,PUNE,2015,369692
MEDIA.NET,DWARKADAS J. SANGHVI COLLEGE OF ENGINEERING,MUMBAI,2015,1345310
AMDOCS,PILLAI HOC COLLEGE OF ENGINEERING AND TECHNOLOGY,NAVI MUMBAI,2016,765996
ARK TECHNOSOLUTIONS,RAMRAO ADIK INSTITUTE OF TECHNOLOGY,NAVI MUMBAI,2017,1140970
GENPACT,ALAMURI RATNAMALA INSTITUTE OF ENGINEERING & TECHNOLOGY,THANE,2015,624300
IGATE,"TRINITY COLLEGE OF ENGINEERING AND RESEARCH,PUNE",PUNE,2016,29261
MEDIA.NET,BHARATI VIDYAPEETH COLLEGE OF ENGINEERING,PUNE,2017,1411931
MPHASIS,SMT. INDIRA GANDHI COLLEGE OF ENGINEERING,NAVI MUMBAI,2017,727277
IDBI INTECH,PILLAI COLLEGE OF ENGINEERING,NAVI MUMBAI,2015,394189
TATA COMMUNICATIONS,DWARKADAS J. SANGHVI COLLEGE OF ENGINEERING,MUMBAI,2017,671349
HEXAWARE TECHNOLOGIES,K. J. SOMAIYA COLLEGE OF ENGINEERING,MUMBAI,2016,760901
WISDMLABS,K. J. SOMAIYA COLLEGE OF ENGINEERING,MUMBAI,2017,1681262
ECLINICALWORKS,SMT. INDIRA GANDHI COLLEGE OF ENGINEERING,NAVI MUMBAI,2016,341185
CMS IT SERVICES,ALAMURI RATNAMALA INSTITUTE OF ENGINEERING & TECHNOLOGY,THANE,2014,433377
INFOGAIN,ARMY INSTITUTE OF TECHNOLOGY,PUNE,2016,408540
ECLERX,K. J. SOMAIYA COLLEGE OF ENGINEERING,MUMBAI,2016,387658
GEOMETRIC,"TRINITY COLLEGE OF ENGINEERING AND RESEARCH,PUNE",PUNE,2014,433362
ACCENTURE,THADOMAL SHAHANI ENGINEERING COLLEGE,MUMBAI,2017,297812
GOOGLE,VEERMATA JIJABAI TECHNOLOGICAL INSTITUTE,MUMBAI,2017,45170
WIPRO,THAKUR COLLEGE OF ENGINEERING AND TECHNOLOGY,MUMBAI,2015,476593
XORIANT,SMT. INDIRA GANDHI COLLEGE OF ENGINEERING,NAVI MUMBAI,2018,671107
QUINNOX,VEERMATA JIJABAI TECHNOLOGICAL INSTITUTE,MUMBAI,2017,781181
TECH MAHINDRA,ALAMURI RATNAMALA INSTITUTE OF ENGINEERING & TECHNOLOGY,THANE,2015,30198
INFIBEAM,PUNE INSTITUTE OF COMPUTER TECHNOLOGY,PUNE,2014,181295
MICROSOFT,VISHWAKARMA INSTITUTE OF TECHNOLOGY,PUNE,2014,1196239
INGRAM MICRO,"DR. D. Y. PATIL VIDYAPEETH, PUNE",PUNE,2014,363662
ENDURANCE INTERNATIONAL GROUP,"DR. D. Y. PATIL VIDYAPEETH, PUNE",PUNE,2017,760583
TCS,DHOLE PATIL COLLEGE OF ENGINEERING PUNE,PUNE,2018,42395
MIRRAW,THAKUR COLLEGE OF ENGINEERING AND TECHNOLOGY,MUMBAI,2014,31112
ECLINICALWORKS,ARMY INSTITUTE OF TECHNOLOGY,PUNE,2014,593562
IGATE,PILLAI COLLEGE OF ENGINEERING,NAVI MUMBAI,2017,30641
NUCSOFT,ARMY INSTITUTE OF TECHNOLOGY,PUNE,2017,231005
WISDMLABS,BHARATI VIDYAPEETH COLLEGE OF ENGINEERING,PUNE,2016,1733262
VPHRASE,PILLAI HOC COLLEGE OF ENGINEERING AND TECHNOLOGY,NAVI MUMBAI,2017,404859
NUCSOFT,K. J. SOMAIYA COLLEGE OF ENGINEERING,MUMBAI,2015,30170
THIRDWARE SOLUTION,ALAMURI RATNAMALA INSTITUTE OF ENGINEERING & TECHNOLOGY,THANE,2014,441939
BNP PARIBAS,XAVIER INSTITUTE OF ENGINEERING,MUMBAI,2018,38674
SIEMENS,PUNE INSTITUTE OF COMPUTER TECHNOLOGY,PUNE,2016,468656
ATOS,VEERMATA JIJABAI TECHNOLOGICAL INSTITUTE,MUMBAI,2015,710194
TCS,PUNE INSTITUTE OF COMPUTER TECHNOLOGY,PUNE,2015,363745
HCL TECHNOLOGIES,DHOLE PATIL COLLEGE OF ENGINEERING PUNE,PUNE,2016,911845
CIMPRESS,PILLAI HOC COLLEGE OF ENGINEERING AND TECHNOLOGY,NAVI MUMBAI,2014,840108
TECH MAHINDRA,VEERMATA JIJABAI TECHNOLOGICAL INSTITUTE,MUMBAI,2014,29854
TATA COMMUNICATIONS,"SHREE RAMCHANDRA COLLEGE OF ENGINEERING,PUNE",PUNE,2018,651976
AXIS BANK,DHOLE PATIL COLLEGE OF ENGINEERING PUNE,PUNE,2018,588122
LTI,SMT. INDIRA GANDHI COLLEGE OF ENGINEERING,NAVI MUMBAI,2018,1260431
CALSOFT,SMT. INDIRA GANDHI COLLEGE OF ENGINEERING,NAVI MUMBAI,2016,16301
ZYCUS,COLLEGE OF ENGINEERING PUNE,PUNE,2016,42054
ACCENTURE,VISHWAKARMA INSTITUTE OF TECHNOLOGY,PUNE,2017,650150
GODREJ INFOTECH,VEERMATA JIJABAI TECHNOLOGICAL INSTITUTE,MUMBAI,2015,390562
ORACLE,RAMRAO ADIK INSTITUTE OF TECHNOLOGY,NAVI MUMBAI,2015,765395
INFORMATICA,BHARATI VIDYAPEETH COLLEGE OF ENGINEERING,PUNE,2018,1728651
SIEMENS,PILLAI HOC COLLEGE OF ENGINEERING AND TECHNOLOGY,NAVI MUMBAI,2018,492323
AMAZON,VEERMATA JIJABAI TECHNOLOGICAL INSTITUTE,MUMBAI,2016,435354
NEOSOFT,LOKMANYA TILAK COLLEGE OF ENGINEERING,NAVI MUMBAI,2016,380313
INFOSYS,"SHREE RAMCHANDRA COLLEGE OF ENGINEERING,PUNE",PUNE,2018,459857
VPHRASE,COLLEGE OF ENGINEERING PUNE,PUNE,2014,399783
AXIS BANK,VISHWAKARMA INSTITUTE OF TECHNOLOGY,PUNE,2018,11299
SYNTROSYS,PUNE INSTITUTE OF COMPUTER TECHNOLOGY,PUNE,2014,13148
BANK OF AMERICA,INDIRA COLLEGE OF ENGINEERING AND MANAGEMENT,PUNE,2014,804079
CLOVER INFOTECH,"TRINITY COLLEGE OF ENGINEERING AND RESEARCH,PUNE",PUNE,2018,374779
GOOGLE,THADOMAL SHAHANI ENGINEERING COLLEGE,MUMBAI,2015,43262
CAPGEMINI,ALAMURI RATNAMALA INSTITUTE OF ENGINEERING & TECHNOLOGY,THANE,2018,793764
NEOSOFT,VISHWAKARMA INSTITUTE OF TECHNOLOGY,PUNE,2017,508278
ORIENT TECHNOLOGIES,"TRINITY COLLEGE OF ENGINEERING AND RESEARCH,PUNE",PUNE,2015,25964
CYBAGE SOFTWARE,BHARATI VIDYAPEETH COLLEGE OF ENGINEERING,PUNE,2014,339913
INFORMATICA,PILLAI HOC COLLEGE OF ENGINEERING AND TECHNOLOGY,NAVI MUMBAI,2018,381816
MASTEK,VEERMATA JIJABAI TECHNOLOGICAL INSTITUTE,MUMBAI,2015,38801
NSEIT,ARMY INSTITUTE OF TECHNOLOGY,PUNE,2017,49157
GE,VISHWAKARMA INSTITUTE OF TECHNOLOGY,PUNE,2016,527128
LARSEN & TOUBRO,THAKUR COLLEGE OF ENGINEERING AND TECHNOLOGY,MUMBAI,2017,1774962
BOOKMYSHOW,XAVIER INSTITUTE OF ENGINEERING,MUMBAI,2017,368259
SCHNEIDER ELECTRIC,ARMY INSTITUTE OF TECHNOLOGY,PUNE,2017,106969
ECLERX,SMT. INDIRA GANDHI COLLEGE OF ENGINEERING,NAVI MUMBAI,2015,46229
ECLERX,"TRINITY COLLEGE OF ENGINEERING AND RESEARCH,PUNE",PUNE,2014,45782
ACCENTURE,PUNE INSTITUTE OF COMPUTER TECHNOLOGY,PUNE,2014,294141
DIRECTI,RAMRAO ADIK INSTITUTE OF TECHNOLOGY,NAVI MUMBAI,2017,24924
MPHASIS,RAMRAO ADIK INSTITUTE OF TECHNOLOGY,NAVI MUMBAI,2018,478192
CREDIT SUISSE,PILLAI HOC COLLEGE OF ENGINEERING AND TECHNOLOGY,NAVI MUMBAI,2017,304250
DIRECTI,VEERMATA JIJABAI TECHNOLOGICAL INSTITUTE,MUMBAI,2017,25184
NEOSOFT,ALAMURI RATNAMALA INSTITUTE OF ENGINEERING & TECHNOLOGY,THANE,2016,385295
ADOBE,ALAMURI RATNAMALA INSTITUTE OF ENGINEERING & TECHNOLOGY,THANE,2017,107942
CLOVER INFOTECH,DHOLE PATIL COLLEGE OF ENGINEERING PUNE,PUNE,2018,363828
SABA SOFTWARE,THAKUR COLLEGE OF ENGINEERING AND TECHNOLOGY,MUMBAI,2016,702471
UGAM,RAMRAO ADIK INSTITUTE OF TECHNOLOGY,NAVI MUMBAI,2015,536206
MICROSOFT,MIT COLLEGE OF ENGINEERING,PUNE,2015,1177207
QUANTIPHI,DWARKADAS J. SANGHVI COLLEGE OF ENGINEERING,MUMBAI,2016,892379
INFOGAIN,"SHREE RAMCHANDRA COLLEGE OF ENGINEERING,PUNE",PUNE,2016,230020
CMS IT SERVICES,RAMRAO ADIK INSTITUTE OF TECHNOLOGY,NAVI MUMBAI,2015,442353
TECH MAHINDRA,VEERMATA JIJABAI TECHNOLOGICAL INSTITUTE,MUMBAI,2017,30618
SYNTROSYS,PILLAI HOC COLLEGE OF ENGINEERING AND TECHNOLOGY,NAVI MUMBAI,2018,12995
RAJA SOFTWARE LABS,MIT COLLEGE OF ENGINEERING,PUNE,2018,443321
MILES SOFTWARE,BHARATI VIDYAPEETH COLLEGE OF ENGINEERING,PUNE,2018,346240
GOOGLE,ARMY INSTITUTE OF TECHNOLOGY,PUNE,2017,52326
ECLERX,INDIRA COLLEGE OF ENGINEERING AND MANAGEMENT,PUNE,2015,44221
TOPPR.COM,INDIRA COLLEGE OF ENGINEERING AND MANAGEMENT,PUNE,2017,985269
MORGAN STANLEY,LOKMANYA TILAK COLLEGE OF ENGINEERING,NAVI MUMBAI,2017,1753297
GEP,"DR. D. Y. PATIL VIDYAPEETH, PUNE",PUNE,2017,754353
WIPRO,"DR. D. Y. PATIL VIDYAPEETH, PUNE",PUNE,2018,476004
GEOMETRIC SOFTWARE SOLUTIONS,BHARATI VIDYAPEETH COLLEGE OF ENGINEERING,PUNE,2018,355086
BOOKMYSHOW,THAKUR COLLEGE OF ENGINEERING AND TECHNOLOGY,MUMBAI,2015,365922
ARK TECHNOSOLUTIONS,THAKUR COLLEGE OF ENGINEERING AND TECHNOLOGY,MUMBAI,2018,1141263
CMS IT SERVICES,VISHWAKARMA INSTITUTE OF TECHNOLOGY,PUNE,2018,457190
TECH MAHINDRA,PUNE INSTITUTE OF COMPUTER TECHNOLOGY,PUNE,2015,29854
MICROSOFT,DWARKADAS J. SANGHVI COLLEGE OF ENGINEERING,MUMBAI,2016,415575
VERIZON,MIT COLLEGE OF ENGINEERING,PUNE,2015,562521
XORIANT,DWARKADAS J. SANGHVI COLLEGE OF ENGINEERING,MUMBAI,2015,435630
MEDIA.NET,DWARKADAS J. SANGHVI COLLEGE OF ENGINEERING,MUMBAI,2015,582614
CAPGEMINI,LOKMANYA TILAK COLLEGE OF ENGINEERING,NAVI MUMBAI,2018,810916
HEXAWARE TECHNOLOGIES,DWARKADAS J. SANGHVI COLLEGE OF ENGINEERING,MUMBAI,2016,753828
ATOS,"TRINITY COLLEGE OF ENGINEERING AND RESEARCH,PUNE",PUNE,2018,710194
TCS,ARMY INSTITUTE OF TECHNOLOGY,PUNE,2017,359818
NEOSOFT,DHOLE PATIL COLLEGE OF ENGINEERING PUNE,PUNE,2017,384048
SIEMENS,XAVIER INSTITUTE OF ENGINEERING,MUMBAI,2015,499238
DELOITTE,VISHWAKARMA INSTITUTE OF TECHNOLOGY,PUNE,2018,331295
MIRRAW,VISHWAKARMA INSTITUTE OF TECHNOLOGY,PUNE,2018,439440
INFOSYS,COLLEGE OF ENGINEERING PUNE,PUNE,2016,642429
TCS,LOKMANYA TILAK COLLEGE OF ENGINEERING,NAVI MUMBAI,2016,41601
THIRDWARE SOLUTION,RAMRAO ADIK INSTITUTE OF TECHNOLOGY,NAVI MUMBAI,2017,450388
HEXAWARE TECHNOLOGIES,SMT. INDIRA GANDHI COLLEGE OF ENGINEERING,NAVI MUMBAI,2018,745896
QUALITYKIOSK,K. J. SOMAIYA COLLEGE OF ENGINEERING,MUMBAI,2016,31192
IBM INDIA,INDIRA COLLEGE OF ENGINEERING AND MANAGEMENT,PUNE,2018,566421
SIEMENS,THADOMAL SHAHANI ENGINEERING COLLEGE,MUMBAI,2016,486914
GOOGLE,DWARKADAS J. SANGHVI COLLEGE OF ENGINEERING,MUMBAI,2014,52262
IBM INDIA,RAMRAO ADIK INSTITUTE OF TECHNOLOGY,NAVI MUMBAI,2017,580327
SYMANTEC,XAVIER INSTITUTE OF ENGINEERING,MUMBAI,2018,15592
ECLERX,DWARKADAS J. SANGHVI COLLEGE OF ENGINEERING,MUMBAI,2017,46187
ATIDAN,DWARKADAS J. SANGHVI COLLEGE OF ENGINEERING,MUMBAI,2016,814927
NEOSOFT TECHNOLOGIES,K. J. SOMAIYA COLLEGE OF ENGINEERING,MUMBAI,2017,490946
GEP,SMT. INDIRA GANDHI COLLEGE OF ENGINEERING,NAVI MUMBAI,2018,742820
GODREJ INFOTECH,PUNE INSTITUTE OF COMPUTER TECHNOLOGY,PUNE,2016,386435
ATOS,THAKUR COLLEGE OF ENGINEERING AND TECHNOLOGY,MUMBAI,2017,25717
GEOMETRIC,ALAMURI RATNAMALA INSTITUTE OF ENGINEERING & TECHNOLOGY,THANE,2018,440918
ORIENT TECHNOLOGIES,VEERMATA JIJABAI TECHNOLOGICAL INSTITUTE,MUMBAI,2017,26682
MASTEK,SMT. INDIRA GANDHI COLLEGE OF ENGINEERING,NAVI MUMBAI,2015,310250
WISDMLABS,K. J. SOMAIYA COLLEGE OF ENGINEERING,MUMBAI,2018,467898
CIMPRESS,DWARKADAS J. SANGHVI COLLEGE OF ENGINEERING,MUMBAI,2017,1385379
TIBCO SOFTWARE,PILLAI HOC COLLEGE OF ENGINEERING AND TECHNOLOGY,NAVI MUMBAI,2014,1283684
INFOSYS,INDIRA COLLEGE OF ENGINEERING AND MANAGEMENT,PUNE,2014,477138
WIPRO,THAKUR COLLEGE OF ENGINEERING AND TECHNOLOGY,MUMBAI,2017,485916
TCS,THAKUR COLLEGE OF ENGINEERING AND TECHNOLOGY,MUMBAI,2016,367274
KPIT TECHNOLOGIES,INDIRA COLLEGE OF ENGINEERING AND MANAGEMENT,PUNE,2015,790808
PC TECHNOLOGY,DHOLE PATIL COLLEGE OF ENGINEERING PUNE,PUNE,2015,800976
WIPRO,DWARKADAS J. SANGHVI COLLEGE OF ENGINEERING,MUMBAI,2018,469679
IDBI INTECH,RAMRAO ADIK INSTITUTE OF TECHNOLOGY,NAVI MUMBAI,2016,385695
INFIBEAM,VISHWAKARMA INSTITUTE OF TECHNOLOGY,PUNE,2018,180514
ACCENTURE,"DR. D. Y. PATIL VIDYAPEETH, PUNE",PUNE,2017,304595
AMDOCS,"TRINITY COLLEGE OF ENGINEERING AND RESEARCH,PUNE",PUNE,2015,769280
KPIT TECHNOLOGIES,RAMRAO ADIK INSTITUTE OF TECHNOLOGY,NAVI MUMBAI,2015,794438
ATOS,MIT COLLEGE OF ENGINEERING,PUNE,2016,25270
UGAM,RAMRAO ADIK INSTITUTE OF TECHNOLOGY,NAVI MUMBAI,2017,819222
QUINNOX,DWARKADAS J. SANGHVI COLLEGE OF ENGINEERING,MUMBAI,2018,798640
MORGAN STANLEY,VEERMATA JIJABAI TECHNOLOGICAL INSTITUTE,MUMBAI,2015,523377
GEP,PILLAI HOC COLLEGE OF ENGINEERING AND TECHNOLOGY,NAVI MUMBAI,2018,768081
BHARAT PETROLEUM,ARMY INSTITUTE OF TECHNOLOGY,PUNE,2018,382126
MPHASIS,VEERMATA JIJABAI TECHNOLOGICAL INSTITUTE,MUMBAI,2017,710194
SAINT-GOBAIN,ALAMURI RATNAMALA INSTITUTE OF ENGINEERING & TECHNOLOGY,THANE,2015,728862
MEDIA.NET,THAKUR COLLEGE OF ENGINEERING AND TECHNOLOGY,MUMBAI,2014,585115
INFOSYS,ALAMURI RATNAMALA INSTITUTE OF ENGINEERING & TECHNOLOGY,THANE,2017,481202
MAQ SOFTWARE,DWARKADAS J. SANGHVI COLLEGE OF ENGINEERING,MUMBAI,2017,1609950
ATOS,MIT COLLEGE OF ENGINEERING,PUNE,2017,26260
INFOSYS,XAVIER INSTITUTE OF ENGINEERING,MUMBAI,2018,634101
CMS IT SERVICES,DWARKADAS J. SANGHVI COLLEGE OF ENGINEERING,MUMBAI,2014,452591
HCL TECHNOLOGIES,THAKUR COLLEGE OF ENGINEERING AND TECHNOLOGY,MUMBAI,2018,305980
HURIX,MIT COLLEGE OF ENGINEERING,PUNE,2018,879960
HEXAWARE TECHNOLOGIES,VISHWAKARMA INSTITUTE OF TECHNOLOGY,PUNE,2015,751962
MU SIGMA,LOKMANYA TILAK COLLEGE OF ENGINEERING,NAVI MUMBAI,2016,721776
WEATHERFORD,PILLAI HOC COLLEGE OF ENGINEERING AND TECHNOLOGY,NAVI MUMBAI,2015,510586
GE,DHOLE PATIL COLLEGE OF ENGINEERING PUNE,PUNE,2015,722424
GEOMETRIC,"SHREE RAMCHANDRA COLLEGE OF ENGINEERING,PUNE",PUNE,2018,434204
YAHOO,PILLAI COLLEGE OF ENGINEERING,NAVI MUMBAI,2015,371319
XORIANT,SMT. INDIRA GANDHI COLLEGE OF ENGINEERING,NAVI MUMBAI,2016,665205
ZENSAR TECHNOLOGIES,PILLAI HOC COLLEGE OF ENGINEERING AND TECHNOLOGY,NAVI MUMBAI,2018,482579
NVIDIA,MIT COLLEGE OF ENGINEERING,PUNE,2015,252408
ENDURANCE INTERNATIONAL GROUP,THAKUR COLLEGE OF ENGINEERING AND TECHNOLOGY,MUMBAI,2018,771234
BNP PARIBAS,THAKUR COLLEGE OF ENGINEERING AND TECHNOLOGY,MUMBAI,2017,37721
TIBCO SOFTWARE,K. J. SOMAIYA COLLEGE OF ENGINEERING,MUMBAI,2017,580254
MORGAN STANLEY,DWARKADAS J. SANGHVI COLLEGE OF ENGINEERING,MUMBAI,2018,1719579
TECH MAHINDRA,MIT COLLEGE OF ENGINEERING,PUNE,2018,29854
MASTEK,MIT COLLEGE OF ENGINEERING,PUNE,2018,300208
AXIS BANK,DWARKADAS J. SANGHVI COLLEGE OF ENGINEERING,MUMBAI,2015,11768
CRMNEXT,BHARATI VIDYAPEETH COLLEGE OF ENGINEERING,PUNE,2017,26811
KPIT TECHNOLOGIES,DWARKADAS J. SANGHVI COLLEGE OF ENGINEERING,MUMBAI,2014,774317
MORGAN STANLEY,ALAMURI RATNAMALA INSTITUTE OF ENGINEERING & TECHNOLOGY,THANE,2014,1813213
INFORMATICA,COLLEGE OF ENGINEERING PUNE,PUNE,2018,382233
QUALITYKIOSK,"DR. D. Y. PATIL VIDYAPEETH, PUNE",PUNE,2018,30300
WNS,ARMY INSTITUTE OF TECHNOLOGY,PUNE,2016,468037
MPHASIS,PILLAI COLLEGE OF ENGINEERING,NAVI MUMBAI,2018,725610
NVIDIA,PUNE INSTITUTE OF COMPUTER TECHNOLOGY,PUNE,2014,22241
SIEMENS,THADOMAL SHAHANI ENGINEERING COLLEGE,MUMBAI,2018,495501
VISA INC.,BHARATI VIDYAPEETH COLLEGE OF ENGINEERING,PUNE,2014,1144004
QUANTIPHI,VEERMATA JIJABAI TECHNOLOGICAL INSTITUTE,MUMBAI,2016,30355
WNS,PUNE INSTITUTE OF COMPUTER TECHNOLOGY,PUNE,2018,457343
MICROSOFT,THAKUR COLLEGE OF ENGINEERING AND TECHNOLOGY,MUMBAI,2017,1164382
DELOITTE,DWARKADAS J. SANGHVI COLLEGE OF ENGINEERING,MUMBAI,2014,333980
NEOSOFT TECHNOLOGIES,XAVIER INSTITUTE OF ENGINEERING,MUMBAI,2015,480603
MORGAN STANLEY,VEERMATA JIJABAI TECHNOLOGICAL INSTITUTE,MUMBAI,2015,1764982
BANK OF AMERICA,VEERMATA JIJABAI TECHNOLOGICAL INSTITUTE,MUMBAI,2018,805506
CAPGEMINI,PILLAI HOC COLLEGE OF ENGINEERING AND TECHNOLOGY,NAVI MUMBAI,2016,799436
SIEMENS,INDIRA COLLEGE OF ENGINEERING AND MANAGEMENT,PUNE,2015,481908
ATOS,DWARKADAS J. SANGHVI COLLEGE OF ENGINEERING,MUMBAI,2017,24841
SYNTROSYS,ALAMURI RATNAMALA INSTITUTE OF ENGINEERING & TECHNOLOGY,THANE,2017,13125
TATA,"DR. D. Y. PATIL VIDYAPEETH, PUNE",PUNE,2016,98348
HEXAWARE TECHNOLOGIES,RAMRAO ADIK INSTITUTE OF TECHNOLOGY,NAVI MUMBAI,2018,760901
GEP,LOKMANYA TILAK COLLEGE OF ENGINEERING,NAVI MUMBAI,2015,732223
MEDIA.NET,PILLAI HOC COLLEGE OF ENGINEERING AND TECHNOLOGY,NAVI MUMBAI,2017,585869
SYMANTEC,VEERMATA JIJABAI TECHNOLOGICAL INSTITUTE,MUMBAI,2017,1797161
SYNTROSYS,"DR. D. Y. PATIL VIDYAPEETH, PUNE",PUNE,2016,13063
WIPRO,SMT. INDIRA GANDHI COLLEGE OF ENGINEERING,NAVI MUMBAI,2015,475721
GENPACT,VISHWAKARMA INSTITUTE OF TECHNOLOGY,PUNE,2018,617478
WIPRO,COLLEGE OF ENGINEERING PUNE,PUNE,2017,493072
CYBAGE SOFTWARE,VISHWAKARMA INSTITUTE OF TECHNOLOGY,PUNE,2016,590207
NEWGEN SOFTWARE,"DR. D. Y. PATIL VIDYAPEETH, PUNE",PUNE,2014,713583
ORACLE,PILLAI HOC COLLEGE OF ENGINEERING AND TECHNOLOGY,NAVI MUMBAI,2015,485375
FRACTAL ANALYTICS,RAMRAO ADIK INSTITUTE OF TECHNOLOGY,NAVI MUMBAI,2016,12995
JIO,RAMRAO ADIK INSTITUTE OF TECHNOLOGY,NAVI MUMBAI,2018,749062
SABA SOFTWARE,DWARKADAS J. SANGHVI COLLEGE OF ENGINEERING,MUMBAI,2018,706598
BNP PARIBAS,"TRINITY COLLEGE OF ENGINEERING AND RESEARCH,PUNE",PUNE,2015,38441
MIRRAW,DWARKADAS J. SANGHVI COLLEGE OF ENGINEERING,MUMBAI,2015,440197
CLOVER INFOTECH,PILLAI HOC COLLEGE OF ENGINEERING AND TECHNOLOGY,NAVI MUMBAI,2014,17680
ZYCUS,VISHWAKARMA INSTITUTE OF TECHNOLOGY,PUNE,2018,41166
WISDMLABS,"DR. D. Y. PATIL VIDYAPEETH, PUNE",PUNE,2016,1725132
ACCENTURE,PUNE INSTITUTE OF COMPUTER TECHNOLOGY,PUNE,2017,299512
GOOGLE,"DR. D. Y. PATIL VIDYAPEETH, PUNE",PUNE,2016,52761
WISDMLABS,"DR. D. Y. PATIL VIDYAPEETH, PUNE",PUNE,2015,472383
TECH MAHINDRA,DWARKADAS J. SANGHVI COLLEGE OF ENGINEERING,MUMBAI,2015,490993
ZENSAR TECHNOLOGIES,THAKUR COLLEGE OF ENGINEERING AND TECHNOLOGY,MUMBAI,2016,488489
CAPGEMINI,VISHWAKARMA INSTITUTE OF TECHNOLOGY,PUNE,2016,401966
MORGAN STANLEY,"TRINITY COLLEGE OF ENGINEERING AND RESEARCH,PUNE",PUNE,2015,1754545
LARSEN & TOUBRO,INDIRA COLLEGE OF ENGINEERING AND MANAGEMENT,PUNE,2016,1797203
XORIANT,PILLAI COLLEGE OF ENGINEERING,NAVI MUMBAI,2014,648644
PROTEGRITY,THADOMAL SHAHANI ENGINEERING COLLEGE,MUMBAI,2015,52089
TECH MAHINDRA,THAKUR COLLEGE OF ENGINEERING AND TECHNOLOGY,MUMBAI,2018,485051
GE,ALAMURI RATNAMALA INSTITUTE OF ENGINEERING & TECHNOLOGY,THANE,2014,728765
GEP,"SHREE RAMCHANDRA COLLEGE OF ENGINEERING,PUNE",PUNE,2018,734589
SYMANTEC,THADOMAL SHAHANI ENGINEERING COLLEGE,MUMBAI,2018,15948
ACCOLITE,PILLAI HOC COLLEGE OF ENGINEERING AND TECHNOLOGY,NAVI MUMBAI,2018,134193
IBM,K. J. SOMAIYA COLLEGE OF ENGINEERING,MUMBAI,2014,436944
WIPRO,ARMY INSTITUTE OF TECHNOLOGY,PUNE,2018,482653
UGAM,VISHWAKARMA INSTITUTE OF TECHNOLOGY,PUNE,2017,542383
INFORMATICA,PUNE INSTITUTE OF COMPUTER TECHNOLOGY,PUNE,2018,1796188
DELOITTE,VISHWAKARMA INSTITUTE OF TECHNOLOGY,PUNE,2016,325097
CALSOFT,VEERMATA JIJABAI TECHNOLOGICAL INSTITUTE,MUMBAI,2017,16729
TATA CONSULTANCY SERVICES,PILLAI HOC COLLEGE OF ENGINEERING AND TECHNOLOGY,NAVI MUMBAI,2014,746652
MAJESCO,INDIRA COLLEGE OF ENGINEERING AND MANAGEMENT,PUNE,2018,487503
LIONBRIDGE,THADOMAL SHAHANI ENGINEERING COLLEGE,MUMBAI,2014,44037
ZYCUS,PILLAI COLLEGE OF ENGINEERING,NAVI MUMBAI,2016,41560
JOHNSON CONTROLS,RAMRAO ADIK INSTITUTE OF TECHNOLOGY,NAVI MUMBAI,2015,788757
UBS,THAKUR COLLEGE OF ENGINEERING AND TECHNOLOGY,MUMBAI,2015,376823
MU SIGMA,"TRINITY COLLEGE OF ENGINEERING AND RESEARCH,PUNE",PUNE,2018,343078
MAJESCO,INDIRA COLLEGE OF ENGINEERING AND MANAGEMENT,PUNE,2018,427573
TECH MAHINDRA,VISHWAKARMA INSTITUTE OF TECHNOLOGY,PUNE,2014,487502
CMC,PILLAI HOC COLLEGE OF ENGINEERING AND TECHNOLOGY,NAVI MUMBAI,2018,426923
WNS,K. J. SOMAIYA COLLEGE OF ENGINEERING,MUMBAI,2016,470927
WEATHERFORD,LOKMANYA TILAK COLLEGE OF ENGINEERING,NAVI MUMBAI,2018,504712
AMDOCS,"SHREE RAMCHANDRA COLLEGE OF ENGINEERING,PUNE",PUNE,2016,692376
TCS,ARMY INSTITUTE OF TECHNOLOGY,PUNE,2015,41204
NEWGEN,RAMRAO ADIK INSTITUTE OF TECHNOLOGY,NAVI MUMBAI,2018,11172
MORGAN STANLEY,VEERMATA JIJABAI TECHNOLOGICAL INSTITUTE,MUMBAI,2017,1734139
VPHRASE,DHOLE PATIL COLLEGE OF ENGINEERING PUNE,PUNE,2017,405148
INDUS VALLEY PARTNERS,DWARKADAS J. SANGHVI COLLEGE OF ENGINEERING,MUMBAI,2018,780937
ZENITH SYSTEM SOLUTIONS,K. J. SOMAIYA COLLEGE OF ENGINEERING,MUMBAI,2018,624371
CMS IT SERVICES,THADOMAL SHAHANI ENGINEERING COLLEGE,MUMBAI,2017,444286
VPHRASE,RAMRAO ADIK INSTITUTE OF TECHNOLOGY,NAVI MUMBAI,2017,411404
CREDIT SUISSE,DWARKADAS J. SANGHVI COLLEGE OF ENGINEERING,MUMBAI,2017,960386
JOHNSON CONTROLS,COLLEGE OF ENGINEERING PUNE,PUNE,2014,971367
IBM,VISHWAKARMA INSTITUTE OF TECHNOLOGY,PUNE,2016,452083
QAD,ALAMURI RATNAMALA INSTITUTE OF ENGINEERING & TECHNOLOGY,THANE,2015,758172
JOHNSON CONTROLS,ALAMURI RATNAMALA INSTITUTE OF ENGINEERING & TECHNOLOGY,THANE,2017,790716
NEWGEN SOFTWARE,"TRINITY COLLEGE OF ENGINEERING AND RESEARCH,PUNE",PUNE,2016,421565
ACCENTURE,THADOMAL SHAHANI ENGINEERING COLLEGE,MUMBAI,2016,656537
GE,PILLAI HOC COLLEGE OF ENGINEERING AND TECHNOLOGY,NAVI MUMBAI,2015,542253
NUCSOFT,ALAMURI RATNAMALA INSTITUTE OF ENGINEERING & TECHNOLOGY,THANE,2015,224801
TCS,BHARATI VIDYAPEETH COLLEGE OF ENGINEERING,PUNE,2018,41812
INFIBEAM,ALAMURI RATNAMALA INSTITUTE OF ENGINEERING & TECHNOLOGY,THANE,2017,183510
CMS IT SERVICES,LOKMANYA TILAK COLLEGE OF ENGINEERING,NAVI MUMBAI,2017,437547
MIRRAW,"DR. D. Y. PATIL VIDYAPEETH, PUNE",PUNE,2015,31524
NEOSOFT,DWARKADAS J. SANGHVI COLLEGE OF ENGINEERING,MUMBAI,2018,378713
NUCSOFT,PILLAI HOC COLLEGE OF ENGINEERING AND TECHNOLOGY,NAVI MUMBAI,2017,223228
TECH MAHINDRA,BHARATI VIDYAPEETH COLLEGE OF ENGINEERING,PUNE,2015,29854
ATOS,"TRINITY COLLEGE OF ENGINEERING AND RESEARCH,PUNE",PUNE,2015,24926
SIEMENS,THADOMAL SHAHANI ENGINEERING COLLEGE,MUMBAI,2017,496259
ZENSAR TECHNOLOGIES,PILLAI HOC COLLEGE OF ENGINEERING AND TECHNOLOGY,NAVI MUMBAI,2018,1101205
IBM,ALAMURI RATNAMALA INSTITUTE OF ENGINEERING & TECHNOLOGY,THANE,2018,371908
MORGAN STANLEY,MIT COLLEGE OF ENGINEERING,PUNE,2017,507267
IBM,INDIRA COLLEGE OF ENGINEERING AND MANAGEMENT,PUNE,2018,374779
ATIDAN,THADOMAL SHAHANI ENGINEERING COLLEGE,MUMBAI,2014,915753
VISA INC.,DHOLE PATIL COLLEGE OF ENGINEERING PUNE,PUNE,2014,1203331
TECH MAHINDRA,"SHREE RAMCHANDRA COLLEGE OF ENGINEERING,PUNE",PUNE,2016,495758
DIRECTI,ARMY INSTITUTE OF TECHNOLOGY,PUNE,2014,25135
ATOS,THAKUR COLLEGE OF ENGINEERING AND TECHNOLOGY,MUMBAI,2015,718010
CYBAGE SOFTWARE,DWARKADAS J. SANGHVI COLLEGE OF ENGINEERING,MUMBAI,2014,597715
MICROSOFT,ARMY INSTITUTE OF TECHNOLOGY,PUNE,2014,410950
OSP LABS,"SHREE RAMCHANDRA COLLEGE OF ENGINEERING,PUNE",PUNE,2018,861754
ATOS,"SHREE RAMCHANDRA COLLEGE OF ENGINEERING,PUNE",PUNE,2018,24938
NEOSOFT TECHNOLOGIES,DWARKADAS J. SANGHVI COLLEGE OF ENGINEERING,MUMBAI,2018,471115
SYMANTEC,THAKUR COLLEGE OF ENGINEERING AND TECHNOLOGY,MUMBAI,2014,1758655
ENDURANCE INTERNATIONAL GROUP,VISHWAKARMA INSTITUTE OF TECHNOLOGY,PUNE,2017,777508
CMC,ALAMURI RATNAMALA INSTITUTE OF ENGINEERING & TECHNOLOGY,THANE,2016,185551
WNS,THAKUR COLLEGE OF ENGINEERING AND TECHNOLOGY,MUMBAI,2016,470358
INFIBEAM,ALAMURI RATNAMALA INSTITUTE OF ENGINEERING & TECHNOLOGY,THANE,2014,179799
JIO,PILLAI HOC COLLEGE OF ENGINEERING AND TECHNOLOGY,NAVI MUMBAI,2017,732422
AMAZON,ALAMURI RATNAMALA INSTITUTE OF ENGINEERING & TECHNOLOGY,THANE,2016,20399
GEP,"DR. D. Y. PATIL VIDYAPEETH, PUNE",PUNE,2016,773451
CAPGEMINI,ALAMURI RATNAMALA INSTITUTE OF ENGINEERING & TECHNOLOGY,THANE,2018,809130
CIMPRESS,"SHREE RAMCHANDRA COLLEGE OF ENGINEERING,PUNE",PUNE,2018,1385379
LARSEN & TOUBRO,K. J. SOMAIYA COLLEGE OF ENGINEERING,MUMBAI,2016,1765924
TATA CONSULTANCY SERVICES,"TRINITY COLLEGE OF ENGINEERING AND RESEARCH,PUNE",PUNE,2016,726553
IGATE,COLLEGE OF ENGINEERING PUNE,PUNE,2018,29329
WNS,PILLAI COLLEGE OF ENGINEERING,NAVI MUMBAI,2017,399968
MILES SOFTWARE,PUNE INSTITUTE OF COMPUTER TECHNOLOGY,PUNE,2014,651353
MASTEK,XAVIER INSTITUTE OF ENGINEERING,MUMBAI,2016,38420
INDUS VALLEY PARTNERS,ARMY INSTITUTE OF TECHNOLOGY,PUNE,2015,805579
SCHNEIDER ELECTRIC,"TRINITY COLLEGE OF ENGINEERING AND RESEARCH,PUNE",PUNE,2016,447910
QUINNOX,RAMRAO ADIK INSTITUTE OF TECHNOLOGY,NAVI MUMBAI,2017,443696
BNP PARIBAS,VISHWAKARMA INSTITUTE OF TECHNOLOGY,PUNE,2017,38168
NUCSOFT,ARMY INSTITUTE OF TECHNOLOGY,PUNE,2014,228452
BANK OF AMERICA,ALAMURI RATNAMALA INSTITUTE OF ENGINEERING & TECHNOLOGY,THANE,2018,879013
LTI,PUNE INSTITUTE OF COMPUTER TECHNOLOGY,PUNE,2018,1260431
ARK TECHNOSOLUTIONS,ALAMURI RATNAMALA INSTITUTE OF ENGINEERING & TECHNOLOGY,THANE,2016,1149197
MPHASIS,RAMRAO ADIK INSTITUTE OF TECHNOLOGY,NAVI MUMBAI,2014,722942
INFORMATICA,THAKUR COLLEGE OF ENGINEERING AND TECHNOLOGY,MUMBAI,2014,1795269
SYMANTEC,PILLAI HOC COLLEGE OF ENGINEERING AND TECHNOLOGY,NAVI MUMBAI,2014,1805824
UGAM,BHARATI VIDYAPEETH COLLEGE OF ENGINEERING,PUNE,2018,783907
GENPACT,DWARKADAS J. SANGHVI COLLEGE OF ENGINEERING,MUMBAI,2015,623983
INFOGAIN,LOKMANYA TILAK COLLEGE OF ENGINEERING,NAVI MUMBAI,2015,224618
MU SIGMA,THADOMAL SHAHANI ENGINEERING COLLEGE,MUMBAI,2014,692825
UGAM,ARMY INSTITUTE OF TECHNOLOGY,PUNE,2014,521975
SABA SOFTWARE,VEERMATA JIJABAI TECHNOLOGICAL INSTITUTE,MUMBAI,2018,704809
LARSEN & TOUBRO,RAMRAO ADIK INSTITUTE OF TECHNOLOGY,NAVI MUMBAI,2017,1801717
SIEMENS,PUNE INSTITUTE OF COMPUTER TECHNOLOGY,PUNE,2017,496842
SYNTROSYS,INDIRA COLLEGE OF ENGINEERING AND MANAGEMENT,PUNE,2018,957887
CAPGEMINI,DWARKADAS J. SANGHVI COLLEGE OF ENGINEERING,MUMBAI,2014,396025
PC TECHNOLOGY,"TRINITY COLLEGE OF ENGINEERING AND RESEARCH,PUNE",PUNE,2018,17673
SIEMENS,PUNE INSTITUTE OF COMPUTER TECHNOLOGY,PUNE,2018,501268
ECLINICALWORKS,LOKMANYA TILAK COLLEGE OF ENGINEERING,NAVI MUMBAI,2018,343343
INGRAM MICRO,LOKMANYA TILAK COLLEGE OF ENGINEERING,NAVI MUMBAI,2015,363745
GEP,INDIRA COLLEGE OF ENGINEERING AND MANAGEMENT,PUNE,2018,718450
NSEIT,PILLAI HOC COLLEGE OF ENGINEERING AND TECHNOLOGY,NAVI MUMBAI,2017,50030
ACCOLITE,MIT COLLEGE OF ENGINEERING,PUNE,2017,1152467
INFOGAIN,XAVIER INSTITUTE OF ENGINEERING,MUMBAI,2014,231547
UGAM,THAKUR COLLEGE OF ENGINEERING AND TECHNOLOGY,MUMBAI,2015,539429
NUCSOFT,"TRINITY COLLEGE OF ENGINEERING AND RESEARCH,PUNE",PUNE,2018,29206
ZENSAR TECHNOLOGIES,"TRINITY COLLEGE OF ENGINEERING AND RESEARCH,PUNE",PUNE,2018,482579
WIPRO,PUNE INSTITUTE OF COMPUTER TECHNOLOGY,PUNE,2014,492309
ZENITH SYSTEM SOLUTIONS,DHOLE PATIL COLLEGE OF ENGINEERING PUNE,PUNE,2015,585034
TIBCO SOFTWARE,COLLEGE OF ENGINEERING PUNE,PUNE,2016,1274941
GEP,K. J. SOMAIYA COLLEGE OF ENGINEERING,MUMBAI,2016,751748
SABA SOFTWARE,PUNE INSTITUTE OF COMPUTER TECHNOLOGY,PUNE,2014,699484
MEDIA.NET,LOKMANYA TILAK COLLEGE OF ENGINEERING,NAVI MUMBAI,2018,571969
BNP PARIBAS,DWARKADAS J. SANGHVI COLLEGE OF ENGINEERING,MUMBAI,2017,53484
XL DYNAMICS,SMT. INDIRA GANDHI COLLEGE OF ENGINEERING,NAVI MUMBAI,2018,683094
IDBI INTECH,DWARKADAS J. SANGHVI COLLEGE OF ENGINEERING,MUMBAI,2015,545036
CMS IT SERVICES,BHARATI VIDYAPEETH COLLEGE OF ENGINEERING,PUNE,2016,454911
VISA INC.,SMT. INDIRA GANDHI COLLEGE OF ENGINEERING,NAVI MUMBAI,2017,1147585
QUINNOX,VEERMATA JIJABAI TECHNOLOGICAL INSTITUTE,MUMBAI,2016,785410
MASTEK,PILLAI HOC COLLEGE OF ENGINEERING AND TECHNOLOGY,NAVI MUMBAI,2018,39807
HEXAWARE TECHNOLOGIES,LOKMANYA TILAK COLLEGE OF ENGINEERING,NAVI MUMBAI,2014,29724
CMC,ARMY INSTITUTE OF TECHNOLOGY,PUNE,2018,180514
MORGAN STANLEY,"TRINITY COLLEGE OF ENGINEERING AND RESEARCH,PUNE",PUNE,2014,517497
GENPACT,RAMRAO ADIK INSTITUTE OF TECHNOLOGY,NAVI MUMBAI,2015,623983
AMDOCS,ALAMURI RATNAMALA INSTITUTE OF ENGINEERING & TECHNOLOGY,THANE,2018,752762
ATOS,ALAMURI RATNAMALA INSTITUTE OF ENGINEERING & TECHNOLOGY,THANE,2015,698504
TCS,"TRINITY COLLEGE OF ENGINEERING AND RESEARCH,PUNE",PUNE,2018,41842
CROMPTON GREAVES,DWARKADAS J. SANGHVI COLLEGE OF ENGINEERING,MUMBAI,2017,249073
YAHOO,RAMRAO ADIK INSTITUTE OF TECHNOLOGY,NAVI MUMBAI,2015,384047
DELOITTE,BHARATI VIDYAPEETH COLLEGE OF ENGINEERING,PUNE,2015,743310
HCL TECHNOLOGIES,ALAMURI RATNAMALA INSTITUTE OF ENGINEERING & TECHNOLOGY,THANE,2017,926648
AMAZON,VISHWAKARMA INSTITUTE OF TECHNOLOGY,PUNE,2017,20436
BNP PARIBAS,DHOLE PATIL COLLEGE OF ENGINEERING PUNE,PUNE,2017,37711
DIRECTI,MIT COLLEGE OF ENGINEERING,PUNE,2014,1650380
TCS,RAMRAO ADIK INSTITUTE OF TECHNOLOGY,NAVI MUMBAI,2015,361106
BNP PARIBAS,PUNE INSTITUTE OF COMPUTER TECHNOLOGY,PUNE,2016,38373
CAPGEMINI,RAMRAO ADIK INSTITUTE OF TECHNOLOGY,NAVI MUMBAI,2016,803593
CAPITA,PILLAI HOC COLLEGE OF ENGINEERING AND TECHNOLOGY,NAVI MUMBAI,2016,580669
IBM,RAMRAO ADIK INSTITUTE OF TECHNOLOGY,NAVI MUMBAI,2014,445240
MINDTREE,COLLEGE OF ENGINEERING PUNE,PUNE,2018,17733
LARSEN & TOUBRO,RAMRAO ADIK INSTITUTE OF TECHNOLOGY,NAVI MUMBAI,2015,1777492
BANK OF AMERICA,BHARATI VIDYAPEETH COLLEGE OF ENGINEERING,PUNE,2018,797402
RAJA SOFTWARE LABS,"SHREE RAMCHANDRA COLLEGE OF ENGINEERING,PUNE",PUNE,2018,443321
SIEMENS,DWARKADAS J. SANGHVI COLLEGE OF ENGINEERING,MUMBAI,2017,487878
GODREJ INFOTECH,COLLEGE OF ENGINEERING PUNE,PUNE,2015,371813
GEOMETRIC SOFTWARE SOLUTIONS,SMT. INDIRA GANDHI COLLEGE OF ENGINEERING,NAVI MUMBAI,2014,339495
GEOMETRIC,K. J. SOMAIYA COLLEGE OF ENGINEERING,MUMBAI,2018,443055
TATA,PILLAI HOC COLLEGE OF ENGINEERING AND TECHNOLOGY,NAVI MUMBAI,2015,96052
ATOS,"DR. D. Y. PATIL VIDYAPEETH, PUNE",PUNE,2016,25206
NVIDIA,PUNE INSTITUTE OF COMPUTER TECHNOLOGY,PUNE,2015,22685
CREDIT SUISSE,PILLAI HOC COLLEGE OF ENGINEERING AND TECHNOLOGY,NAVI MUMBAI,2018,955139
CREDIT SUISSE,VEERMATA JIJABAI TECHNOLOGICAL INSTITUTE,MUMBAI,2014,934540
ORACLE,INDIRA COLLEGE OF ENGINEERING AND MANAGEMENT,PUNE,2016,743279
NVIDIA,ALAMURI RATNAMALA INSTITUTE OF ENGINEERING & TECHNOLOGY,THANE,2014,245080
VERIZON,ARMY INSTITUTE OF TECHNOLOGY,PUNE,2014,557428
TCS,DHOLE PATIL COLLEGE OF ENGINEERING PUNE,PUNE,2016,365204
AMAZON,LOKMANYA TILAK COLLEGE OF ENGINEERING,NAVI MUMBAI,2018,20399
TIBCO SOFTWARE,RAMRAO ADIK INSTITUTE OF TECHNOLOGY,NAVI MUMBAI,2014,586533
RAJA SOFTWARE LABS,PUNE INSTITUTE OF COMPUTER TECHNOLOGY,PUNE,2017,444622
INDUS VALLEY PARTNERS,THADOMAL SHAHANI ENGINEERING COLLEGE,MUMBAI,2018,788735
ACCENTURE,ARMY INSTITUTE OF TECHNOLOGY,PUNE,2018,664204
TOPPR.COM,DWARKADAS J. SANGHVI COLLEGE OF ENGINEERING,MUMBAI,2017,1001186
SYMANTEC,PUNE INSTITUTE OF COMPUTER TECHNOLOGY,PUNE,2015,15900
YAHOO,THAKUR COLLEGE OF ENGINEERING AND TECHNOLOGY,MUMBAI,2014,367715
PROTEGRITY,DHOLE PATIL COLLEGE OF ENGINEERING PUNE,PUNE,2017,1207028
AMAZON,RAMRAO ADIK INSTITUTE OF TECHNOLOGY,NAVI MUMBAI,2016,453433
CROMPTON GREAVES,COLLEGE OF ENGINEERING PUNE,PUNE,2016,248511
XL DYNAMICS,VISHWAKARMA INSTITUTE OF TECHNOLOGY,PUNE,2015,687816
SAP,THAKUR COLLEGE OF ENGINEERING AND TECHNOLOGY,MUMBAI,2018,59725
SIEMENS,"TRINITY COLLEGE OF ENGINEERING AND RESEARCH,PUNE",PUNE,2015,480079
CREDIT SUISSE,DHOLE PATIL COLLEGE OF ENGINEERING PUNE,PUNE,2015,298045
MICROSOFT,ARMY INSTITUTE OF TECHNOLOGY,PUNE,2018,1176245
WIPRO,INDIRA COLLEGE OF ENGINEERING AND MANAGEMENT,PUNE,2014,484987
MORGAN STANLEY,XAVIER INSTITUTE OF ENGINEERING,MUMBAI,2018,1764982
AMAZON,RAMRAO ADIK INSTITUTE OF TECHNOLOGY,NAVI MUMBAI,2018,445197
ADOBE,VISHWAKARMA INSTITUTE OF TECHNOLOGY,PUNE,2015,1147095
RAJA SOFTWARE LABS,DWARKADAS J. SANGHVI COLLEGE OF ENGINEERING,MUMBAI,2014,434295
INFOSYS,XAVIER INSTITUTE OF ENGINEERING,MUMBAI,2018,470498
GEOMETRIC,PILLAI COLLEGE OF ENGINEERING,NAVI MUMBAI,2014,433942
IDBI INTECH,VEERMATA JIJABAI TECHNOLOGICAL INSTITUTE,MUMBAI,2016,540058
PC TECHNOLOGY,VISHWAKARMA INSTITUTE OF TECHNOLOGY,PUNE,2018,792989
VPHRASE,VISHWAKARMA INSTITUTE OF TECHNOLOGY,PUNE,2016,411708
WISDMLABS,THADOMAL SHAHANI ENGINEERING COLLEGE,MUMBAI,2014,1774865
NUCSOFT,PUNE INSTITUTE OF COMPUTER TECHNOLOGY,PUNE,2017,30508
MIRRAW,ALAMURI RATNAMALA INSTITUTE OF ENGINEERING & TECHNOLOGY,THANE,2016,30473
ACCENTURE,THAKUR COLLEGE OF ENGINEERING AND TECHNOLOGY,MUMBAI,2014,293052
SABA SOFTWARE,COLLEGE OF ENGINEERING PUNE,PUNE,2015,695604
VPHRASE,ALAMURI RATNAMALA INSTITUTE OF ENGINEERING & TECHNOLOGY,THANE,2018,412579
XORIANT,K. J. SOMAIYA COLLEGE OF ENGINEERING,MUMBAI,2017,444612
MU SIGMA,DWARKADAS J. SANGHVI COLLEGE OF ENGINEERING,MUMBAI,2014,710619
DIRECTI,SMT. INDIRA GANDHI COLLEGE OF ENGINEERING,NAVI MUMBAI,2018,24959
IGATE,"DR. D. Y. PATIL VIDYAPEETH, PUNE",PUNE,2018,29996
SYMANTEC,COLLEGE OF ENGINEERING PUNE,PUNE,2014,1834166
ATOS,THAKUR COLLEGE OF ENGINEERING AND TECHNOLOGY,MUMBAI,2018,25508
MIRRAW,XAVIER INSTITUTE OF ENGINEERING,MUMBAI,2015,449749
XORIANT,K. J. SOMAIYA COLLEGE OF ENGINEERING,MUMBAI,2017,438763
ARK TECHNOSOLUTIONS,PILLAI COLLEGE OF ENGINEERING,NAVI MUMBAI,2016,1141263
ACCENTURE,THADOMAL SHAHANI ENGINEERING COLLEGE,MUMBAI,2014,293221
IGATE,DWARKADAS J. SANGHVI COLLEGE OF ENGINEERING,MUMBAI,2017,30700
GEOMETRIC,ARMY INSTITUTE OF TECHNOLOGY,PUNE,2016,439542
CYBAGE SOFTWARE,COLLEGE OF ENGINEERING PUNE,PUNE,2018,597715
MASTEK,VEERMATA JIJABAI TECHNOLOGICAL INSTITUTE,MUMBAI,2016,38817
INDUS VALLEY PARTNERS,THADOMAL SHAHANI ENGINEERING COLLEGE,MUMBAI,2017,783916
DIRECTI,K. J. SOMAIYA COLLEGE OF ENGINEERING,MUMBAI,2018,1628468
RAVE TECHNOLOGIES,XAVIER INSTITUTE OF ENGINEERING,MUMBAI,2018,628224
XORIANT,"DR. D. Y. PATIL VIDYAPEETH, PUNE",PUNE,2018,657673
MEDIA.NET,THAKUR COLLEGE OF ENGINEERING AND TECHNOLOGY,MUMBAI,2015,1408145
OSP LABS,THADOMAL SHAHANI ENGINEERING COLLEGE,MUMBAI,2014,866120
ORANGE,DWARKADAS J. SANGHVI COLLEGE OF ENGINEERING,MUMBAI,2015,20391
AMDOCS,PILLAI HOC COLLEGE OF ENGINEERING AND TECHNOLOGY,NAVI MUMBAI,2018,665194
MORGAN STANLEY,"DR. D. Y. PATIL VIDYAPEETH, PUNE",PUNE,2018,520601
NSEIT,BHARATI VIDYAPEETH COLLEGE OF ENGINEERING,PUNE,2016,50234
INFIBEAM,PILLAI HOC COLLEGE OF ENGINEERING AND TECHNOLOGY,NAVI MUMBAI,2017,176907
INDUS VALLEY PARTNERS,ARMY INSTITUTE OF TECHNOLOGY,PUNE,2016,30473
NETWORK 18,VEERMATA JIJABAI TECHNOLOGICAL INSTITUTE,MUMBAI,2017,53480
RAJA SOFTWARE LABS,K. J. SOMAIYA COLLEGE OF ENGINEERING,MUMBAI,2018,431946
IBM INDIA,SMT. INDIRA GANDHI COLLEGE OF ENGINEERING,NAVI MUMBAI,2016,565536
LARSEN & TOUBRO,VEERMATA JIJABAI TECHNOLOGICAL INSTITUTE,MUMBAI,2018,1764982
TCS,DWARKADAS J. SANGHVI COLLEGE OF ENGINEERING,MUMBAI,2018,363745
SABA SOFTWARE,"DR. D. Y. PATIL VIDYAPEETH, PUNE",PUNE,2015,709027
MPHASIS,ARMY INSTITUTE OF TECHNOLOGY,PUNE,2016,703466
WIPRO,THADOMAL SHAHANI ENGINEERING COLLEGE,MUMBAI,2016,482397
IDBI INTECH,VEERMATA JIJABAI TECHNOLOGICAL INSTITUTE,MUMBAI,2016,559986
INFOSYS,THADOMAL SHAHANI ENGINEERING COLLEGE,MUMBAI,2017,463521
MPHASIS,THADOMAL SHAHANI ENGINEERING COLLEGE,MUMBAI,2014,476984
NUCSOFT,XAVIER INSTITUTE OF ENGINEERING,MUMBAI,2014,29854
ADOBE,THADOMAL SHAHANI ENGINEERING COLLEGE,MUMBAI,2017,1160855
GEP,VEERMATA JIJABAI TECHNOLOGICAL INSTITUTE,MUMBAI,2014,745547
AXIS BANK,THAKUR COLLEGE OF ENGINEERING AND TECHNOLOGY,MUMBAI,2017,571784
ACCOLITE,K. J. SOMAIYA COLLEGE OF ENGINEERING,MUMBAI,2018,1141263
CAPITA,VISHWAKARMA INSTITUTE OF TECHNOLOGY,PUNE,2018,579967
QUALITYKIOSK,MIT COLLEGE OF ENGINEERING,PUNE,2014,31170
CAPITA,SMT. INDIRA GANDHI COLLEGE OF ENGINEERING,NAVI MUMBAI,2018,595144
ORIENT TECHNOLOGIES,INDIRA COLLEGE OF ENGINEERING AND MANAGEMENT,PUNE,2016,26000
KPIT TECHNOLOGIES,THADOMAL SHAHANI ENGINEERING COLLEGE,MUMBAI,2018,797402
TECH MAHINDRA,DWARKADAS J. SANGHVI COLLEGE OF ENGINEERING,MUMBAI,2017,492071
XORIANT,LOKMANYA TILAK COLLEGE OF ENGINEERING,NAVI MUMBAI,2018,454871
ZENITH SYSTEM SOLUTIONS,PUNE INSTITUTE OF COMPUTER TECHNOLOGY,PUNE,2015,653432
CMS IT SERVICES,SMT. INDIRA GANDHI COLLEGE OF ENGINEERING,NAVI MUMBAI,2018,447731
CREDIT SUISSE,SMT. INDIRA GANDHI COLLEGE OF ENGINEERING,NAVI MUMBAI,2017,295293
ACCENTURE,"DR. D. Y. PATIL VIDYAPEETH, PUNE",PUNE,2015,305271
AMDOCS,COLLEGE OF ENGINEERING PUNE,PUNE,2014,793122
GE,XAVIER INSTITUTE OF ENGINEERING,MUMBAI,2014,514459
JOHNSON CONTROLS,VEERMATA JIJABAI TECHNOLOGICAL INSTITUTE,MUMBAI,2014,969746
INFIBEAM,MIT COLLEGE OF ENGINEERING,PUNE,2018,180545
MORGAN STANLEY,"SHREE RAMCHANDRA COLLEGE OF ENGINEERING,PUNE",PUNE,2018,519104
TCS,BHARATI VIDYAPEETH COLLEGE OF ENGINEERING,PUNE,2016,369461
TECH MAHINDRA,ARMY INSTITUTE OF TECHNOLOGY,PUNE,2015,486937
SELEC,LOKMANYA TILAK COLLEGE OF ENGINEERING,NAVI MUMBAI,2018,40372
TOPPR.COM,PUNE INSTITUTE OF COMPUTER TECHNOLOGY,PUNE,2018,387046
ATIDAN,SMT. INDIRA GANDHI COLLEGE OF ENGINEERING,NAVI MUMBAI,2015,798337
SIEMENS,VISHWAKARMA INSTITUTE OF TECHNOLOGY,PUNE,2017,481409
XL DYNAMICS,"SHREE RAMCHANDRA COLLEGE OF ENGINEERING,PUNE",PUNE,2015,701425
TATA CONSULTANCY SERVICES,SMT. INDIRA GANDHI COLLEGE OF ENGINEERING,NAVI MUMBAI,2018,363632
GENPACT,VEERMATA JIJABAI TECHNOLOGICAL INSTITUTE,MUMBAI,2018,641189
DIRECTI,PUNE INSTITUTE OF COMPUTER TECHNOLOGY,PUNE,2016,26031
VPHRASE,VISHWAKARMA INSTITUTE OF TECHNOLOGY,PUNE,2018,409027
RAJA SOFTWARE LABS,MIT COLLEGE OF ENGINEERING,PUNE,2017,455289
BNP PARIBAS,PUNE INSTITUTE OF COMPUTER TECHNOLOGY,PUNE,2014,52385
GEP,RAMRAO ADIK INSTITUTE OF TECHNOLOGY,NAVI MUMBAI,2018,753646
ATOS,PILLAI COLLEGE OF ENGINEERING,NAVI MUMBAI,2015,25433
TCS,PILLAI HOC COLLEGE OF ENGINEERING AND TECHNOLOGY,NAVI MUMBAI,2014,370421
ORANGE,DWARKADAS J. SANGHVI COLLEGE OF ENGINEERING,MUMBAI,2018,20115
XORIANT,THAKUR COLLEGE OF ENGINEERING AND TECHNOLOGY,MUMBAI,2018,657673
ATOS,VISHWAKARMA INSTITUTE OF TECHNOLOGY,PUNE,2015,25712
IBM,COLLEGE OF ENGINEERING PUNE,PUNE,2014,428931
ORIENT TECHNOLOGIES,XAVIER INSTITUTE OF ENGINEERING,MUMBAI,2018,26740
ENDURANCE INTERNATIONAL GROUP,ALAMURI RATNAMALA INSTITUTE OF ENGINEERING & TECHNOLOGY,THANE,2018,769366
ENDURANCE INTERNATIONAL GROUP,SMT. INDIRA GANDHI COLLEGE OF ENGINEERING,NAVI MUMBAI,2018,751143
NVIDIA,DWARKADAS J. SANGHVI COLLEGE OF ENGINEERING,MUMBAI,2016,22222
BNP PARIBAS,SMT. INDIRA GANDHI COLLEGE OF ENGINEERING,NAVI MUMBAI,2014,52204
UBS,DWARKADAS J. SANGHVI COLLEGE OF ENGINEERING,MUMBAI,2018,1763231
GOOGLE,"TRINITY COLLEGE OF ENGINEERING AND RESEARCH,PUNE",PUNE,2016,44081
INFOSYS,ALAMURI RATNAMALA INSTITUTE OF ENGINEERING & TECHNOLOGY,THANE,2017,625166
ENDURANCE INTERNATIONAL GROUP,PUNE INSTITUTE OF COMPUTER TECHNOLOGY,PUNE,2016,761039
VISA INC.,VISHWAKARMA INSTITUTE OF TECHNOLOGY,PUNE,2018,1171992
GOOGLE,XAVIER INSTITUTE OF ENGINEERING,MUMBAI,2017,52759
IDBI INTECH,THADOMAL SHAHANI ENGINEERING COLLEGE,MUMBAI,2016,545722
NEWGEN SOFTWARE,PILLAI HOC COLLEGE OF ENGINEERING AND TECHNOLOGY,NAVI MUMBAI,2018,429197
DIRECTI,DWARKADAS J. SANGHVI COLLEGE OF ENGINEERING,MUMBAI,2017,26303
IBM,DWARKADAS J. SANGHVI COLLEGE OF ENGINEERING,MUMBAI,2018,369455
DIRECTI,VISHWAKARMA INSTITUTE OF TECHNOLOGY,PUNE,2018,25199
ZENSAR TECHNOLOGIES,PILLAI COLLEGE OF ENGINEERING,NAVI MUMBAI,2015,1082922
MU SIGMA,VEERMATA JIJABAI TECHNOLOGICAL INSTITUTE,MUMBAI,2017,334248
INFORMATICA,ALAMURI RATNAMALA INSTITUTE OF ENGINEERING & TECHNOLOGY,THANE,2018,1805018
CIMPRESS,DWARKADAS J. SANGHVI COLLEGE OF ENGINEERING,MUMBAI,2017,861754
MAJESCO,SMT. INDIRA GANDHI COLLEGE OF ENGINEERING,NAVI MUMBAI,2018,445584
QUANTIPHI,K. J. SOMAIYA COLLEGE OF ENGINEERING,MUMBAI,2016,869684
CAPGEMINI,BHARATI VIDYAPEETH COLLEGE OF ENGINEERING,PUNE,2014,384883
HCL TECHNOLOGIES,PILLAI HOC COLLEGE OF ENGINEERING AND TECHNOLOGY,NAVI MUMBAI,2018,305980
MU SIGMA,XAVIER INSTITUTE OF ENGINEERING,MUMBAI,2017,353312
GODREJ INFOTECH,PILLAI HOC COLLEGE OF ENGINEERING AND TECHNOLOGY,NAVI MUMBAI,2018,380313
ACCOLITE,BHARATI VIDYAPEETH COLLEGE OF ENGINEERING,PUNE,2014,1167051
UBS,PUNE INSTITUTE OF COMPUTER TECHNOLOGY,PUNE,2018,380622
KPIT TECHNOLOGIES,"SHREE RAMCHANDRA COLLEGE OF ENGINEERING,PUNE",PUNE,2017,797444
GEP,VEERMATA JIJABAI TECHNOLOGICAL INSTITUTE,MUMBAI,2017,714756
ECLINICALWORKS,PILLAI COLLEGE OF ENGINEERING,NAVI MUMBAI,2015,334276
HEXAWARE TECHNOLOGIES,SMT. INDIRA GANDHI COLLEGE OF ENGINEERING,NAVI MUMBAI,2014,29807
RAVE TECHNOLOGIES,PILLAI COLLEGE OF ENGINEERING,NAVI MUMBAI,2018,639821
INFOSYS,PUNE INSTITUTE OF COMPUTER TECHNOLOGY,PUNE,2015,474605
SIEMENS,K. J. SOMAIYA COLLEGE OF ENGINEERING,MUMBAI,2015,475708
UBS,PILLAI HOC COLLEGE OF ENGINEERING AND TECHNOLOGY,NAVI MUMBAI,2018,374868
MEDIA.NET,"DR. D. Y. PATIL VIDYAPEETH, PUNE",PUNE,2018,1385379
CLOVER INFOTECH,PILLAI HOC COLLEGE OF ENGINEERING AND TECHNOLOGY,NAVI MUMBAI,2018,374779
ADOBE,K. J. SOMAIYA COLLEGE OF ENGINEERING,MUMBAI,2015,111151
TECH MAHINDRA,THADOMAL SHAHANI ENGINEERING COLLEGE,MUMBAI,2015,492114
SAINT-GOBAIN,COLLEGE OF ENGINEERING PUNE,PUNE,2018,755227
CMS IT SERVICES,XAVIER INSTITUTE OF ENGINEERING,MUMBAI,2016,439440
XORIANT,RAMRAO ADIK INSTITUTE OF TECHNOLOGY,NAVI MUMBAI,2016,446973
CMS IT SERVICES,PILLAI COLLEGE OF ENGINEERING,NAVI MUMBAI,2016,431997
CALSOFT,PUNE INSTITUTE OF COMPUTER TECHNOLOGY,PUNE,2018,16625
BANK OF AMERICA,PILLAI HOC COLLEGE OF ENGINEERING AND TECHNOLOGY,NAVI MUMBAI,2017,906521
ECLINICALWORKS,THADOMAL SHAHANI ENGINEERING COLLEGE,MUMBAI,2018,343078
BANK OF AMERICA,PILLAI HOC COLLEGE OF ENGINEERING AND TECHNOLOGY,NAVI MUMBAI,2017,879835
UBS,VISHWAKARMA INSTITUTE OF TECHNOLOGY,PUNE,2016,381558
MU SIGMA,THAKUR COLLEGE OF ENGINEERING AND TECHNOLOGY,MUMBAI,2018,709027
NEWGEN,INDIRA COLLEGE OF ENGINEERING AND MANAGEMENT,PUNE,2016,10969
HCL TECHNOLOGIES,PILLAI COLLEGE OF ENGINEERING,NAVI MUMBAI,2018,901680
GENPACT,ALAMURI RATNAMALA INSTITUTE OF ENGINEERING & TECHNOLOGY,THANE,2015,620632
DIRECTI,PUNE INSTITUTE OF COMPUTER TECHNOLOGY,PUNE,2016,25146
ORIENT TECHNOLOGIES,LOKMANYA TILAK COLLEGE OF ENGINEERING,NAVI MUMBAI,2014,26694
SYNTROSYS,"DR. D. Y. PATIL VIDYAPEETH, PUNE",PUNE,2016,930414
SIEMENS,PUNE INSTITUTE OF COMPUTER TECHNOLOGY,PUNE,2018,482579
XORIANT,PUNE INSTITUTE OF COMPUTER TECHNOLOGY,PUNE,2018,657350
ORACLE,PUNE INSTITUTE OF COMPUTER TECHNOLOGY,PUNE,2015,773619
VERIZON,MIT COLLEGE OF ENGINEERING,PUNE,2015,552597
ZYCUS,COLLEGE OF ENGINEERING PUNE,PUNE,2018,17238
ATIDAN,XAVIER INSTITUTE OF ENGINEERING,MUMBAI,2015,910003
CMC,VEERMATA JIJABAI TECHNOLOGICAL INSTITUTE,MUMBAI,2018,426923
BNP PARIBAS,THAKUR COLLEGE OF ENGINEERING AND TECHNOLOGY,MUMBAI,2014,37842
NEOSOFT TECHNOLOGIES,RAMRAO ADIK INSTITUTE OF TECHNOLOGY,NAVI MUMBAI,2015,482575
AMAZON,ALAMURI RATNAMALA INSTITUTE OF ENGINEERING & TECHNOLOGY,THANE,2017,446307
OSP LABS,RAMRAO ADIK INSTITUTE OF TECHNOLOGY,NAVI MUMBAI,2017,853809
NVIDIA,PILLAI HOC COLLEGE OF ENGINEERING AND TECHNOLOGY,NAVI MUMBAI,2018,249516
INDUS VALLEY PARTNERS,COLLEGE OF ENGINEERING PUNE,PUNE,2014,30312
MORGAN STANLEY,ARMY INSTITUTE OF TECHNOLOGY,PUNE,2018,516858
NUCSOFT,"TRINITY COLLEGE OF ENGINEERING AND RESEARCH,PUNE",PUNE,2018,29854
ADOBE,THAKUR COLLEGE OF ENGINEERING AND TECHNOLOGY,MUMBAI,2017,111807
GODREJ INFOTECH,VISHWAKARMA INSTITUTE OF TECHNOLOGY,PUNE,2017,380313
TCS,BHARATI VIDYAPEETH COLLEGE OF ENGINEERING,PUNE,2015,366964
NEOSOFT TECHNOLOGIES,DHOLE PATIL COLLEGE OF ENGINEERING PUNE,PUNE,2014,468454
VERIZON,ALAMURI RATNAMALA INSTITUTE OF ENGINEERING & TECHNOLOGY,THANE,2016,556275
HCL TECHNOLOGIES,INDIRA COLLEGE OF ENGINEERING AND MANAGEMENT,PUNE,2018,918425
TATA COMMUNICATIONS,BHARATI VIDYAPEETH COLLEGE OF ENGINEERING,PUNE,2014,681154
XORIANT,RAMRAO ADIK INSTITUTE OF TECHNOLOGY,NAVI MUMBAI,2015,670555
INFORMATICA,MIT COLLEGE OF ENGINEERING,PUNE,2017,1715598
CIMPRESS,PILLAI HOC COLLEGE OF ENGINEERING AND TECHNOLOGY,NAVI MUMBAI,2016,1381305
YAHOO,RAMRAO ADIK INSTITUTE OF TECHNOLOGY,NAVI MUMBAI,2018,375508
THIRDWARE SOLUTION,THADOMAL SHAHANI ENGINEERING COLLEGE,MUMBAI,2018,492027
MU SIGMA,COLLEGE OF ENGINEERING PUNE,PUNE,2015,350251
INDUS VALLEY PARTNERS,THADOMAL SHAHANI ENGINEERING COLLEGE,MUMBAI,2018,29806
ATIDAN,DWARKADAS J. SANGHVI COLLEGE OF ENGINEERING,MUMBAI,2016,813524
INGRAM MICRO,RAMRAO ADIK INSTITUTE OF TECHNOLOGY,NAVI MUMBAI,2017,363745
SIEMENS,"DR. D. Y. PATIL VIDYAPEETH, PUNE",PUNE,2018,495218
DELOITTE,PUNE INSTITUTE OF COMPUTER TECHNOLOGY,PUNE,2017,336110
MORGAN STANLEY,XAVIER INSTITUTE OF ENGINEERING,MUMBAI,2016,1786992
SCHNEIDER ELECTRIC,PILLAI HOC COLLEGE OF ENGINEERING AND TECHNOLOGY,NAVI MUMBAI,2016,454118
GEOMETRIC,ALAMURI RATNAMALA INSTITUTE OF ENGINEERING & TECHNOLOGY,THANE,2014,439691
CREDIT SUISSE,PILLAI HOC COLLEGE OF ENGINEERING AND TECHNOLOGY,NAVI MUMBAI,2018,292945
BHARAT PETROLEUM,SMT. INDIRA GANDHI COLLEGE OF ENGINEERING,NAVI MUMBAI,2016,377979
BNP PARIBAS,THAKUR COLLEGE OF ENGINEERING AND TECHNOLOGY,MUMBAI,2018,53012
ORACLE,"DR. D. Y. PATIL VIDYAPEETH, PUNE",PUNE,2014,769337
FRACTAL ANALYTICS,PILLAI COLLEGE OF ENGINEERING,NAVI MUMBAI,2017,13033
PROTEGRITY,"SHREE RAMCHANDRA COLLEGE OF ENGINEERING,PUNE",PUNE,2017,1148628
ZENITH SYSTEM SOLUTIONS,SMT. INDIRA GANDHI COLLEGE OF ENGINEERING,NAVI MUMBAI,2015,662270
MICROSOFT,"SHREE RAMCHANDRA COLLEGE OF ENGINEERING,PUNE",PUNE,2016,420548
SCHNEIDER ELECTRIC,K. J. SOMAIYA COLLEGE OF ENGINEERING,MUMBAI,2017,447175
ATOS,ALAMURI RATNAMALA INSTITUTE OF ENGINEERING & TECHNOLOGY,THANE,2015,699511
TIBCO SOFTWARE,"TRINITY COLLEGE OF ENGINEERING AND RESEARCH,PUNE",PUNE,2017,1247376
NEOSOFT,"SHREE RAMCHANDRA COLLEGE OF ENGINEERING,PUNE",PUNE,2014,380313
ADOBE,ALAMURI RATNAMALA INSTITUTE OF ENGINEERING & TECHNOLOGY,THANE,2018,1176245
PROTEGRITY,"TRINITY COLLEGE OF ENGINEERING AND RESEARCH,PUNE",PUNE,2017,1184978
AMDOCS,"DR. D. Y. PATIL VIDYAPEETH, PUNE",PUNE,2017,767592
ECLINICALWORKS,THAKUR COLLEGE OF ENGINEERING AND TECHNOLOGY,MUMBAI,2014,600794
AMDOCS,PUNE INSTITUTE OF COMPUTER TECHNOLOGY,PUNE,2018,669187
QUANTIPHI,XAVIER INSTITUTE OF ENGINEERING,MUMBAI,2015,898104
TATA CONSULTANCY SERVICES,LOKMANYA TILAK COLLEGE OF ENGINEERING,NAVI MUMBAI,2016,369952
XL DYNAMICS,"TRINITY COLLEGE OF ENGINEERING AND RESEARCH,PUNE",PUNE,2016,680212
JIO,PILLAI HOC COLLEGE OF ENGINEERING AND TECHNOLOGY,NAVI MUMBAI,2016,717510
ADOBE,"TRINITY COLLEGE OF ENGINEERING AND RESEARCH,PUNE",PUNE,2018,1176245
HEXAWARE TECHNOLOGIES,SMT. INDIRA GANDHI COLLEGE OF ENGINEERING,NAVI MUMBAI,2016,762900
IDBI INTECH,COLLEGE OF ENGINEERING PUNE,PUNE,2018,384844
NEWGEN SOFTWARE,COLLEGE OF ENGINEERING PUNE,PUNE,2015,431778
BHARAT PETROLEUM,INDIRA COLLEGE OF ENGINEERING AND MANAGEMENT,PUNE,2015,387341
GOOGLE,VEERMATA JIJABAI TECHNOLOGICAL INSTITUTE,MUMBAI,2017,44037
CAPITA,INDIRA COLLEGE OF ENGINEERING AND MANAGEMENT,PUNE,2017,571477
CMS IT SERVICES,LOKMANYA TILAK COLLEGE OF ENGINEERING,NAVI MUMBAI,2018,450688
SCHNEIDER ELECTRIC,"SHREE RAMCHANDRA COLLEGE OF ENGINEERING,PUNE",PUNE,2017,453986
SCHNEIDER ELECTRIC,DWARKADAS J. SANGHVI COLLEGE OF ENGINEERING,MUMBAI,2016,444713
MILES SOFTWARE,ARMY INSTITUTE OF TECHNOLOGY,PUNE,2015,336340
INDUS VALLEY PARTNERS,"SHREE RAMCHANDRA COLLEGE OF ENGINEERING,PUNE",PUNE,2015,796756
EDELWEISS FINANCIAL SERVICES,RAMRAO ADIK INSTITUTE OF TECHNOLOGY,NAVI MUMBAI,2014,935995
CAPGEMINI,XAVIER INSTITUTE OF ENGINEERING,MUMBAI,2018,398659
MASTEK,PILLAI HOC COLLEGE OF ENGINEERING AND TECHNOLOGY,NAVI MUMBAI,2017,38179
MASTEK,PUNE INSTITUTE OF COMPUTER TECHNOLOGY,PUNE,2015,309600
CYBAGE SOFTWARE,THADOMAL SHAHANI ENGINEERING COLLEGE,MUMBAI,2017,346424
ECLINICALWORKS,THADOMAL SHAHANI ENGINEERING COLLEGE,MUMBAI,2016,601323
IBM,THAKUR COLLEGE OF ENGINEERING AND TECHNOLOGY,MUMBAI,2018,374779
CREDIT SUISSE,DWARKADAS J. SANGHVI COLLEGE OF ENGINEERING,MUMBAI,2017,291123
CIMPRESS,"TRINITY COLLEGE OF ENGINEERING AND RESEARCH,PUNE",PUNE,2018,844553
TATA CONSULTANCY SERVICES,DWARKADAS J. SANGHVI COLLEGE OF ENGINEERING,MUMBAI,2017,765855
AMDOCS,ARMY INSTITUTE OF TECHNOLOGY,PUNE,2017,757978
DIRECTI,"TRINITY COLLEGE OF ENGINEERING AND RESEARCH,PUNE",PUNE,2017,1674074
CAPITA,INDIRA COLLEGE OF ENGINEERING AND MANAGEMENT,PUNE,2018,591309
MASTEK,COLLEGE OF ENGINEERING PUNE,PUNE,2014,299736
BANK OF AMERICA,COLLEGE OF ENGINEERING PUNE,PUNE,2016,883305
TOPPR.COM,DHOLE PATIL COLLEGE OF ENGINEERING PUNE,PUNE,2015,390347
SAP,PUNE INSTITUTE OF COMPUTER TECHNOLOGY,PUNE,2015,58812
AXIS BANK,INDIRA COLLEGE OF ENGINEERING AND MANAGEMENT,PUNE,2018,602886
ENDURANCE INTERNATIONAL GROUP,K. J. SOMAIYA COLLEGE OF ENGINEERING,MUMBAI,2018,785584
TECH MAHINDRA,"TRINITY COLLEGE OF ENGINEERING AND RESEARCH,PUNE",PUNE,2018,29854
GODREJ INFOTECH,THAKUR COLLEGE OF ENGINEERING AND TECHNOLOGY,MUMBAI,2018,380313
TATA,PILLAI COLLEGE OF ENGINEERING,NAVI MUMBAI,2018,95866
TECH MAHINDRA,DWARKADAS J. SANGHVI COLLEGE OF ENGINEERING,MUMBAI,2014,493174
QUANTIPHI,SMT. INDIRA GANDHI COLLEGE OF ENGINEERING,NAVI MUMBAI,2014,866965
MORGAN STANLEY,DWARKADAS J. SANGHVI COLLEGE OF ENGINEERING,MUMBAI,2018,1764982
MAJESCO,PILLAI HOC COLLEGE OF ENGINEERING AND TECHNOLOGY,NAVI MUMBAI,2017,485714
AMAZON,SMT. INDIRA GANDHI COLLEGE OF ENGINEERING,NAVI MUMBAI,2018,20399
QUINNOX,LOKMANYA TILAK COLLEGE OF ENGINEERING,NAVI MUMBAI,2016,446973
MU SIGMA,SMT. INDIRA GANDHI COLLEGE OF ENGINEERING,NAVI MUMBAI,2015,336097
MU SIGMA,MIT COLLEGE OF ENGINEERING,PUNE,2016,688909
MORGAN STANLEY,MIT COLLEGE OF ENGINEERING,PUNE,2018,1723022
SABA SOFTWARE,PILLAI HOC COLLEGE OF ENGINEERING AND TECHNOLOGY,NAVI MUMBAI,2017,701185
INDUS VALLEY PARTNERS,DWARKADAS J. SANGHVI COLLEGE OF ENGINEERING,MUMBAI,2016,29143
CALSOFT,K. J. SOMAIYA COLLEGE OF ENGINEERING,MUMBAI,2018,16625
THIRDWARE SOLUTION,THAKUR COLLEGE OF ENGINEERING AND TECHNOLOGY,MUMBAI,2014,505596
ORACLE,"SHREE RAMCHANDRA COLLEGE OF ENGINEERING,PUNE",PUNE,2015,499737
SYNTROSYS,COLLEGE OF ENGINEERING PUNE,PUNE,2018,12995
MILES SOFTWARE,PUNE INSTITUTE OF COMPUTER TECHNOLOGY,PUNE,2015,668391
SAP,DWARKADAS J. SANGHVI COLLEGE OF ENGINEERING,MUMBAI,2018,820681
INFOSYS,"SHREE RAMCHANDRA COLLEGE OF ENGINEERING,PUNE",PUNE,2018,631603
AMAZON,VISHWAKARMA INSTITUTE OF TECHNOLOGY,PUNE,2018,20351
SCHNEIDER ELECTRIC,PUNE INSTITUTE OF COMPUTER TECHNOLOGY,PUNE,2016,454138
GEOMETRIC,"DR. D. Y. PATIL VIDYAPEETH, PUNE",PUNE,2015,437987
ADOBE,LOKMANYA TILAK COLLEGE OF ENGINEERING,NAVI MUMBAI,2018,1181959
AMAZON,SMT. INDIRA GANDHI COLLEGE OF ENGINEERING,NAVI MUMBAI,2018,20598
MINDTREE,PUNE INSTITUTE OF COMPUTER TECHNOLOGY,PUNE,2015,17493
VERIZON,RAMRAO ADIK INSTITUTE OF TECHNOLOGY,NAVI MUMBAI,2018,554151
ZYCUS,ARMY INSTITUTE OF TECHNOLOGY,PUNE,2014,40827
SCHNEIDER ELECTRIC,PILLAI HOC COLLEGE OF ENGINEERING AND TECHNOLOGY,NAVI MUMBAI,2018,443792
SIEMENS,THAKUR COLLEGE OF ENGINEERING AND TECHNOLOGY,MUMBAI,2016,479316
CMS IT SERVICES,SMT. INDIRA GANDHI COLLEGE OF ENGINEERING,NAVI MUMBAI,2016,439440
ADOBE,MIT COLLEGE OF ENGINEERING,PUNE,2014,112833
CREDIT SUISSE,"TRINITY COLLEGE OF ENGINEERING AND RESEARCH,PUNE",PUNE,2018,299512
QUANTIPHI,VISHWAKARMA INSTITUTE OF TECHNOLOGY,PUNE,2017,30128
BNP PARIBAS,COLLEGE OF ENGINEERING PUNE,PUNE,2014,54850
LARSEN & TOUBRO,PUNE INSTITUTE OF COMPUTER TECHNOLOGY,PUNE,2018,1764982
OSP LABS,COLLEGE OF ENGINEERING PUNE,PUNE,2014,866540
CAPITA,"SHREE RAMCHANDRA COLLEGE OF ENGINEERING,PUNE",PUNE,2018,583454
ATIDAN,DWARKADAS J. SANGHVI COLLEGE OF ENGINEERING,MUMBAI,2016,933476
TECH MAHINDRA,ALAMURI RATNAMALA INSTITUTE OF ENGINEERING & TECHNOLOGY,THANE,2016,491427
CAPITA,PILLAI HOC COLLEGE OF ENGINEERING AND TECHNOLOGY,NAVI MUMBAI,2018,579967
MPHASIS,XAVIER INSTITUTE OF ENGINEERING,MUMBAI,2016,710194
TCS,THAKUR COLLEGE OF ENGINEERING AND TECHNOLOGY,MUMBAI,2016,41627
MEDIA.NET,COLLEGE OF ENGINEERING PUNE,PUNE,2016,1385073
GE,PUNE INSTITUTE OF COMPUTER TECHNOLOGY,PUNE,2017,716648
AMDOCS,PUNE INSTITUTE OF COMPUTER TECHNOLOGY,PUNE,2017,793986
JIO,RAMRAO ADIK INSTITUTE OF TECHNOLOGY,NAVI MUMBAI,2018,734589
INDUS VALLEY PARTNERS,INDIRA COLLEGE OF ENGINEERING AND MANAGEMENT,PUNE,2015,788762
ECLERX,"DR. D. Y. PATIL VIDYAPEETH, PUNE",PUNE,2016,46290
HCL TECHNOLOGIES,"DR. D. Y. PATIL VIDYAPEETH, PUNE",PUNE,2015,313775
IBM INDIA,"DR. D. Y. PATIL VIDYAPEETH, PUNE",PUNE,2015,566349
MORGAN STANLEY,"SHREE RAMCHANDRA COLLEGE OF ENGINEERING,PUNE",PUNE,2018,1764982
MASTEK,ARMY INSTITUTE OF TECHNOLOGY,PUNE,2016,38435
BNP PARIBAS,ALAMURI RATNAMALA INSTITUTE OF ENGINEERING & TECHNOLOGY,THANE,2015,39316
ACCENTURE,ALAMURI RATNAMALA INSTITUTE OF ENGINEERING & TECHNOLOGY,THANE,2018,304535
TIBCO SOFTWARE,"SHREE RAMCHANDRA COLLEGE OF ENGINEERING,PUNE",PUNE,2015,594538
SIEMENS,"SHREE RAMCHANDRA COLLEGE OF ENGINEERING,PUNE",PUNE,2014,478011
HCL TECHNOLOGIES,PILLAI HOC COLLEGE OF ENGINEERING AND TECHNOLOGY,NAVI MUMBAI,2018,311885
ZYCUS,BHARATI VIDYAPEETH COLLEGE OF ENGINEERING,PUNE,2018,42362
CREDIT SUISSE,DWARKADAS J. SANGHVI COLLEGE OF ENGINEERING,MUMBAI,2014,305572
GOOGLE,PILLAI HOC COLLEGE OF ENGINEERING AND TECHNOLOGY,NAVI MUMBAI,2017,52020
NUCSOFT,PILLAI HOC COLLEGE OF ENGINEERING AND TECHNOLOGY,NAVI MUMBAI,2016,232021
VISA INC.,THAKUR COLLEGE OF ENGINEERING AND TECHNOLOGY,MUMBAI,2018,1203758
TOPPR.COM,ARMY INSTITUTE OF TECHNOLOGY,PUNE,2016,973668
GEOMETRIC,VISHWAKARMA INSTITUTE OF TECHNOLOGY,PUNE,2016,452444
XL DYNAMICS,ALAMURI RATNAMALA INSTITUTE OF ENGINEERING & TECHNOLOGY,THANE,2015,378280
TOPPR.COM,ARMY INSTITUTE OF TECHNOLOGY,PUNE,2015,384920
VPHRASE,MIT COLLEGE OF ENGINEERING,PUNE,2018,418751
MASTEK,THAKUR COLLEGE OF ENGINEERING AND TECHNOLOGY,MUMBAI,2016,38160
MICROSOFT,THADOMAL SHAHANI ENGINEERING COLLEGE,MUMBAI,2014,1208979
PROTEGRITY,VEERMATA JIJABAI TECHNOLOGICAL INSTITUTE,MUMBAI,2018,52629
CAPGEMINI,VISHWAKARMA INSTITUTE OF TECHNOLOGY,PUNE,2015,783724
OSP LABS,"TRINITY COLLEGE OF ENGINEERING AND RESEARCH,PUNE",PUNE,2018,879989
CAPGEMINI,ALAMURI RATNAMALA INSTITUTE OF ENGINEERING & TECHNOLOGY,THANE,2018,809398
DIRECTI,XAVIER INSTITUTE OF ENGINEERING,MUMBAI,2017,1668963
AMDOCS,PUNE INSTITUTE OF COMPUTER TECHNOLOGY,PUNE,2015,791523
TATA CONSULTANCY SERVICES,PILLAI HOC COLLEGE OF ENGINEERING AND TECHNOLOGY,NAVI MUMBAI,2017,748351
CAPGEMINI,VEERMATA JIJABAI TECHNOLOGICAL INSTITUTE,MUMBAI,2018,780400
TOPPR.COM,XAVIER INSTITUTE OF ENGINEERING,MUMBAI,2014,395081
TCS,PUNE INSTITUTE OF COMPUTER TECHNOLOGY,PUNE,2014,42765
FRACTAL ANALYTICS,"TRINITY COLLEGE OF ENGINEERING AND RESEARCH,PUNE",PUNE,2014,29825
WIPRO,VISHWAKARMA INSTITUTE OF TECHNOLOGY,PUNE,2016,491469
MPHASIS,INDIRA COLLEGE OF ENGINEERING AND MANAGEMENT,PUNE,2015,710194
WISDMLABS,XAVIER INSTITUTE OF ENGINEERING,MUMBAI,2017,467801
NSEIT,ALAMURI RATNAMALA INSTITUTE OF ENGINEERING & TECHNOLOGY,THANE,2014,48610
ZYCUS,"SHREE RAMCHANDRA COLLEGE OF ENGINEERING,PUNE",PUNE,2015,42749
GOOGLE,PILLAI COLLEGE OF ENGINEERING,NAVI MUMBAI,2018,44037
ECLERX,ALAMURI RATNAMALA INSTITUTE OF ENGINEERING & TECHNOLOGY,THANE,2017,45290
ATIDAN,"TRINITY COLLEGE OF ENGINEERING AND RESEARCH,PUNE",PUNE,2014,922978
ACCENTURE,VEERMATA JIJABAI TECHNOLOGICAL INSTITUTE,MUMBAI,2015,299512
GEOMETRIC SOFTWARE SOLUTIONS,"TRINITY COLLEGE OF ENGINEERING AND RESEARCH,PUNE",PUNE,2018,346240
ECLERX,PILLAI HOC COLLEGE OF ENGINEERING AND TECHNOLOGY,NAVI MUMBAI,2018,395431
LIONBRIDGE,XAVIER INSTITUTE OF ENGINEERING,MUMBAI,2015,45173
QAD,THAKUR COLLEGE OF ENGINEERING AND TECHNOLOGY,MUMBAI,2016,888231
QUANTIPHI,"SHREE RAMCHANDRA COLLEGE OF ENGINEERING,PUNE",PUNE,2018,915496
TECH MAHINDRA,ALAMURI RATNAMALA INSTITUTE OF ENGINEERING & TECHNOLOGY,THANE,2018,487022
MORGAN STANLEY,XAVIER INSTITUTE OF ENGINEERING,MUMBAI,2018,510827
SYNTROSYS,"TRINITY COLLEGE OF ENGINEERING AND RESEARCH,PUNE",PUNE,2018,931180
SABA SOFTWARE,INDIRA COLLEGE OF ENGINEERING AND MANAGEMENT,PUNE,2016,713847
QUANTIPHI,ARMY INSTITUTE OF TECHNOLOGY,PUNE,2018,30914
IBM,"TRINITY COLLEGE OF ENGINEERING AND RESEARCH,PUNE",PUNE,2014,370375
SAINT-GOBAIN,COLLEGE OF ENGINEERING PUNE,PUNE,2018,734111
WIPRO,COLLEGE OF ENGINEERING PUNE,PUNE,2017,482207
NVIDIA,INDIRA COLLEGE OF ENGINEERING AND MANAGEMENT,PUNE,2017,252624
GENPACT,BHARATI VIDYAPEETH COLLEGE OF ENGINEERING,PUNE,2017,614510
ZENSAR TECHNOLOGIES,BHARATI VIDYAPEETH COLLEGE OF ENGINEERING,PUNE,2018,477014
ACCENTURE,DWARKADAS J. SANGHVI COLLEGE OF ENGINEERING,MUMBAI,2014,293082
SIEMENS,ALAMURI RATNAMALA INSTITUTE OF ENGINEERING & TECHNOLOGY,THANE,2018,482579
IBM,VISHWAKARMA INSTITUTE OF TECHNOLOGY,PUNE,2017,429640
TECH MAHINDRA,THADOMAL SHAHANI ENGINEERING COLLEGE,MUMBAI,2018,29854
ACCENTURE,THADOMAL SHAHANI ENGINEERING COLLEGE,MUMBAI,2018,299512
EDELWEISS FINANCIAL SERVICES,THADOMAL SHAHANI ENGINEERING COLLEGE,MUMBAI,2017,935975
INFOGAIN,PUNE INSTITUTE OF COMPUTER TECHNOLOGY,PUNE,2018,225812
CAPGEMINI,LOKMANYA TILAK COLLEGE OF ENGINEERING,NAVI MUMBAI,2014,789173
ECLERX,ALAMURI RATNAMALA INSTITUTE OF ENGINEERING & TECHNOLOGY,THANE,2017,403254
CREDIT SUISSE,"SHREE RAMCHANDRA COLLEGE OF ENGINEERING,PUNE",PUNE,2016,945085
YAHOO,ARMY INSTITUTE OF TECHNOLOGY,PUNE,2016,385137
SELEC,VEERMATA JIJABAI TECHNOLOGICAL INSTITUTE,MUMBAI,2018,42266
GOOGLE,PUNE INSTITUTE OF COMPUTER TECHNOLOGY,PUNE,2017,53502
NEOSOFT TECHNOLOGIES,LOKMANYA TILAK COLLEGE OF ENGINEERING,NAVI MUMBAI,2014,459213
ACCENTURE,THAKUR COLLEGE OF ENGINEERING AND TECHNOLOGY,MUMBAI,2018,299512
TATA CONSULTANCY SERVICES,RAMRAO ADIK INSTITUTE OF TECHNOLOGY,NAVI MUMBAI,2017,363632
SABA SOFTWARE,PILLAI HOC COLLEGE OF ENGINEERING AND TECHNOLOGY,NAVI MUMBAI,2018,709027
NSEIT,XAVIER INSTITUTE OF ENGINEERING,MUMBAI,2017,49297
TECH MAHINDRA,PILLAI HOC COLLEGE OF ENGINEERING AND TECHNOLOGY,NAVI MUMBAI,2016,480101
UBS,VISHWAKARMA INSTITUTE OF TECHNOLOGY,PUNE,2016,1801956
ACCOLITE,SMT. INDIRA GANDHI COLLEGE OF ENGINEERING,NAVI MUMBAI,2015,1113273
HEXAWARE TECHNOLOGIES,DHOLE PATIL COLLEGE OF ENGINEERING PUNE,PUNE,2015,760901
GODREJ INFOTECH,THAKUR COLLEGE OF ENGINEERING AND TECHNOLOGY,MUMBAI,2017,387624
SYNTROSYS,PILLAI COLLEGE OF ENGINEERING,NAVI MUMBAI,2018,957887
GEOMETRIC,MIT COLLEGE OF ENGINEERING,PUNE,2018,453633
TATA COMMUNICATIONS,PUNE INSTITUTE OF COMPUTER TECHNOLOGY,PUNE,2018,374390
SABA SOFTWARE,XAVIER INSTITUTE OF ENGINEERING,MUMBAI,2015,727755
SIEMENS,DHOLE PATIL COLLEGE OF ENGINEERING PUNE,PUNE,2017,470735
DIRECTI,SMT. INDIRA GANDHI COLLEGE OF ENGINEERING,NAVI MUMBAI,2017,1613989
TATA CONSULTANCY SERVICES,ARMY INSTITUTE OF TECHNOLOGY,PUNE,2016,728580
MASTEK,VEERMATA JIJABAI TECHNOLOGICAL INSTITUTE,MUMBAI,2017,304434
NUCSOFT,VEERMATA JIJABAI TECHNOLOGICAL INSTITUTE,MUMBAI,2018,231877
DELOITTE,DWARKADAS J. SANGHVI COLLEGE OF ENGINEERING,MUMBAI,2018,727874
MIRRAW,ALAMURI RATNAMALA INSTITUTE OF ENGINEERING & TECHNOLOGY,THANE,2015,30345
VPHRASE,BHARATI VIDYAPEETH COLLEGE OF ENGINEERING,PUNE,2014,419590
MICROSOFT,MIT COLLEGE OF ENGINEERING,PUNE,2016,428967
GOOGLE,MIT COLLEGE OF ENGINEERING,PUNE,2015,52977
INFIBEAM,SMT. INDIRA GANDHI COLLEGE OF ENGINEERING,NAVI MUMBAI,2018,184354
INGRAM MICRO,RAMRAO ADIK INSTITUTE OF TECHNOLOGY,NAVI MUMBAI,2018,358104
CYBAGE SOFTWARE,PUNE INSTITUTE OF COMPUTER TECHNOLOGY,PUNE,2015,579940
ORANGE,K. J. SOMAIYA COLLEGE OF ENGINEERING,MUMBAI,2015,20399
INFIBEAM,PILLAI HOC COLLEGE OF ENGINEERING AND TECHNOLOGY,NAVI MUMBAI,2014,180514
LARSEN & TOUBRO,MIT COLLEGE OF ENGINEERING,PUNE,2015,1806418
LIONBRIDGE,COLLEGE OF ENGINEERING PUNE,PUNE,2017,43196
CMC,ARMY INSTITUTE OF TECHNOLOGY,PUNE,2017,418994
VPHRASE,INDIRA COLLEGE OF ENGINEERING AND MANAGEMENT,PUNE,2018,409027
IBM,DWARKADAS J. SANGHVI COLLEGE OF ENGINEERING,MUMBAI,2015,374779
KPIT TECHNOLOGIES,INDIRA COLLEGE OF ENGINEERING AND MANAGEMENT,PUNE,2018,797402
BOOKMYSHOW,COLLEGE OF ENGINEERING PUNE,PUNE,2017,371565
SELEC,LOKMANYA TILAK COLLEGE OF ENGINEERING,NAVI MUMBAI,2016,40593
NEWGEN SOFTWARE,BHARATI VIDYAPEETH COLLEGE OF ENGINEERING,PUNE,2016,708060
DIRECTI,VEERMATA JIJABAI TECHNOLOGICAL INSTITUTE,MUMBAI,2015,25842
ZYCUS,ARMY INSTITUTE OF TECHNOLOGY,PUNE,2014,17017
VISA INC.,PILLAI HOC COLLEGE OF ENGINEERING AND TECHNOLOGY,NAVI MUMBAI,2017,1176245
SCHNEIDER ELECTRIC,PUNE INSTITUTE OF COMPUTER TECHNOLOGY,PUNE,2016,107947
QAD,XAVIER INSTITUTE OF ENGINEERING,MUMBAI,2018,886642
SIEMENS,ALAMURI RATNAMALA INSTITUTE OF ENGINEERING & TECHNOLOGY,THANE,2018,485566
CYBAGE SOFTWARE,BHARATI VIDYAPEETH COLLEGE OF ENGINEERING,PUNE,2017,348133
SIEMENS,VISHWAKARMA INSTITUTE OF TECHNOLOGY,PUNE,2015,489081
NEOSOFT,VISHWAKARMA INSTITUTE OF TECHNOLOGY,PUNE,2017,376164
TATA,LOKMANYA TILAK COLLEGE OF ENGINEERING,NAVI MUMBAI,2017,95866
INDUS VALLEY PARTNERS,DWARKADAS J. SANGHVI COLLEGE OF ENGINEERING,MUMBAI,2018,784110
ECLINICALWORKS,RAMRAO ADIK INSTITUTE OF TECHNOLOGY,NAVI MUMBAI,2014,606902
CMS IT SERVICES,VEERMATA JIJABAI TECHNOLOGICAL INSTITUTE,MUMBAI,2018,443711
BHARAT PETROLEUM,DHOLE PATIL COLLEGE OF ENGINEERING PUNE,PUNE,2016,382233
NEOSOFT TECHNOLOGIES,ARMY INSTITUTE OF TECHNOLOGY,PUNE,2014,470398
LARSEN & TOUBRO,THAKUR COLLEGE OF ENGINEERING AND TECHNOLOGY,MUMBAI,2017,1786864
AMDOCS,DWARKADAS J. SANGHVI COLLEGE OF ENGINEERING,MUMBAI,2016,771234
LTI,"DR. D. Y. PATIL VIDYAPEETH, PUNE",PUNE,2018,1273803
NETWORK 18,DWARKADAS J. SANGHVI COLLEGE OF ENGINEERING,MUMBAI,2014,422207
OSP LABS,MIT COLLEGE OF ENGINEERING,PUNE,2016,867785
ATIDAN,VISHWAKARMA INSTITUTE OF TECHNOLOGY,PUNE,2017,917561
TATA COMMUNICATIONS,VEERMATA JIJABAI TECHNOLOGICAL INSTITUTE,MUMBAI,2017,367076
TCS,ALAMURI RATNAMALA INSTITUTE OF ENGINEERING & TECHNOLOGY,THANE,2017,364009
NSEIT,RAMRAO ADIK INSTITUTE OF TECHNOLOGY,NAVI MUMBAI,2016,59323
HDFC,DWARKADAS J. SANGHVI COLLEGE OF ENGINEERING,MUMBAI,2018,535465
IDBI INTECH,XAVIER INSTITUTE OF ENGINEERING,MUMBAI,2014,548577
GEP,MIT COLLEGE OF ENGINEERING,PUNE,2018,737580
CIMPRESS,DWARKADAS J. SANGHVI COLLEGE OF ENGINEERING,MUMBAI,2015,1385379
INDUS VALLEY PARTNERS,XAVIER INSTITUTE OF ENGINEERING,MUMBAI,2014,29904
MASTEK,"TRINITY COLLEGE OF ENGINEERING AND RESEARCH,PUNE",PUNE,2018,38791
VERIZON,VISHWAKARMA INSTITUTE OF TECHNOLOGY,PUNE,2017,556351
HDFC,VEERMATA JIJABAI TECHNOLOGICAL INSTITUTE,MUMBAI,2017,533364
BANK OF AMERICA,DHOLE PATIL COLLEGE OF ENGINEERING PUNE,PUNE,2015,884605
TATA COMMUNICATIONS,THAKUR COLLEGE OF ENGINEERING AND TECHNOLOGY,MUMBAI,2014,367228
INDUS VALLEY PARTNERS,RAMRAO ADIK INSTITUTE OF TECHNOLOGY,NAVI MUMBAI,2016,809554
ADOBE,INDIRA COLLEGE OF ENGINEERING AND MANAGEMENT,PUNE,2017,1171126
NETWORK 18,XAVIER INSTITUTE OF ENGINEERING,MUMBAI,2018,55083
ATOS,MIT COLLEGE OF ENGINEERING,PUNE,2014,695888
CAPGEMINI,DHOLE PATIL COLLEGE OF ENGINEERING PUNE,PUNE,2018,388629
GEOMETRIC SOFTWARE SOLUTIONS,ALAMURI RATNAMALA INSTITUTE OF ENGINEERING & TECHNOLOGY,THANE,2015,348446
MU SIGMA,"SHREE RAMCHANDRA COLLEGE OF ENGINEERING,PUNE",PUNE,2016,336384
SIEMENS,RAMRAO ADIK INSTITUTE OF TECHNOLOGY,NAVI MUMBAI,2014,485501
HURIX,VISHWAKARMA INSTITUTE OF TECHNOLOGY,PUNE,2018,892379
AMAZON,COLLEGE OF ENGINEERING PUNE,PUNE,2018,429993
SYMANTEC,SMT. INDIRA GANDHI COLLEGE OF ENGINEERING,NAVI MUMBAI,2016,1811870
AXIS BANK,LOKMANYA TILAK COLLEGE OF ENGINEERING,NAVI MUMBAI,2017,586508
GEP,THAKUR COLLEGE OF ENGINEERING AND TECHNOLOGY,MUMBAI,2018,732705
INFORMATICA,PUNE INSTITUTE OF COMPUTER TECHNOLOGY,PUNE,2017,1756989
GEOMETRIC,ALAMURI RATNAMALA INSTITUTE OF ENGINEERING & TECHNOLOGY,THANE,2014,433843
ADOBE,ARMY INSTITUTE OF TECHNOLOGY,PUNE,2017,109643
LARSEN & TOUBRO,DWARKADAS J. SANGHVI COLLEGE OF ENGINEERING,MUMBAI,2015,1801767
IDBI INTECH,PUNE INSTITUTE OF COMPUTER TECHNOLOGY,PUNE,2018,380476
GODREJ INFOTECH,PUNE INSTITUTE OF COMPUTER TECHNOLOGY,PUNE,2017,387993
ZENSAR TECHNOLOGIES,VISHWAKARMA INSTITUTE OF TECHNOLOGY,PUNE,2014,1135517
SAP,VISHWAKARMA INSTITUTE OF TECHNOLOGY,PUNE,2015,58446
SIEMENS,LOKMANYA TILAK COLLEGE OF ENGINEERING,NAVI MUMBAI,2015,495876
CMS IT SERVICES,ARMY INSTITUTE OF TECHNOLOGY,PUNE,2018,439440
OSP LABS,"TRINITY COLLEGE OF ENGINEERING AND RESEARCH,PUNE",PUNE,2016,848944
GENPACT,SMT. INDIRA GANDHI COLLEGE OF ENGINEERING,NAVI MUMBAI,2014,629597
JIO,INDIRA COLLEGE OF ENGINEERING AND MANAGEMENT,PUNE,2016,722630
CYBAGE SOFTWARE,INDIRA COLLEGE OF ENGINEERING AND MANAGEMENT,PUNE,2016,582839
UBS,PUNE INSTITUTE OF COMPUTER TECHNOLOGY,PUNE,2016,382916
LARSEN & TOUBRO,PILLAI HOC COLLEGE OF ENGINEERING AND TECHNOLOGY,NAVI MUMBAI,2015,1816893
INFOGAIN,PILLAI HOC COLLEGE OF ENGINEERING AND TECHNOLOGY,NAVI MUMBAI,2017,427504
INDUS VALLEY PARTNERS,XAVIER INSTITUTE OF ENGINEERING,MUMBAI,2017,29586
OSP LABS,DWARKADAS J. SANGHVI COLLEGE OF ENGINEERING,MUMBAI,2014,886495
TECH MAHINDRA,INDIRA COLLEGE OF ENGINEERING AND MANAGEMENT,PUNE,2017,491749
WIPRO,THAKUR COLLEGE OF ENGINEERING AND TECHNOLOGY,MUMBAI,2014,472736
ACCOLITE,RAMRAO ADIK INSTITUTE OF TECHNOLOGY,NAVI MUMBAI,2018,1172967
HEXAWARE TECHNOLOGIES,VISHWAKARMA INSTITUTE OF TECHNOLOGY,PUNE,2017,760536
LIONBRIDGE,THADOMAL SHAHANI ENGINEERING COLLEGE,MUMBAI,2016,42826
NUCSOFT,PILLAI HOC COLLEGE OF ENGINEERING AND TECHNOLOGY,NAVI MUMBAI,2015,30248
ZYCUS,MIT COLLEGE OF ENGINEERING,PUNE,2017,17764
CMS IT SERVICES,RAMRAO ADIK INSTITUTE OF TECHNOLOGY,NAVI MUMBAI,2018,439440
HURIX,THADOMAL SHAHANI ENGINEERING COLLEGE,MUMBAI,2017,872886
AMAZON,INDIRA COLLEGE OF ENGINEERING AND MANAGEMENT,PUNE,2016,432723
SCHNEIDER ELECTRIC,RAMRAO ADIK INSTITUTE OF TECHNOLOGY,NAVI MUMBAI,2018,109643
LARSEN & TOUBRO,XAVIER INSTITUTE OF ENGINEERING,MUMBAI,2017,1717006
CYBAGE SOFTWARE,PUNE INSTITUTE OF COMPUTER TECHNOLOGY,PUNE,2014,582223
CREDIT SUISSE,INDIRA COLLEGE OF ENGINEERING AND MANAGEMENT,PUNE,2018,957887
NSEIT,DHOLE PATIL COLLEGE OF ENGINEERING PUNE,PUNE,2016,50936
ACCOLITE,PUNE INSTITUTE OF COMPUTER TECHNOLOGY,PUNE,2018,132900
ADOBE,RAMRAO ADIK INSTITUTE OF TECHNOLOGY,NAVI MUMBAI,2018,1176245
JOHNSON CONTROLS,MIT COLLEGE OF ENGINEERING,PUNE,2018,792371
MICROSOFT,DWARKADAS J. SANGHVI COLLEGE OF ENGINEERING,MUMBAI,2014,1148184
TATA CONSULTANCY SERVICES,RAMRAO ADIK INSTITUTE OF TECHNOLOGY,NAVI MUMBAI,2016,363632
WNS,BHARATI VIDYAPEETH COLLEGE OF ENGINEERING,PUNE,2015,409027
INGRAM MICRO,DWARKADAS J. SANGHVI COLLEGE OF ENGINEERING,MUMBAI,2018,368514
BOOKMYSHOW,"TRINITY COLLEGE OF ENGINEERING AND RESEARCH,PUNE",PUNE,2017,360192
MIRRAW,LOKMANYA TILAK COLLEGE OF ENGINEERING,NAVI MUMBAI,2018,448457
GEP,"TRINITY COLLEGE OF ENGINEERING AND RESEARCH,PUNE",PUNE,2015,721508
AXIS BANK,K. J. SOMAIYA COLLEGE OF ENGINEERING,MUMBAI,2015,11849
NEWGEN SOFTWARE,PILLAI COLLEGE OF ENGINEERING,NAVI MUMBAI,2014,433825
HEXAWARE TECHNOLOGIES,PILLAI HOC COLLEGE OF ENGINEERING AND TECHNOLOGY,NAVI MUMBAI,2018,30641
IDBI INTECH,K. J. SOMAIYA COLLEGE OF ENGINEERING,MUMBAI,2014,380730
GEOMETRIC,VISHWAKARMA INSTITUTE OF TECHNOLOGY,PUNE,2018,443055
CREDIT SUISSE,ARMY INSTITUTE OF TECHNOLOGY,PUNE,2015,299881
CMC,VISHWAKARMA INSTITUTE OF TECHNOLOGY,PUNE,2017,182660
INFOGAIN,THADOMAL SHAHANI ENGINEERING COLLEGE,MUMBAI,2014,227517
WIPRO,XAVIER INSTITUTE OF ENGINEERING,MUMBAI,2015,482921
ATIDAN,RAMRAO ADIK INSTITUTE OF TECHNOLOGY,NAVI MUMBAI,2018,803504
NVIDIA,BHARATI VIDYAPEETH COLLEGE OF ENGINEERING,PUNE,2014,22687
ORACLE,VEERMATA JIJABAI TECHNOLOGICAL INSTITUTE,MUMBAI,2014,753646
TCS,"DR. D. Y. PATIL VIDYAPEETH, PUNE",PUNE,2018,41812
CMS IT SERVICES,SMT. INDIRA GANDHI COLLEGE OF ENGINEERING,NAVI MUMBAI,2015,439738
AMDOCS,PUNE INSTITUTE OF COMPUTER TECHNOLOGY,PUNE,2016,771234
INFOGAIN,"TRINITY COLLEGE OF ENGINEERING AND RESEARCH,PUNE",PUNE,2018,415614
MICROSOFT,RAMRAO ADIK INSTITUTE OF TECHNOLOGY,NAVI MUMBAI,2015,429272
GE,DWARKADAS J. SANGHVI COLLEGE OF ENGINEERING,MUMBAI,2018,708060
WEATHERFORD,PUNE INSTITUTE OF COMPUTER TECHNOLOGY,PUNE,2014,509628
NVIDIA,VISHWAKARMA INSTITUTE OF TECHNOLOGY,PUNE,2016,251114
INGRAM MICRO,PILLAI HOC COLLEGE OF ENGINEERING AND TECHNOLOGY,NAVI MUMBAI,2016,363745
MIRRAW,"SHREE RAMCHANDRA COLLEGE OF ENGINEERING,PUNE",PUNE,2016,30702
ATIDAN,MIT COLLEGE OF ENGINEERING,PUNE,2017,918990
MORGAN STANLEY,THADOMAL SHAHANI ENGINEERING COLLEGE,MUMBAI,2016,509610
IDBI INTECH,SMT. INDIRA GANDHI COLLEGE OF ENGINEERING,NAVI MUMBAI,2015,393589
XORIANT,PILLAI COLLEGE OF ENGINEERING,NAVI MUMBAI,2016,450887
INFOSYS,RAMRAO ADIK INSTITUTE OF TECHNOLOGY,NAVI MUMBAI,2016,481194
ENDURANCE INTERNATIONAL GROUP,INDIRA COLLEGE OF ENGINEERING AND MANAGEMENT,PUNE,2017,771234
MILES SOFTWARE,ALAMURI RATNAMALA INSTITUTE OF ENGINEERING & TECHNOLOGY,THANE,2017,652677
YAHOO,INDIRA COLLEGE OF ENGINEERING AND MANAGEMENT,PUNE,2017,376823
XL DYNAMICS,MIT COLLEGE OF ENGINEERING,PUNE,2018,683094
SYNTROSYS,THAKUR COLLEGE OF ENGINEERING AND TECHNOLOGY,MUMBAI,2014,12912
MEDIA.NET,ALAMURI RATNAMALA INSTITUTE OF ENGINEERING & TECHNOLOGY,THANE,2014,1404682
BHARAT PETROLEUM,"TRINITY COLLEGE OF ENGINEERING AND RESEARCH,PUNE",PUNE,2014,381460
INFOGAIN,THAKUR COLLEGE OF ENGINEERING AND TECHNOLOGY,MUMBAI,2018,220946
THIRDWARE SOLUTION,"SHREE RAMCHANDRA COLLEGE OF ENGINEERING,PUNE",PUNE,2015,507721
MPHASIS,"TRINITY COLLEGE OF ENGINEERING AND RESEARCH,PUNE",PUNE,2016,697032
UGAM,PUNE INSTITUTE OF COMPUTER TECHNOLOGY,PUNE,2014,789222
CALSOFT,ALAMURI RATNAMALA INSTITUTE OF ENGINEERING & TECHNOLOGY,THANE,2015,16276
MAJESCO,BHARATI VIDYAPEETH COLLEGE OF ENGINEERING,PUNE,2018,497584
ATIDAN,MIT COLLEGE OF ENGINEERING,PUNE,2018,935975
CIMPRESS,PILLAI HOC COLLEGE OF ENGINEERING AND TECHNOLOGY,NAVI MUMBAI,2018,861754
ACCENTURE,RAMRAO ADIK INSTITUTE OF TECHNOLOGY,NAVI MUMBAI,2014,303980
TCS,BHARATI VIDYAPEETH COLLEGE OF ENGINEERING,PUNE,2017,40901
ATIDAN,PILLAI COLLEGE OF ENGINEERING,NAVI MUMBAI,2015,821124
CYBAGE SOFTWARE,VISHWAKARMA INSTITUTE OF TECHNOLOGY,PUNE,2018,348289
BNP PARIBAS,"TRINITY COLLEGE OF ENGINEERING AND RESEARCH,PUNE",PUNE,2015,53484
CAPITA,K. J. SOMAIYA COLLEGE OF ENGINEERING,MUMBAI,2016,583281
ECLERX,PILLAI HOC COLLEGE OF ENGINEERING AND TECHNOLOGY,NAVI MUMBAI,2015,403884
RAJA SOFTWARE LABS,PILLAI HOC COLLEGE OF ENGINEERING AND TECHNOLOGY,NAVI MUMBAI,2016,435753
INFIBEAM,THADOMAL SHAHANI ENGINEERING COLLEGE,MUMBAI,2014,183351
NSEIT,THAKUR COLLEGE OF ENGINEERING AND TECHNOLOGY,MUMBAI,2016,49818
XL DYNAMICS,PUNE INSTITUTE OF COMPUTER TECHNOLOGY,PUNE,2018,682828
INDUS VALLEY PARTNERS,ARMY INSTITUTE OF TECHNOLOGY,PUNE,2018,768467
ARK TECHNOSOLUTIONS,VISHWAKARMA INSTITUTE OF TECHNOLOGY,PUNE,2014,1157633
NSEIT,THAKUR COLLEGE OF ENGINEERING AND TECHNOLOGY,MUMBAI,2014,49966
ZENSAR TECHNOLOGIES,PILLAI HOC COLLEGE OF ENGINEERING AND TECHNOLOGY,NAVI MUMBAI,2016,476707
OSP LABS,VISHWAKARMA INSTITUTE OF TECHNOLOGY,PUNE,2014,837973
DIRECTI,COLLEGE OF ENGINEERING PUNE,PUNE,2016,25840
MINDTREE,DHOLE PATIL COLLEGE OF ENGINEERING PUNE,PUNE,2014,18017
GE,K. J. SOMAIYA COLLEGE OF ENGINEERING,MUMBAI,2016,533965
ACCOLITE,XAVIER INSTITUTE OF ENGINEERING,MUMBAI,2018,1147627
SCHNEIDER ELECTRIC,PUNE INSTITUTE OF COMPUTER TECHNOLOGY,PUNE,2017,108127
NSEIT,COLLEGE OF ENGINEERING PUNE,PUNE,2017,49160
INFORMATICA,XAVIER INSTITUTE OF ENGINEERING,MUMBAI,2017,378169
NVIDIA,PUNE INSTITUTE OF COMPUTER TECHNOLOGY,PUNE,2014,244494
AMAZON,THAKUR COLLEGE OF ENGINEERING AND TECHNOLOGY,MUMBAI,2018,20586
MAQ SOFTWARE,K. J. SOMAIYA COLLEGE OF ENGINEERING,MUMBAI,2018,1630826
MORGAN STANLEY,INDIRA COLLEGE OF ENGINEERING AND MANAGEMENT,PUNE,2014,1731692
ORACLE,DWARKADAS J. SANGHVI COLLEGE OF ENGINEERING,MUMBAI,2017,761851
ECLINICALWORKS,SMT. INDIRA GANDHI COLLEGE OF ENGINEERING,NAVI MUMBAI,2016,613700
SCHNEIDER ELECTRIC,PILLAI COLLEGE OF ENGINEERING,NAVI MUMBAI,2018,436730
MIRRAW,COLLEGE OF ENGINEERING PUNE,PUNE,2018,432896
XL DYNAMICS,PILLAI COLLEGE OF ENGINEERING,NAVI MUMBAI,2017,380352
TATA COMMUNICATIONS,THAKUR COLLEGE OF ENGINEERING AND TECHNOLOGY,MUMBAI,2018,664502
GE,PILLAI HOC COLLEGE OF ENGINEERING AND TECHNOLOGY,NAVI MUMBAI,2018,526728
ADOBE,PILLAI HOC COLLEGE OF ENGINEERING AND TECHNOLOGY,NAVI MUMBAI,2017,109265
CREDIT SUISSE,DWARKADAS J. SANGHVI COLLEGE OF ENGINEERING,MUMBAI,2016,966420
GE,XAVIER INSTITUTE OF ENGINEERING,MUMBAI,2018,524136
DIRECTI,PUNE INSTITUTE OF COMPUTER TECHNOLOGY,PUNE,2017,1680144
DIRECTI,"TRINITY COLLEGE OF ENGINEERING AND RESEARCH,PUNE",PUNE,2014,1669799
CIMPRESS,VISHWAKARMA INSTITUTE OF TECHNOLOGY,PUNE,2017,1361177
RAVE TECHNOLOGIES,"DR. D. Y. PATIL VIDYAPEETH, PUNE",PUNE,2014,648290
ZYCUS,VEERMATA JIJABAI TECHNOLOGICAL INSTITUTE,MUMBAI,2017,16955
ACCENTURE,BHARATI VIDYAPEETH COLLEGE OF ENGINEERING,PUNE,2017,294679
BOOKMYSHOW,ARMY INSTITUTE OF TECHNOLOGY,PUNE,2014,365123
DIRECTI,PUNE INSTITUTE OF COMPUTER TECHNOLOGY,PUNE,2017,1696037
IBM,DWARKADAS J. SANGHVI COLLEGE OF ENGINEERING,MUMBAI,2014,441225
ACCENTURE,VISHWAKARMA INSTITUTE OF TECHNOLOGY,PUNE,2015,300390
ECLERX,PUNE INSTITUTE OF COMPUTER TECHNOLOGY,PUNE,2016,44679
MORGAN STANLEY,"TRINITY COLLEGE OF ENGINEERING AND RESEARCH,PUNE",PUNE,2017,505716
MORGAN STANLEY,ALAMURI RATNAMALA INSTITUTE OF ENGINEERING & TECHNOLOGY,THANE,2017,513552
TECH MAHINDRA,PILLAI HOC COLLEGE OF ENGINEERING AND TECHNOLOGY,NAVI MUMBAI,2018,29866
ATIDAN,MIT COLLEGE OF ENGINEERING,PUNE,2016,960307
MPHASIS,ALAMURI RATNAMALA INSTITUTE OF ENGINEERING & TECHNOLOGY,THANE,2015,493062
MEDIA.NET,THADOMAL SHAHANI ENGINEERING COLLEGE,MUMBAI,2018,1385379
ECLERX,DHOLE PATIL COLLEGE OF ENGINEERING PUNE,PUNE,2016,391878
VISA INC.,RAMRAO ADIK INSTITUTE OF TECHNOLOGY,NAVI MUMBAI,2018,1172253
CAPGEMINI,INDIRA COLLEGE OF ENGINEERING AND MANAGEMENT,PUNE,2015,784385
CAPITA,DHOLE PATIL COLLEGE OF ENGINEERING PUNE,PUNE,2017,572562
ZYCUS,BHARATI VIDYAPEETH COLLEGE OF ENGINEERING,PUNE,2016,43001
GEOMETRIC SOFTWARE SOLUTIONS,BHARATI VIDYAPEETH COLLEGE OF ENGINEERING,PUNE,2014,342375
CIMPRESS,PILLAI COLLEGE OF ENGINEERING,NAVI MUMBAI,2018,836966
AMAZON,DWARKADAS J. SANGHVI COLLEGE OF ENGINEERING,MUMBAI,2017,438251
BNP PARIBAS,SMT. INDIRA GANDHI COLLEGE OF ENGINEERING,NAVI MUMBAI,2017,38565
INGRAM MICRO,MIT COLLEGE OF ENGINEERING,PUNE,2018,366607
NVIDIA,SMT. INDIRA GANDHI COLLEGE OF ENGINEERING,NAVI MUMBAI,2016,242641
IGATE,BHARATI VIDYAPEETH COLLEGE OF ENGINEERING,PUNE,2018,30750
GEOMETRIC,INDIRA COLLEGE OF ENGINEERING AND MANAGEMENT,PUNE,2016,452859
WIPRO,"TRINITY COLLEGE OF ENGINEERING AND RESEARCH,PUNE",PUNE,2016,486872
GOOGLE,MIT COLLEGE OF ENGINEERING,PUNE,2018,53484
SYNTROSYS,ARMY INSTITUTE OF TECHNOLOGY,PUNE,2016,12846
GOOGLE,THAKUR COLLEGE OF ENGINEERING AND TECHNOLOGY,MUMBAI,2015,54738
VERIZON,SMT. INDIRA GANDHI COLLEGE OF ENGINEERING,NAVI MUMBAI,2017,554151
QUALITYKIOSK,INDIRA COLLEGE OF ENGINEERING AND MANAGEMENT,PUNE,2017,27385
TATA CONSULTANCY SERVICES,DWARKADAS J. SANGHVI COLLEGE OF ENGINEERING,MUMBAI,2015,363638
CMC,INDIRA COLLEGE OF ENGINEERING AND MANAGEMENT,PUNE,2015,432559
TECH MAHINDRA,XAVIER INSTITUTE OF ENGINEERING,MUMBAI,2018,477970
IBM,PILLAI HOC COLLEGE OF ENGINEERING AND TECHNOLOGY,NAVI MUMBAI,2018,433699
QAD,INDIRA COLLEGE OF ENGINEERING AND MANAGEMENT,PUNE,2017,753676
XORIANT,PILLAI HOC COLLEGE OF ENGINEERING AND TECHNOLOGY,NAVI MUMBAI,2015,667461
KPIT TECHNOLOGIES,ARMY INSTITUTE OF TECHNOLOGY,PUNE,2018,797402
TCS,DWARKADAS J. SANGHVI COLLEGE OF ENGINEERING,MUMBAI,2015,363988
BOOKMYSHOW,"DR. D. Y. PATIL VIDYAPEETH, PUNE",PUNE,2018,363632
AXIS BANK,VISHWAKARMA INSTITUTE OF TECHNOLOGY,PUNE,2015,598125
LIONBRIDGE,MIT COLLEGE OF ENGINEERING,PUNE,2016,43170
TATA,RAMRAO ADIK INSTITUTE OF TECHNOLOGY,NAVI MUMBAI,2015,94779
AMAZON,RAMRAO ADIK INSTITUTE OF TECHNOLOGY,NAVI MUMBAI,2017,20423
GE,VISHWAKARMA INSTITUTE OF TECHNOLOGY,PUNE,2018,728904
IBM,THADOMAL SHAHANI ENGINEERING COLLEGE,MUMBAI,2018,441489
NSEIT,RAMRAO ADIK INSTITUTE OF TECHNOLOGY,NAVI MUMBAI,2015,58857
ENDURANCE INTERNATIONAL GROUP,THADOMAL SHAHANI ENGINEERING COLLEGE,MUMBAI,2017,764837
DELOITTE,PUNE INSTITUTE OF COMPUTER TECHNOLOGY,PUNE,2015,322127
VISA INC.,DWARKADAS J. SANGHVI COLLEGE OF ENGINEERING,MUMBAI,2015,1176245
IDBI INTECH,"DR. D. Y. PATIL VIDYAPEETH, PUNE",PUNE,2018,547689
MILES SOFTWARE,LOKMANYA TILAK COLLEGE OF ENGINEERING,NAVI MUMBAI,2015,344061
THIRDWARE SOLUTION,LOKMANYA TILAK COLLEGE OF ENGINEERING,NAVI MUMBAI,2016,498506
BANK OF AMERICA,MIT COLLEGE OF ENGINEERING,PUNE,2016,789959
NSEIT,THADOMAL SHAHANI ENGINEERING COLLEGE,MUMBAI,2018,51106
QUINNOX,THAKUR COLLEGE OF ENGINEERING AND TECHNOLOGY,MUMBAI,2015,810458
TCS,PUNE INSTITUTE OF COMPUTER TECHNOLOGY,PUNE,2015,42222
TCS,ARMY INSTITUTE OF TECHNOLOGY,PUNE,2015,41812
MAJESCO,XAVIER INSTITUTE OF ENGINEERING,MUMBAI,2016,473267
ECLINICALWORKS,PILLAI COLLEGE OF ENGINEERING,NAVI MUMBAI,2014,610567
CREDIT SUISSE,DWARKADAS J. SANGHVI COLLEGE OF ENGINEERING,MUMBAI,2014,297207
SYMANTEC,SMT. INDIRA GANDHI COLLEGE OF ENGINEERING,NAVI MUMBAI,2017,1774752
LIONBRIDGE,ALAMURI RATNAMALA INSTITUTE OF ENGINEERING & TECHNOLOGY,THANE,2014,43619
CAPGEMINI,XAVIER INSTITUTE OF ENGINEERING,MUMBAI,2018,793764
MPHASIS,INDIRA COLLEGE OF ENGINEERING AND MANAGEMENT,PUNE,2016,726983
GOOGLE,VEERMATA JIJABAI TECHNOLOGICAL INSTITUTE,MUMBAI,2018,52398
SIEMENS,DWARKADAS J. SANGHVI COLLEGE OF ENGINEERING,MUMBAI,2014,485769
RAVE TECHNOLOGIES,"TRINITY COLLEGE OF ENGINEERING AND RESEARCH,PUNE",PUNE,2017,647491
GEOMETRIC,LOKMANYA TILAK COLLEGE OF ENGINEERING,NAVI MUMBAI,2018,443055
MICROSOFT,COLLEGE OF ENGINEERING PUNE,PUNE,2016,1163302
BHARAT PETROLEUM,VISHWAKARMA INSTITUTE OF TECHNOLOGY,PUNE,2016,380279
MAJESCO,PUNE INSTITUTE OF COMPUTER TECHNOLOGY,PUNE,2016,477966
AMDOCS,"DR. D. Y. PATIL VIDYAPEETH, PUNE",PUNE,2015,777158
CREDIT SUISSE,COLLEGE OF ENGINEERING PUNE,PUNE,2017,969968
TCS,PUNE INSTITUTE OF COMPUTER TECHNOLOGY,PUNE,2017,41812
MU SIGMA,DHOLE PATIL COLLEGE OF ENGINEERING PUNE,PUNE,2014,342440
CREDIT SUISSE,MIT COLLEGE OF ENGINEERING,PUNE,2018,957887
SYMANTEC,VEERMATA JIJABAI TECHNOLOGICAL INSTITUTE,MUMBAI,2014,1843820
MIRRAW,THADOMAL SHAHANI ENGINEERING COLLEGE,MUMBAI,2018,439440
LIONBRIDGE,K. J. SOMAIYA COLLEGE OF ENGINEERING,MUMBAI,2016,43045
SIEMENS,PUNE INSTITUTE OF COMPUTER TECHNOLOGY,PUNE,2014,494425
TCS,MIT COLLEGE OF ENGINEERING,PUNE,2016,42490
HEWLETT-PACKARD,"SHREE RAMCHANDRA COLLEGE OF ENGINEERING,PUNE",PUNE,2017,1134767
SAP,THAKUR COLLEGE OF ENGINEERING AND TECHNOLOGY,MUMBAI,2018,799479
ZYCUS,DWARKADAS J. SANGHVI COLLEGE OF ENGINEERING,MUMBAI,2018,17069
GEOMETRIC,THADOMAL SHAHANI ENGINEERING COLLEGE,MUMBAI,2018,434191
NEWGEN SOFTWARE,SMT. INDIRA GANDHI COLLEGE OF ENGINEERING,NAVI MUMBAI,2017,442850
SIEMENS,RAMRAO ADIK INSTITUTE OF TECHNOLOGY,NAVI MUMBAI,2017,482579
TATA,DWARKADAS J. SANGHVI COLLEGE OF ENGINEERING,MUMBAI,2014,98492
ORACLE,COLLEGE OF ENGINEERING PUNE,PUNE,2018,772358
ORACLE,PUNE INSTITUTE OF COMPUTER TECHNOLOGY,PUNE,2016,765952
SABA SOFTWARE,"SHREE RAMCHANDRA COLLEGE OF ENGINEERING,PUNE",PUNE,2017,712471
CAPITA,INDIRA COLLEGE OF ENGINEERING AND MANAGEMENT,PUNE,2016,575519
ATOS,DWARKADAS J. SANGHVI COLLEGE OF ENGINEERING,MUMBAI,2018,25600
GE,SMT. INDIRA GANDHI COLLEGE OF ENGINEERING,NAVI MUMBAI,2016,710434
CAPGEMINI,SMT. INDIRA GANDHI COLLEGE OF ENGINEERING,NAVI MUMBAI,2018,390727
IDBI INTECH,DWARKADAS J. SANGHVI COLLEGE OF ENGINEERING,MUMBAI,2017,384668
GE,"SHREE RAMCHANDRA COLLEGE OF ENGINEERING,PUNE",PUNE,2016,717965
HDFC,SMT. INDIRA GANDHI COLLEGE OF ENGINEERING,NAVI MUMBAI,2018,519792
BOOKMYSHOW,MIT COLLEGE OF ENGINEERING,PUNE,2015,362149
SAP,LOKMANYA TILAK COLLEGE OF ENGINEERING,NAVI MUMBAI,2015,57416
QUINNOX,"TRINITY COLLEGE OF ENGINEERING AND RESEARCH,PUNE",PUNE,2015,444973
VERIZON,DWARKADAS J. SANGHVI COLLEGE OF ENGINEERING,MUMBAI,2014,555954
NUCSOFT,"TRINITY COLLEGE OF ENGINEERING AND RESEARCH,PUNE",PUNE,2017,223073
MINDTREE,ARMY INSTITUTE OF TECHNOLOGY,PUNE,2016,18171
CAPITA,K. J. SOMAIYA COLLEGE OF ENGINEERING,MUMBAI,2015,582088
WIPRO,THADOMAL SHAHANI ENGINEERING COLLEGE,MUMBAI,2018,472931
SABA SOFTWARE,"TRINITY COLLEGE OF ENGINEERING AND RESEARCH,PUNE",PUNE,2018,688118
VPHRASE,PILLAI HOC COLLEGE OF ENGINEERING AND TECHNOLOGY,NAVI MUMBAI,2018,419509
AMAZON,VEERMATA JIJABAI TECHNOLOGICAL INSTITUTE,MUMBAI,2015,20530
ADOBE,INDIRA COLLEGE OF ENGINEERING AND MANAGEMENT,PUNE,2016,1143945
SCHNEIDER ELECTRIC,VISHWAKARMA INSTITUTE OF TECHNOLOGY,PUNE,2018,109643
RAJA SOFTWARE LABS,PUNE INSTITUTE OF COMPUTER TECHNOLOGY,PUNE,2018,443321
CYBAGE SOFTWARE,VISHWAKARMA INSTITUTE OF TECHNOLOGY,PUNE,2014,613594
ADOBE,LOKMANYA TILAK COLLEGE OF ENGINEERING,NAVI MUMBAI,2014,110369
IBM,XAVIER INSTITUTE OF ENGINEERING,MUMBAI,2017,384240
ACCENTURE,LOKMANYA TILAK COLLEGE OF ENGINEERING,NAVI MUMBAI,2017,651197
MAQ SOFTWARE,PUNE INSTITUTE OF COMPUTER TECHNOLOGY,PUNE,2018,1682778
WEATHERFORD,MIT COLLEGE OF ENGINEERING,PUNE,2018,508278
GENPACT,COLLEGE OF ENGINEERING PUNE,PUNE,2017,625956
IBM,PUNE INSTITUTE OF COMPUTER TECHNOLOGY,PUNE,2018,441092
DIRECTI,XAVIER INSTITUTE OF ENGINEERING,MUMBAI,2016,1613190
XL DYNAMICS,ALAMURI RATNAMALA INSTITUTE OF ENGINEERING & TECHNOLOGY,THANE,2018,686718
LARSEN & TOUBRO,PILLAI COLLEGE OF ENGINEERING,NAVI MUMBAI,2016,1720626
NUCSOFT,COLLEGE OF ENGINEERING PUNE,PUNE,2015,219341
NEOSOFT TECHNOLOGIES,DWARKADAS J. SANGHVI COLLEGE OF ENGINEERING,MUMBAI,2018,478156
MPHASIS,BHARATI VIDYAPEETH COLLEGE OF ENGINEERING,PUNE,2017,482653
INFOSYS,THADOMAL SHAHANI ENGINEERING COLLEGE,MUMBAI,2018,471175
ECLERX,ARMY INSTITUTE OF TECHNOLOGY,PUNE,2017,46172
MPHASIS,RAMRAO ADIK INSTITUTE OF TECHNOLOGY,NAVI MUMBAI,2017,482773
TCS,VEERMATA JIJABAI TECHNOLOGICAL INSTITUTE,MUMBAI,2018,357085
GOOGLE,PILLAI COLLEGE OF ENGINEERING,NAVI MUMBAI,2018,53484
ORACLE,THAKUR COLLEGE OF ENGINEERING AND TECHNOLOGY,MUMBAI,2018,753646
CALSOFT,PILLAI HOC COLLEGE OF ENGINEERING AND TECHNOLOGY,NAVI MUMBAI,2015,16715
CMS IT SERVICES,"SHREE RAMCHANDRA COLLEGE OF ENGINEERING,PUNE",PUNE,2018,444286
NUCSOFT,THAKUR COLLEGE OF ENGINEERING AND TECHNOLOGY,MUMBAI,2018,225385
GE,DHOLE PATIL COLLEGE OF ENGINEERING PUNE,PUNE,2015,699451
MEDIA.NET,VISHWAKARMA INSTITUTE OF TECHNOLOGY,PUNE,2017,1351052
ATOS,THADOMAL SHAHANI ENGINEERING COLLEGE,MUMBAI,2016,718254
JOHNSON CONTROLS,PILLAI HOC COLLEGE OF ENGINEERING AND TECHNOLOGY,NAVI MUMBAI,2018,800782
GEOMETRIC SOFTWARE SOLUTIONS,RAMRAO ADIK INSTITUTE OF TECHNOLOGY,NAVI MUMBAI,2017,352200
ACCENTURE,PILLAI COLLEGE OF ENGINEERING,NAVI MUMBAI,2015,669811
MASTEK,SMT. INDIRA GANDHI COLLEGE OF ENGINEERING,NAVI MUMBAI,2018,38791
DELOITTE,RAMRAO ADIK INSTITUTE OF TECHNOLOGY,NAVI MUMBAI,2015,724633
ECLERX,BHARATI VIDYAPEETH COLLEGE OF ENGINEERING,PUNE,2014,44481
GEOMETRIC,MIT COLLEGE OF ENGINEERING,PUNE,2018,443055
INFOGAIN,LOKMANYA TILAK COLLEGE OF ENGINEERING,NAVI MUMBAI,2017,227411
GEOMETRIC,SMT. INDIRA GANDHI COLLEGE OF ENGINEERING,NAVI MUMBAI,2015,432118
WISDMLABS,VISHWAKARMA INSTITUTE OF TECHNOLOGY,PUNE,2016,1739904
WNS,THADOMAL SHAHANI ENGINEERING COLLEGE,MUMBAI,2018,482198
NSEIT,DWARKADAS J. SANGHVI COLLEGE OF ENGINEERING,MUMBAI,2016,49921
ACCENTURE,PILLAI HOC COLLEGE OF ENGINEERING AND TECHNOLOGY,NAVI MUMBAI,2016,672159
MAJESCO,RAMRAO ADIK INSTITUTE OF TECHNOLOGY,NAVI MUMBAI,2017,485992
CMC,"TRINITY COLLEGE OF ENGINEERING AND RESEARCH,PUNE",PUNE,2018,426923
ECLERX,RAMRAO ADIK INSTITUTE OF TECHNOLOGY,NAVI MUMBAI,2015,45938
INFOGAIN,MIT COLLEGE OF ENGINEERING,PUNE,2015,418753
PC TECHNOLOGY,ALAMURI RATNAMALA INSTITUTE OF ENGINEERING & TECHNOLOGY,THANE,2016,792989
VISA INC.,PILLAI HOC COLLEGE OF ENGINEERING AND TECHNOLOGY,NAVI MUMBAI,2014,1181274
YAHOO,XAVIER INSTITUTE OF ENGINEERING,MUMBAI,2018,376823
NEOSOFT,SMT. INDIRA GANDHI COLLEGE OF ENGINEERING,NAVI MUMBAI,2018,503865
CREDIT SUISSE,THADOMAL SHAHANI ENGINEERING COLLEGE,MUMBAI,2018,299512
RAJA SOFTWARE LABS,K. J. SOMAIYA COLLEGE OF ENGINEERING,MUMBAI,2017,443321
CMS IT SERVICES,DWARKADAS J. SANGHVI COLLEGE OF ENGINEERING,MUMBAI,2018,440429
JOHNSON CONTROLS,SMT. INDIRA GANDHI COLLEGE OF ENGINEERING,NAVI MUMBAI,2018,792989
IBM,DWARKADAS J. SANGHVI COLLEGE OF ENGINEERING,MUMBAI,2014,379712
ATIDAN,RAMRAO ADIK INSTITUTE OF TECHNOLOGY,NAVI MUMBAI,2017,791821
ENDURANCE INTERNATIONAL GROUP,MIT COLLEGE OF ENGINEERING,PUNE,2018,783371
LIONBRIDGE,"SHREE RAMCHANDRA COLLEGE OF ENGINEERING,PUNE",PUNE,2014,42731
GOOGLE,MIT COLLEGE OF ENGINEERING,PUNE,2015,53025
MASTEK,PUNE INSTITUTE OF COMPUTER TECHNOLOGY,PUNE,2018,39712
NEWGEN SOFTWARE,DWARKADAS J. SANGHVI COLLEGE OF ENGINEERING,MUMBAI,2015,722316
ADOBE,"SHREE RAMCHANDRA COLLEGE OF ENGINEERING,PUNE",PUNE,2018,1176245
SYMANTEC,PUNE INSTITUTE OF COMPUTER TECHNOLOGY,PUNE,2015,1812692
NEOSOFT,PUNE INSTITUTE OF COMPUTER TECHNOLOGY,PUNE,2016,499967
TATA,SMT. INDIRA GANDHI COLLEGE OF ENGINEERING,NAVI MUMBAI,2016,95866
ORACLE,DWARKADAS J. SANGHVI COLLEGE OF ENGINEERING,MUMBAI,2017,499577
CRMNEXT,"DR. D. Y. PATIL VIDYAPEETH, PUNE",PUNE,2014,25533
MIRRAW,BHARATI VIDYAPEETH COLLEGE OF ENGINEERING,PUNE,2014,440748
DIRECTI,ARMY INSTITUTE OF TECHNOLOGY,PUNE,2015,1610239
INDUS VALLEY PARTNERS,ALAMURI RATNAMALA INSTITUTE OF ENGINEERING & TECHNOLOGY,THANE,2014,29768
CAPITA,BHARATI VIDYAPEETH COLLEGE OF ENGINEERING,PUNE,2014,587548
RAVE TECHNOLOGIES,"TRINITY COLLEGE OF ENGINEERING AND RESEARCH,PUNE",PUNE,2017,425427
NUCSOFT,VISHWAKARMA INSTITUTE OF TECHNOLOGY,PUNE,2017,29907
CAPGEMINI,XAVIER INSTITUTE OF ENGINEERING,MUMBAI,2017,804448
TECH MAHINDRA,ARMY INSTITUTE OF TECHNOLOGY,PUNE,2014,475828
VPHRASE,THAKUR COLLEGE OF ENGINEERING AND TECHNOLOGY,MUMBAI,2016,397543
TCS,BHARATI VIDYAPEETH COLLEGE OF ENGINEERING,PUNE,2016,369163
TATA CONSULTANCY SERVICES,PUNE INSTITUTE OF COMPUTER TECHNOLOGY,PUNE,2017,746117
SAINT-GOBAIN,PILLAI COLLEGE OF ENGINEERING,NAVI MUMBAI,2018,739950
INFOGAIN,THAKUR COLLEGE OF ENGINEERING AND TECHNOLOGY,MUMBAI,2018,225812
NVIDIA,MIT COLLEGE OF ENGINEERING,PUNE,2015,22327
TIBCO SOFTWARE,LOKMANYA TILAK COLLEGE OF ENGINEERING,NAVI MUMBAI,2017,1235016
NVIDIA,COLLEGE OF ENGINEERING PUNE,PUNE,2017,255757
QUANTIPHI,K. J. SOMAIYA COLLEGE OF ENGINEERING,MUMBAI,2018,30914
MASTEK,XAVIER INSTITUTE OF ENGINEERING,MUMBAI,2017,39733
AXIS BANK,PILLAI HOC COLLEGE OF ENGINEERING AND TECHNOLOGY,NAVI MUMBAI,2015,11543
MASTEK,PILLAI HOC COLLEGE OF ENGINEERING AND TECHNOLOGY,NAVI MUMBAI,2018,305980
GEOMETRIC SOFTWARE SOLUTIONS,DWARKADAS J. SANGHVI COLLEGE OF ENGINEERING,MUMBAI,2017,352913
CAPGEMINI,K. J. SOMAIYA COLLEGE OF ENGINEERING,MUMBAI,2015,382417
GOOGLE,INDIRA COLLEGE OF ENGINEERING AND MANAGEMENT,PUNE,2018,43852
MORGAN STANLEY,XAVIER INSTITUTE OF ENGINEERING,MUMBAI,2018,502061
HCL TECHNOLOGIES,ALAMURI RATNAMALA INSTITUTE OF ENGINEERING & TECHNOLOGY,THANE,2015,888574
MU SIGMA,THADOMAL SHAHANI ENGINEERING COLLEGE,MUMBAI,2014,339204
QUINNOX,PUNE INSTITUTE OF COMPUTER TECHNOLOGY,PUNE,2014,457990
WISDMLABS,PILLAI HOC COLLEGE OF ENGINEERING AND TECHNOLOGY,NAVI MUMBAI,2018,458372
IBM,RAMRAO ADIK INSTITUTE OF TECHNOLOGY,NAVI MUMBAI,2018,432218
CREDIT SUISSE,DWARKADAS J. SANGHVI COLLEGE OF ENGINEERING,MUMBAI,2018,302813
WNS,COLLEGE OF ENGINEERING PUNE,PUNE,2014,416658
ECLINICALWORKS,COLLEGE OF ENGINEERING PUNE,PUNE,2015,592505
MILES SOFTWARE,LOKMANYA TILAK COLLEGE OF ENGINEERING,NAVI MUMBAI,2017,336492
MEDIA.NET,INDIRA COLLEGE OF ENGINEERING AND MANAGEMENT,PUNE,2018,561304
TECH MAHINDRA,XAVIER INSTITUTE OF ENGINEERING,MUMBAI,2015,480804
IBM INDIA,ALAMURI RATNAMALA INSTITUTE OF ENGINEERING & TECHNOLOGY,THANE,2016,559532
MAQ SOFTWARE,VEERMATA JIJABAI TECHNOLOGICAL INSTITUTE,MUMBAI,2015,778366
MIRRAW,THAKUR COLLEGE OF ENGINEERING AND TECHNOLOGY,MUMBAI,2018,31346
SYNTROSYS,ALAMURI RATNAMALA INSTITUTE OF ENGINEERING & TECHNOLOGY,THANE,2014,930329
TECH MAHINDRA,PUNE INSTITUTE OF COMPUTER TECHNOLOGY,PUNE,2014,29981
WIPRO,"DR. D. Y. PATIL VIDYAPEETH, PUNE",PUNE,2018,492023
INFORMATICA,RAMRAO ADIK INSTITUTE OF TECHNOLOGY,NAVI MUMBAI,2018,382233
MICROSOFT,LOKMANYA TILAK COLLEGE OF ENGINEERING,NAVI MUMBAI,2016,1204986
ACCENTURE,SMT. INDIRA GANDHI COLLEGE OF ENGINEERING,NAVI MUMBAI,2017,304302
MASTEK,PILLAI HOC COLLEGE OF ENGINEERING AND TECHNOLOGY,NAVI MUMBAI,2015,37813
DELOITTE,INDIRA COLLEGE OF ENGINEERING AND MANAGEMENT,PUNE,2014,763238
NSEIT,PILLAI COLLEGE OF ENGINEERING,NAVI MUMBAI,2015,50776
MU SIGMA,THADOMAL SHAHANI ENGINEERING COLLEGE,MUMBAI,2014,333896
DIRECTI,DWARKADAS J. SANGHVI COLLEGE OF ENGINEERING,MUMBAI,2015,1610650
TCS,PILLAI HOC COLLEGE OF ENGINEERING AND TECHNOLOGY,NAVI MUMBAI,2016,356899
GE,"SHREE RAMCHANDRA COLLEGE OF ENGINEERING,PUNE",PUNE,2017,532236
MICROSOFT,LOKMANYA TILAK COLLEGE OF ENGINEERING,NAVI MUMBAI,2017,1151990
BOOKMYSHOW,COLLEGE OF ENGINEERING PUNE,PUNE,2014,353761
ECLERX,DWARKADAS J. SANGHVI COLLEGE OF ENGINEERING,MUMBAI,2018,395431
NEOSOFT TECHNOLOGIES,DWARKADAS J. SANGHVI COLLEGE OF ENGINEERING,MUMBAI,2014,470799
TECH MAHINDRA,DWARKADAS J. SANGHVI COLLEGE OF ENGINEERING,MUMBAI,2017,30395
GEP,"TRINITY COLLEGE OF ENGINEERING AND RESEARCH,PUNE",PUNE,2015,756866
YAHOO,COLLEGE OF ENGINEERING PUNE,PUNE,2018,376823
TOPPR.COM,PILLAI HOC COLLEGE OF ENGINEERING AND TECHNOLOGY,NAVI MUMBAI,2018,1019266
LIONBRIDGE,THADOMAL SHAHANI ENGINEERING COLLEGE,MUMBAI,2016,44183
QAD,ARMY INSTITUTE OF TECHNOLOGY,PUNE,2015,720391
TIBCO SOFTWARE,PILLAI HOC COLLEGE OF ENGINEERING AND TECHNOLOGY,NAVI MUMBAI,2014,600694
LARSEN & TOUBRO,"SHREE RAMCHANDRA COLLEGE OF ENGINEERING,PUNE",PUNE,2015,1712598
MAJESCO,"TRINITY COLLEGE OF ENGINEERING AND RESEARCH,PUNE",PUNE,2017,474143
ECLERX,SMT. INDIRA GANDHI COLLEGE OF ENGINEERING,NAVI MUMBAI,2018,395431
UGAM,K. J. SOMAIYA COLLEGE OF ENGINEERING,MUMBAI,2015,547378
JOHNSON CONTROLS,XAVIER INSTITUTE OF ENGINEERING,MUMBAI,2016,790987
INFOGAIN,THAKUR COLLEGE OF ENGINEERING AND TECHNOLOGY,MUMBAI,2016,411631
AMDOCS,XAVIER INSTITUTE OF ENGINEERING,MUMBAI,2014,771953
IGATE,VISHWAKARMA INSTITUTE OF TECHNOLOGY,PUNE,2018,29996
JOHNSON CONTROLS,DWARKADAS J. SANGHVI COLLEGE OF ENGINEERING,MUMBAI,2017,1001743
IDBI INTECH,XAVIER INSTITUTE OF ENGINEERING,MUMBAI,2015,541395
IGATE,DHOLE PATIL COLLEGE OF ENGINEERING PUNE,PUNE,2015,30595
GEP,VISHWAKARMA INSTITUTE OF TECHNOLOGY,PUNE,2014,756263
HCL TECHNOLOGIES,LOKMANYA TILAK COLLEGE OF ENGINEERING,NAVI MUMBAI,2016,901680
BANK OF AMERICA,PILLAI HOC COLLEGE OF ENGINEERING AND TECHNOLOGY,NAVI MUMBAI,2017,809794
DIRECTI,PUNE INSTITUTE OF COMPUTER TECHNOLOGY,PUNE,2014,1687188
IGATE,ALAMURI RATNAMALA INSTITUTE OF ENGINEERING & TECHNOLOGY,THANE,2018,29996
UGAM,MIT COLLEGE OF ENGINEERING,PUNE,2018,535465
SAP,INDIRA COLLEGE OF ENGINEERING AND MANAGEMENT,PUNE,2014,818321
CMS IT SERVICES,ARMY INSTITUTE OF TECHNOLOGY,PUNE,2018,444286
HEWLETT-PACKARD,INDIRA COLLEGE OF ENGINEERING AND MANAGEMENT,PUNE,2017,56611
TATA CONSULTANCY SERVICES,ARMY INSTITUTE OF TECHNOLOGY,PUNE,2016,732001
NVIDIA,VISHWAKARMA INSTITUTE OF TECHNOLOGY,PUNE,2015,22327
MPHASIS,MIT COLLEGE OF ENGINEERING,PUNE,2015,723661
CMS IT SERVICES,K. J. SOMAIYA COLLEGE OF ENGINEERING,MUMBAI,2015,451386
GEOMETRIC,DHOLE PATIL COLLEGE OF ENGINEERING PUNE,PUNE,2014,440882
JIO,THADOMAL SHAHANI ENGINEERING COLLEGE,MUMBAI,2014,750096
HEXAWARE TECHNOLOGIES,ALAMURI RATNAMALA INSTITUTE OF ENGINEERING & TECHNOLOGY,THANE,2015,30897
MINDTREE,BHARATI VIDYAPEETH COLLEGE OF ENGINEERING,PUNE,2016,17268
XORIANT,DWARKADAS J. SANGHVI COLLEGE OF ENGINEERING,MUMBAI,2015,456317
INDUS VALLEY PARTNERS,PUNE INSTITUTE OF COMPUTER TECHNOLOGY,PUNE,2016,809366
RUBIQUE,COLLEGE OF ENGINEERING PUNE,PUNE,2017,981597
QUANTIPHI,DWARKADAS J. SANGHVI COLLEGE OF ENGINEERING,MUMBAI,2018,892379
CAPGEMINI,PUNE INSTITUTE OF COMPUTER TECHNOLOGY,PUNE,2018,793764
TOPPR.COM,ALAMURI RATNAMALA INSTITUTE OF ENGINEERING & TECHNOLOGY,THANE,2018,1001186
CIMPRESS,SMT. INDIRA GANDHI COLLEGE OF ENGINEERING,NAVI MUMBAI,2015,874266
ENDURANCE INTERNATIONAL GROUP,K. J. SOMAIYA COLLEGE OF ENGINEERING,MUMBAI,2018,771234
ATOS,XAVIER INSTITUTE OF ENGINEERING,MUMBAI,2017,699551
BNP PARIBAS,MIT COLLEGE OF ENGINEERING,PUNE,2015,39370
PROTEGRITY,BHARATI VIDYAPEETH COLLEGE OF ENGINEERING,PUNE,2017,53448
GEOMETRIC,INDIRA COLLEGE OF ENGINEERING AND MANAGEMENT,PUNE,2017,446425
IBM,DWARKADAS J. SANGHVI COLLEGE OF ENGINEERING,MUMBAI,2016,380265
CALSOFT,THAKUR COLLEGE OF ENGINEERING AND TECHNOLOGY,MUMBAI,2016,17065
SAP,LOKMANYA TILAK COLLEGE OF ENGINEERING,NAVI MUMBAI,2018,59282
TCS,THADOMAL SHAHANI ENGINEERING COLLEGE,MUMBAI,2017,358606
SYNTROSYS,PILLAI HOC COLLEGE OF ENGINEERING AND TECHNOLOGY,NAVI MUMBAI,2014,13044
NEWGEN SOFTWARE,ARMY INSTITUTE OF TECHNOLOGY,PUNE,2018,429990
SYNTROSYS,BHARATI VIDYAPEETH COLLEGE OF ENGINEERING,PUNE,2018,935077
IBM,"TRINITY COLLEGE OF ENGINEERING AND RESEARCH,PUNE",PUNE,2016,384317
IDBI INTECH,MIT COLLEGE OF ENGINEERING,PUNE,2018,548628
BANK OF AMERICA,PILLAI COLLEGE OF ENGINEERING,NAVI MUMBAI,2014,895493
INDUS VALLEY PARTNERS,K. J. SOMAIYA COLLEGE OF ENGINEERING,MUMBAI,2018,788735
QAD,THADOMAL SHAHANI ENGINEERING COLLEGE,MUMBAI,2014,733638
KPIT TECHNOLOGIES,THAKUR COLLEGE OF ENGINEERING AND TECHNOLOGY,MUMBAI,2015,798405
TOPPR.COM,ALAMURI RATNAMALA INSTITUTE OF ENGINEERING & TECHNOLOGY,THANE,2018,386013
QUANTIPHI,THAKUR COLLEGE OF ENGINEERING AND TECHNOLOGY,MUMBAI,2018,31212
CAPITA,PILLAI COLLEGE OF ENGINEERING,NAVI MUMBAI,2015,571380
YAHOO,PUNE INSTITUTE OF COMPUTER TECHNOLOGY,PUNE,2018,376823
SCHNEIDER ELECTRIC,"TRINITY COLLEGE OF ENGINEERING AND RESEARCH,PUNE",PUNE,2016,442097
CAPGEMINI,ARMY INSTITUTE OF TECHNOLOGY,PUNE,2014,810622
CAPGEMINI,"TRINITY COLLEGE OF ENGINEERING AND RESEARCH,PUNE",PUNE,2018,390727
SIEMENS,PUNE INSTITUTE OF COMPUTER TECHNOLOGY,PUNE,2016,502383
CIMPRESS,VEERMATA JIJABAI TECHNOLOGICAL INSTITUTE,MUMBAI,2014,863414
IDBI INTECH,PILLAI COLLEGE OF ENGINEERING,NAVI MUMBAI,2016,383382
INFOSYS,ARMY INSTITUTE OF TECHNOLOGY,PUNE,2018,471942
DELOITTE,XAVIER INSTITUTE OF ENGINEERING,MUMBAI,2014,741821
CMS IT SERVICES,SMT. INDIRA GANDHI COLLEGE OF ENGINEERING,NAVI MUMBAI,2014,434879
SCHNEIDER ELECTRIC,DWARKADAS J. SANGHVI COLLEGE OF ENGINEERING,MUMBAI,2018,443321
MIRRAW,PUNE INSTITUTE OF COMPUTER TECHNOLOGY,PUNE,2015,443957
DELOITTE,VEERMATA JIJABAI TECHNOLOGICAL INSTITUTE,MUMBAI,2014,756605
GE,DWARKADAS J. SANGHVI COLLEGE OF ENGINEERING,MUMBAI,2017,526925
IBM INDIA,XAVIER INSTITUTE OF ENGINEERING,MUMBAI,2017,566421
KPIT TECHNOLOGIES,DWARKADAS J. SANGHVI COLLEGE OF ENGINEERING,MUMBAI,2017,809925
CREDIT SUISSE,DWARKADAS J. SANGHVI COLLEGE OF ENGINEERING,MUMBAI,2016,291431
PROTEGRITY,ALAMURI RATNAMALA INSTITUTE OF ENGINEERING & TECHNOLOGY,THANE,2018,53304
IDBI INTECH,VISHWAKARMA INSTITUTE OF TECHNOLOGY,PUNE,2016,373247
ATOS,SMT. INDIRA GANDHI COLLEGE OF ENGINEERING,NAVI MUMBAI,2017,25379
INFOSYS,ALAMURI RATNAMALA INSTITUTE OF ENGINEERING & TECHNOLOGY,THANE,2018,481698
MILES SOFTWARE,ARMY INSTITUTE OF TECHNOLOGY,PUNE,2015,638150
ACCENTURE,RAMRAO ADIK INSTITUTE OF TECHNOLOGY,NAVI MUMBAI,2014,659724
TATA,PILLAI HOC COLLEGE OF ENGINEERING AND TECHNOLOGY,NAVI MUMBAI,2014,96948
INDUS VALLEY PARTNERS,PUNE INSTITUTE OF COMPUTER TECHNOLOGY,PUNE,2017,800303
TCS,ALAMURI RATNAMALA INSTITUTE OF ENGINEERING & TECHNOLOGY,THANE,2017,41570
DELOITTE,RAMRAO ADIK INSTITUTE OF TECHNOLOGY,NAVI MUMBAI,2014,727935
ZENSAR TECHNOLOGIES,THADOMAL SHAHANI ENGINEERING COLLEGE,MUMBAI,2015,1112639
CALSOFT,DWARKADAS J. SANGHVI COLLEGE OF ENGINEERING,MUMBAI,2018,16313
DELOITTE,DWARKADAS J. SANGHVI COLLEGE OF ENGINEERING,MUMBAI,2016,759290
HCL TECHNOLOGIES,VISHWAKARMA INSTITUTE OF TECHNOLOGY,PUNE,2017,928276
VPHRASE,K. J. SOMAIYA COLLEGE OF ENGINEERING,MUMBAI,2018,409027
RAJA SOFTWARE LABS,"DR. D. Y. PATIL VIDYAPEETH, PUNE",PUNE,2018,430756
WISDMLABS,INDIRA COLLEGE OF ENGINEERING AND MANAGEMENT,PUNE,2018,1724538
GEOMETRIC,LOKMANYA TILAK COLLEGE OF ENGINEERING,NAVI MUMBAI,2017,441416
SIEMENS,DWARKADAS J. SANGHVI COLLEGE OF ENGINEERING,MUMBAI,2017,495501
ORIENT TECHNOLOGIES,PUNE INSTITUTE OF COMPUTER TECHNOLOGY,PUNE,2018,26463
NETWORK 18,SMT. INDIRA GANDHI COLLEGE OF ENGINEERING,NAVI MUMBAI,2015,433788
GE,DHOLE PATIL COLLEGE OF ENGINEERING PUNE,PUNE,2014,522810
DIRECTI,VEERMATA JIJABAI TECHNOLOGICAL INSTITUTE,MUMBAI,2018,1643601
GEOMETRIC,DWARKADAS J. SANGHVI COLLEGE OF ENGINEERING,MUMBAI,2014,436286
MIRRAW,BHARATI VIDYAPEETH COLLEGE OF ENGINEERING,PUNE,2014,31443
GE,PUNE INSTITUTE OF COMPUTER TECHNOLOGY,PUNE,2017,536051
SIEMENS,"DR. D. Y. PATIL VIDYAPEETH, PUNE",PUNE,2017,497189
CMS IT SERVICES,DWARKADAS J. SANGHVI COLLEGE OF ENGINEERING,MUMBAI,2018,437204
ACCOLITE,PUNE INSTITUTE OF COMPUTER TECHNOLOGY,PUNE,2017,1141263
THIRDWARE SOLUTION,MIT COLLEGE OF ENGINEERING,PUNE,2018,443055
WISDMLABS,DWARKADAS J. SANGHVI COLLEGE OF ENGINEERING,MUMBAI,2018,1768657
INFIBEAM,LOKMANYA TILAK COLLEGE OF ENGINEERING,NAVI MUMBAI,2014,180789
QUINNOX,"SHREE RAMCHANDRA COLLEGE OF ENGINEERING,PUNE",PUNE,2018,458874
ATOS,BHARATI VIDYAPEETH COLLEGE OF ENGINEERING,PUNE,2015,25600
MIRRAW,VEERMATA JIJABAI TECHNOLOGICAL INSTITUTE,MUMBAI,2018,30914
INFOSYS,VEERMATA JIJABAI TECHNOLOGICAL INSTITUTE,MUMBAI,2018,622201
RAVE TECHNOLOGIES,PILLAI HOC COLLEGE OF ENGINEERING AND TECHNOLOGY,NAVI MUMBAI,2018,415614
ATOS,COLLEGE OF ENGINEERING PUNE,PUNE,2014,25113
ARK TECHNOSOLUTIONS,VISHWAKARMA INSTITUTE OF TECHNOLOGY,PUNE,2014,1151248
INDUS VALLEY PARTNERS,MIT COLLEGE OF ENGINEERING,PUNE,2018,29347
WEATHERFORD,SMT. INDIRA GANDHI COLLEGE OF ENGINEERING,NAVI MUMBAI,2016,518266
QUALITYKIOSK,PILLAI HOC COLLEGE OF ENGINEERING AND TECHNOLOGY,NAVI MUMBAI,2014,30134
SYMANTEC,DWARKADAS J. SANGHVI COLLEGE OF ENGINEERING,MUMBAI,2014,1846236
CAPGEMINI,INDIRA COLLEGE OF ENGINEERING AND MANAGEMENT,PUNE,2015,379742
ARK TECHNOSOLUTIONS,XAVIER INSTITUTE OF ENGINEERING,MUMBAI,2014,1141263
MU SIGMA,ARMY INSTITUTE OF TECHNOLOGY,PUNE,2018,343078
INFOGAIN,THADOMAL SHAHANI ENGINEERING COLLEGE,MUMBAI,2015,224015
CROMPTON GREAVES,ALAMURI RATNAMALA INSTITUTE OF ENGINEERING & TECHNOLOGY,THANE,2015,253405
TATA,THADOMAL SHAHANI ENGINEERING COLLEGE,MUMBAI,2017,95866
BNP PARIBAS,ALAMURI RATNAMALA INSTITUTE OF ENGINEERING & TECHNOLOGY,THANE,2015,53484
MILES SOFTWARE,"SHREE RAMCHANDRA COLLEGE OF ENGINEERING,PUNE",PUNE,2014,342936
DIRECTI,COLLEGE OF ENGINEERING PUNE,PUNE,2016,25844
CAPITA,XAVIER INSTITUTE OF ENGINEERING,MUMBAI,2018,577283
AMAZON,ALAMURI RATNAMALA INSTITUTE OF ENGINEERING & TECHNOLOGY,THANE,2018,442378
NVIDIA,VEERMATA JIJABAI TECHNOLOGICAL INSTITUTE,MUMBAI,2014,21662
WEATHERFORD,MIT COLLEGE OF ENGINEERING,PUNE,2018,500405
SCHNEIDER ELECTRIC,BHARATI VIDYAPEETH COLLEGE OF ENGINEERING,PUNE,2018,107250
ATIDAN,DHOLE PATIL COLLEGE OF ENGINEERING PUNE,PUNE,2016,939496
INDUS VALLEY PARTNERS,K. J. SOMAIYA COLLEGE OF ENGINEERING,MUMBAI,2017,30853
ZYCUS,COLLEGE OF ENGINEERING PUNE,PUNE,2018,41812
INFOSYS,THADOMAL SHAHANI ENGINEERING COLLEGE,MUMBAI,2015,476629
INDUS VALLEY PARTNERS,DHOLE PATIL COLLEGE OF ENGINEERING PUNE,PUNE,2015,794181
GEOMETRIC SOFTWARE SOLUTIONS,ALAMURI RATNAMALA INSTITUTE OF ENGINEERING & TECHNOLOGY,THANE,2015,353607
BHARAT PETROLEUM,THAKUR COLLEGE OF ENGINEERING AND TECHNOLOGY,MUMBAI,2014,372391
NSEIT,VEERMATA JIJABAI TECHNOLOGICAL INSTITUTE,MUMBAI,2017,48956
SIEMENS,DWARKADAS J. SANGHVI COLLEGE OF ENGINEERING,MUMBAI,2018,492100
VERIZON,INDIRA COLLEGE OF ENGINEERING AND MANAGEMENT,PUNE,2017,541599
QAD,"DR. D. Y. PATIL VIDYAPEETH, PUNE",PUNE,2017,722415
NVIDIA,COLLEGE OF ENGINEERING PUNE,PUNE,2018,249593
TOPPR.COM,MIT COLLEGE OF ENGINEERING,PUNE,2014,1027424
MU SIGMA,COLLEGE OF ENGINEERING PUNE,PUNE,2014,720022
NVIDIA,ARMY INSTITUTE OF TECHNOLOGY,PUNE,2017,247513
NETWORK 18,VISHWAKARMA INSTITUTE OF TECHNOLOGY,PUNE,2014,443731
BANK OF AMERICA,VEERMATA JIJABAI TECHNOLOGICAL INSTITUTE,MUMBAI,2015,886642
CLOVER INFOTECH,SMT. INDIRA GANDHI COLLEGE OF ENGINEERING,NAVI MUMBAI,2018,368387
ZYCUS,COLLEGE OF ENGINEERING PUNE,PUNE,2017,40826
TOPPR.COM,DHOLE PATIL COLLEGE OF ENGINEERING PUNE,PUNE,2015,386015
BHARAT PETROLEUM,"TRINITY COLLEGE OF ENGINEERING AND RESEARCH,PUNE",PUNE,2014,378352
CAPGEMINI,THADOMAL SHAHANI ENGINEERING COLLEGE,MUMBAI,2014,394749
IGATE,K. J. SOMAIYA COLLEGE OF ENGINEERING,MUMBAI,2017,29911
GEP,"TRINITY COLLEGE OF ENGINEERING AND RESEARCH,PUNE",PUNE,2016,747876
ZENSAR TECHNOLOGIES,PILLAI HOC COLLEGE OF ENGINEERING AND TECHNOLOGY,NAVI MUMBAI,2014,1106036
GEP,K. J. SOMAIYA COLLEGE OF ENGINEERING,MUMBAI,2016,743183
TATA CONSULTANCY SERVICES,PUNE INSTITUTE OF COMPUTER TECHNOLOGY,PUNE,2014,727080
GODREJ INFOTECH,PILLAI HOC COLLEGE OF ENGINEERING AND TECHNOLOGY,NAVI MUMBAI,2016,383606
GOOGLE,LOKMANYA TILAK COLLEGE OF ENGINEERING,NAVI MUMBAI,2014,43156
INFOSYS,XAVIER INSTITUTE OF ENGINEERING,MUMBAI,2015,472797
SYMANTEC,SMT. INDIRA GANDHI COLLEGE OF ENGINEERING,NAVI MUMBAI,2018,1761549
AMDOCS,ALAMURI RATNAMALA INSTITUTE OF ENGINEERING & TECHNOLOGY,THANE,2018,699745
QUINNOX,PILLAI HOC COLLEGE OF ENGINEERING AND TECHNOLOGY,NAVI MUMBAI,2018,781754
PC TECHNOLOGY,PILLAI HOC COLLEGE OF ENGINEERING AND TECHNOLOGY,NAVI MUMBAI,2014,771321
GOOGLE,K. J. SOMAIYA COLLEGE OF ENGINEERING,MUMBAI,2015,44037
NVIDIA,VISHWAKARMA INSTITUTE OF TECHNOLOGY,PUNE,2018,22040
SYNTROSYS,SMT. INDIRA GANDHI COLLEGE OF ENGINEERING,NAVI MUMBAI,2018,959625
JIO,XAVIER INSTITUTE OF ENGINEERING,MUMBAI,2018,734589
MINDTREE,XAVIER INSTITUTE OF ENGINEERING,MUMBAI,2017,17733
SIEMENS,RAMRAO ADIK INSTITUTE OF TECHNOLOGY,NAVI MUMBAI,2017,495501
WNS,SMT. INDIRA GANDHI COLLEGE OF ENGINEERING,NAVI MUMBAI,2018,470358
ZYCUS,THAKUR COLLEGE OF ENGINEERING AND TECHNOLOGY,MUMBAI,2018,41812
CMS IT SERVICES,DWARKADAS J. SANGHVI COLLEGE OF ENGINEERING,MUMBAI,2016,441810
ACCENTURE,PILLAI HOC COLLEGE OF ENGINEERING AND TECHNOLOGY,NAVI MUMBAI,2016,293488
BNP PARIBAS,THADOMAL SHAHANI ENGINEERING COLLEGE,MUMBAI,2018,38791
MU SIGMA,PILLAI HOC COLLEGE OF ENGINEERING AND TECHNOLOGY,NAVI MUMBAI,2015,690942
UBS,LOKMANYA TILAK COLLEGE OF ENGINEERING,NAVI MUMBAI,2017,1808097
GEOMETRIC,PUNE INSTITUTE OF COMPUTER TECHNOLOGY,PUNE,2017,443055
SCHNEIDER ELECTRIC,VISHWAKARMA INSTITUTE OF TECHNOLOGY,PUNE,2016,447404
IBM,THADOMAL SHAHANI ENGINEERING COLLEGE,MUMBAI,2014,442788
ACCENTURE,ALAMURI RATNAMALA INSTITUTE OF ENGINEERING & TECHNOLOGY,THANE,2018,664502
CMC,PILLAI HOC COLLEGE OF ENGINEERING AND TECHNOLOGY,NAVI MUMBAI,2018,180514
HURIX,COLLEGE OF ENGINEERING PUNE,PUNE,2018,892379
MORGAN STANLEY,"DR. D. Y. PATIL VIDYAPEETH, PUNE",PUNE,2015,514229
INFOSYS,PUNE INSTITUTE OF COMPUTER TECHNOLOGY,PUNE,2017,467336
NEWGEN SOFTWARE,PILLAI HOC COLLEGE OF ENGINEERING AND TECHNOLOGY,NAVI MUMBAI,2016,725983
NEOSOFT TECHNOLOGIES,INDIRA COLLEGE OF ENGINEERING AND MANAGEMENT,PUNE,2018,470498
WNS,DWARKADAS J. SANGHVI COLLEGE OF ENGINEERING,MUMBAI,2017,457014
VERIZON,MIT COLLEGE OF ENGINEERING,PUNE,2016,553625
CYBAGE SOFTWARE,ALAMURI RATNAMALA INSTITUTE OF ENGINEERING & TECHNOLOGY,THANE,2015,587767
ATIDAN,SMT. INDIRA GANDHI COLLEGE OF ENGINEERING,NAVI MUMBAI,2018,935975
TATA,SMT. INDIRA GANDHI COLLEGE OF ENGINEERING,NAVI MUMBAI,2018,95866
LTI,LOKMANYA TILAK COLLEGE OF ENGINEERING,NAVI MUMBAI,2018,1260431
BHARAT PETROLEUM,DHOLE PATIL COLLEGE OF ENGINEERING PUNE,PUNE,2016,386972
UGAM,THAKUR COLLEGE OF ENGINEERING AND TECHNOLOGY,MUMBAI,2017,522470
ECLINICALWORKS,BHARATI VIDYAPEETH COLLEGE OF ENGINEERING,PUNE,2016,605679
AMDOCS,THADOMAL SHAHANI ENGINEERING COLLEGE,MUMBAI,2017,753386
TATA CONSULTANCY SERVICES,THADOMAL SHAHANI ENGINEERING COLLEGE,MUMBAI,2018,371985
EDELWEISS FINANCIAL SERVICES,RAMRAO ADIK INSTITUTE OF TECHNOLOGY,NAVI MUMBAI,2018,924078
INFIBEAM,PUNE INSTITUTE OF COMPUTER TECHNOLOGY,PUNE,2016,180872
INFIBEAM,SMT. INDIRA GANDHI COLLEGE OF ENGINEERING,NAVI MUMBAI,2018,182740
QAD,INDIRA COLLEGE OF ENGINEERING AND MANAGEMENT,PUNE,2015,880112
SYMANTEC,VEERMATA JIJABAI TECHNOLOGICAL INSTITUTE,MUMBAI,2017,16237
MIRRAW,COLLEGE OF ENGINEERING PUNE,PUNE,2014,431764
TCS,ALAMURI RATNAMALA INSTITUTE OF ENGINEERING & TECHNOLOGY,THANE,2016,359551
UGAM,ALAMURI RATNAMALA INSTITUTE OF ENGINEERING & TECHNOLOGY,THANE,2015,799479
TOPPR.COM,BHARATI VIDYAPEETH COLLEGE OF ENGINEERING,PUNE,2016,386556
GOOGLE,COLLEGE OF ENGINEERING PUNE,PUNE,2018,43473
GE,PUNE INSTITUTE OF COMPUTER TECHNOLOGY,PUNE,2017,698358
HEXAWARE TECHNOLOGIES,PUNE INSTITUTE OF COMPUTER TECHNOLOGY,PUNE,2018,31019
ORANGE,MIT COLLEGE OF ENGINEERING,PUNE,2015,20582
ACCENTURE,DWARKADAS J. SANGHVI COLLEGE OF ENGINEERING,MUMBAI,2017,648345
SYNTROSYS,LOKMANYA TILAK COLLEGE OF ENGINEERING,NAVI MUMBAI,2016,12950
TECH MAHINDRA,ALAMURI RATNAMALA INSTITUTE OF ENGINEERING & TECHNOLOGY,THANE,2018,500068
MIRRAW,PILLAI HOC COLLEGE OF ENGINEERING AND TECHNOLOGY,NAVI MUMBAI,2015,31263
WISDMLABS,PILLAI COLLEGE OF ENGINEERING,NAVI MUMBAI,2017,1705538
SAP,"TRINITY COLLEGE OF ENGINEERING AND RESEARCH,PUNE",PUNE,2015,59802
MIRRAW,INDIRA COLLEGE OF ENGINEERING AND MANAGEMENT,PUNE,2014,443058
BOOKMYSHOW,RAMRAO ADIK INSTITUTE OF TECHNOLOGY,NAVI MUMBAI,2018,364902
SIEMENS,MIT COLLEGE OF ENGINEERING,PUNE,2014,506870
WISDMLABS,LOKMANYA TILAK COLLEGE OF ENGINEERING,NAVI MUMBAI,2017,474433
ATOS,COLLEGE OF ENGINEERING PUNE,PUNE,2018,25503
RUBIQUE,THAKUR COLLEGE OF ENGINEERING AND TECHNOLOGY,MUMBAI,2017,1024032
TECH MAHINDRA,XAVIER INSTITUTE OF ENGINEERING,MUMBAI,2017,471725
PC TECHNOLOGY,INDIRA COLLEGE OF ENGINEERING AND MANAGEMENT,PUNE,2015,801513
MASTEK,THAKUR COLLEGE OF ENGINEERING AND TECHNOLOGY,MUMBAI,2017,38396
TCS,"TRINITY COLLEGE OF ENGINEERING AND RESEARCH,PUNE",PUNE,2017,41209
ADOBE,PILLAI HOC COLLEGE OF ENGINEERING AND TECHNOLOGY,NAVI MUMBAI,2014,1201546
RAVE TECHNOLOGIES,K. J. SOMAIYA COLLEGE OF ENGINEERING,MUMBAI,2017,636636
IGATE,XAVIER INSTITUTE OF ENGINEERING,MUMBAI,2014,29981
INFORMATICA,RAMRAO ADIK INSTITUTE OF TECHNOLOGY,NAVI MUMBAI,2015,373681
QUINNOX,VISHWAKARMA INSTITUTE OF TECHNOLOGY,PUNE,2015,793978
GEP,PILLAI HOC COLLEGE OF ENGINEERING AND TECHNOLOGY,NAVI MUMBAI,2015,736591
BNP PARIBAS,BHARATI VIDYAPEETH COLLEGE OF ENGINEERING,PUNE,2018,52095
INFOSYS,THAKUR COLLEGE OF ENGINEERING AND TECHNOLOGY,MUMBAI,2018,480015
SELEC,DWARKADAS J. SANGHVI COLLEGE OF ENGINEERING,MUMBAI,2018,41169
KPIT TECHNOLOGIES,"DR. D. Y. PATIL VIDYAPEETH, PUNE",PUNE,2014,817077
MICROSOFT,XAVIER INSTITUTE OF ENGINEERING,MUMBAI,2014,416431
MICROSOFT,PILLAI HOC COLLEGE OF ENGINEERING AND TECHNOLOGY,NAVI MUMBAI,2016,420548
TCS,VEERMATA JIJABAI TECHNOLOGICAL INSTITUTE,MUMBAI,2014,362884
NETWORK 18,K. J. SOMAIYA COLLEGE OF ENGINEERING,MUMBAI,2018,55083
LTI,PUNE INSTITUTE OF COMPUTER TECHNOLOGY,PUNE,2016,1259939
ACCENTURE,XAVIER INSTITUTE OF ENGINEERING,MUMBAI,2015,675483
VPHRASE,PUNE INSTITUTE OF COMPUTER TECHNOLOGY,PUNE,2017,404628
AXIS BANK,ALAMURI RATNAMALA INSTITUTE OF ENGINEERING & TECHNOLOGY,THANE,2015,11589
SABA SOFTWARE,THADOMAL SHAHANI ENGINEERING COLLEGE,MUMBAI,2015,707129
QUINNOX,THADOMAL SHAHANI ENGINEERING COLLEGE,MUMBAI,2018,446973
GODREJ INFOTECH,PILLAI COLLEGE OF ENGINEERING,NAVI MUMBAI,2017,394911
CREDIT SUISSE,VISHWAKARMA INSTITUTE OF TECHNOLOGY,PUNE,2016,306586
AMDOCS,"TRINITY COLLEGE OF ENGINEERING AND RESEARCH,PUNE",PUNE,2015,783175
ACCENTURE,"SHREE RAMCHANDRA COLLEGE OF ENGINEERING,PUNE",PUNE,2018,650481
TATA,PILLAI HOC COLLEGE OF ENGINEERING AND TECHNOLOGY,NAVI MUMBAI,2018,98186
UGAM,DHOLE PATIL COLLEGE OF ENGINEERING PUNE,PUNE,2017,804740
JOHNSON CONTROLS,THAKUR COLLEGE OF ENGINEERING AND TECHNOLOGY,MUMBAI,2017,770339
HEXAWARE TECHNOLOGIES,ARMY INSTITUTE OF TECHNOLOGY,PUNE,2018,30641
AMAZON,PUNE INSTITUTE OF COMPUTER TECHNOLOGY,PUNE,2014,436501
MIRRAW,DHOLE PATIL COLLEGE OF ENGINEERING PUNE,PUNE,2016,434253
AMDOCS,THAKUR COLLEGE OF ENGINEERING AND TECHNOLOGY,MUMBAI,2018,771234
RUBIQUE,PUNE INSTITUTE OF COMPUTER TECHNOLOGY,PUNE,2018,1001186
IBM,PILLAI HOC COLLEGE OF ENGINEERING AND TECHNOLOGY,NAVI MUMBAI,2017,439682
VISA INC.,"DR. D. Y. PATIL VIDYAPEETH, PUNE",PUNE,2014,1200390
QUALITYKIOSK,SMT. INDIRA GANDHI COLLEGE OF ENGINEERING,NAVI MUMBAI,2016,27137
NUCSOFT,RAMRAO ADIK INSTITUTE OF TECHNOLOGY,NAVI MUMBAI,2017,29853
SELEC,THADOMAL SHAHANI ENGINEERING COLLEGE,MUMBAI,2017,41169
QAD,"DR. D. Y. PATIL VIDYAPEETH, PUNE",PUNE,2015,903122
BHARAT PETROLEUM,LOKMANYA TILAK COLLEGE OF ENGINEERING,NAVI MUMBAI,2016,372114
GEOMETRIC SOFTWARE SOLUTIONS,THADOMAL SHAHANI ENGINEERING COLLEGE,MUMBAI,2014,347606
ACCOLITE,"DR. D. Y. PATIL VIDYAPEETH, PUNE",PUNE,2015,135580
CMS IT SERVICES,ARMY INSTITUTE OF TECHNOLOGY,PUNE,2015,443588
IBM,COLLEGE OF ENGINEERING PUNE,PUNE,2018,374779
ORIENT TECHNOLOGIES,PILLAI HOC COLLEGE OF ENGINEERING AND TECHNOLOGY,NAVI MUMBAI,2014,26901
IDBI INTECH,BHARATI VIDYAPEETH COLLEGE OF ENGINEERING,PUNE,2016,551472
KPIT TECHNOLOGIES,DWARKADAS J. SANGHVI COLLEGE OF ENGINEERING,MUMBAI,2015,787671
ATOS,THADOMAL SHAHANI ENGINEERING COLLEGE,MUMBAI,2018,25600
MEDIA.NET,"DR. D. Y. PATIL VIDYAPEETH, PUNE",PUNE,2017,1406049
SIEMENS,"TRINITY COLLEGE OF ENGINEERING AND RESEARCH,PUNE",PUNE,2018,495501
QUALITYKIOSK,"TRINITY COLLEGE OF ENGINEERING AND RESEARCH,PUNE",PUNE,2014,30746
IDBI INTECH,PILLAI HOC COLLEGE OF ENGINEERING AND TECHNOLOGY,NAVI MUMBAI,2015,384639
MORGAN STANLEY,"SHREE RAMCHANDRA COLLEGE OF ENGINEERING,PUNE",PUNE,2016,508323
AMDOCS,"DR. D. Y. PATIL VIDYAPEETH, PUNE",PUNE,2018,683094
BANK OF AMERICA,K. J. SOMAIYA COLLEGE OF ENGINEERING,MUMBAI,2018,797402
BANK OF AMERICA,PUNE INSTITUTE OF COMPUTER TECHNOLOGY,PUNE,2014,905934
GE,ARMY INSTITUTE OF TECHNOLOGY,PUNE,2018,690312
HURIX,PILLAI HOC COLLEGE OF ENGINEERING AND TECHNOLOGY,NAVI MUMBAI,2018,883787
THIRDWARE SOLUTION,COLLEGE OF ENGINEERING PUNE,PUNE,2015,496946
MPHASIS,SMT. INDIRA GANDHI COLLEGE OF ENGINEERING,NAVI MUMBAI,2018,710194
CMS IT SERVICES,DWARKADAS J. SANGHVI COLLEGE OF ENGINEERING,MUMBAI,2016,438562
TOPPR.COM,"TRINITY COLLEGE OF ENGINEERING AND RESEARCH,PUNE",PUNE,2018,1015219
CREDIT SUISSE,COLLEGE OF ENGINEERING PUNE,PUNE,2015,299512
ATIDAN,INDIRA COLLEGE OF ENGINEERING AND MANAGEMENT,PUNE,2018,911990
FRACTAL ANALYTICS,PILLAI HOC COLLEGE OF ENGINEERING AND TECHNOLOGY,NAVI MUMBAI,2015,31387
NEWGEN SOFTWARE,THAKUR COLLEGE OF ENGINEERING AND TECHNOLOGY,MUMBAI,2018,690650
MILES SOFTWARE,LOKMANYA TILAK COLLEGE OF ENGINEERING,NAVI MUMBAI,2014,646398
MIRRAW,SMT. INDIRA GANDHI COLLEGE OF ENGINEERING,NAVI MUMBAI,2018,439440
QUINNOX,ALAMURI RATNAMALA INSTITUTE OF ENGINEERING & TECHNOLOGY,THANE,2014,444793
INFOSYS,K. J. SOMAIYA COLLEGE OF ENGINEERING,MUMBAI,2018,457597
ZENITH SYSTEM SOLUTIONS,VEERMATA JIJABAI TECHNOLOGICAL INSTITUTE,MUMBAI,2014,634108
BNP PARIBAS,MIT COLLEGE OF ENGINEERING,PUNE,2015,37873
MINDTREE,PUNE INSTITUTE OF COMPUTER TECHNOLOGY,PUNE,2015,18207
IDBI INTECH,DHOLE PATIL COLLEGE OF ENGINEERING PUNE,PUNE,2016,539588
ACCENTURE,COLLEGE OF ENGINEERING PUNE,PUNE,2017,308216
ZENSAR TECHNOLOGIES,"TRINITY COLLEGE OF ENGINEERING AND RESEARCH,PUNE",PUNE,2014,475453
LIONBRIDGE,DHOLE PATIL COLLEGE OF ENGINEERING PUNE,PUNE,2016,44969
XL DYNAMICS,PILLAI HOC COLLEGE OF ENGINEERING AND TECHNOLOGY,NAVI MUMBAI,2017,701471
IBM,"DR. D. Y. PATIL VIDYAPEETH, PUNE",PUNE,2014,370838
GOOGLE,XAVIER INSTITUTE OF ENGINEERING,MUMBAI,2017,45065
THIRDWARE SOLUTION,VEERMATA JIJABAI TECHNOLOGICAL INSTITUTE,MUMBAI,2016,432247
TOPPR.COM,"TRINITY COLLEGE OF ENGINEERING AND RESEARCH,PUNE",PUNE,2017,1002672
SAINT-GOBAIN,VISHWAKARMA INSTITUTE OF TECHNOLOGY,PUNE,2018,737980
NEOSOFT TECHNOLOGIES,DWARKADAS J. SANGHVI COLLEGE OF ENGINEERING,MUMBAI,2017,474661
JOHNSON CONTROLS,ALAMURI RATNAMALA INSTITUTE OF ENGINEERING & TECHNOLOGY,THANE,2017,792989
CAPGEMINI,ARMY INSTITUTE OF TECHNOLOGY,PUNE,2016,786853
HEXAWARE TECHNOLOGIES,K. J. SOMAIYA COLLEGE OF ENGINEERING,MUMBAI,2017,774685
QUALITYKIOSK,DHOLE PATIL COLLEGE OF ENGINEERING PUNE,PUNE,2015,26797
ORACLE,VISHWAKARMA INSTITUTE OF TECHNOLOGY,PUNE,2017,498136
NEOSOFT TECHNOLOGIES,VISHWAKARMA INSTITUTE OF TECHNOLOGY,PUNE,2016,468789
DIRECTI,DWARKADAS J. SANGHVI COLLEGE OF ENGINEERING,MUMBAI,2017,1620335
WISDMLABS,PILLAI COLLEGE OF ENGINEERING,NAVI MUMBAI,2014,1762033
NEOSOFT,VISHWAKARMA INSTITUTE OF TECHNOLOGY,PUNE,2018,380313
HEXAWARE TECHNOLOGIES,ARMY INSTITUTE OF TECHNOLOGY,PUNE,2016,780181
QUANTIPHI,SMT. INDIRA GANDHI COLLEGE OF ENGINEERING,NAVI MUMBAI,2015,31248
WIPRO,THAKUR COLLEGE OF ENGINEERING AND TECHNOLOGY,MUMBAI,2014,471817
SELEC,VEERMATA JIJABAI TECHNOLOGICAL INSTITUTE,MUMBAI,2017,40752
XORIANT,THAKUR COLLEGE OF ENGINEERING AND TECHNOLOGY,MUMBAI,2017,458546
YAHOO,PUNE INSTITUTE OF COMPUTER TECHNOLOGY,PUNE,2016,387134
YAHOO,DHOLE PATIL COLLEGE OF ENGINEERING PUNE,PUNE,2017,382976
NUCSOFT,DWARKADAS J. SANGHVI COLLEGE OF ENGINEERING,MUMBAI,2015,29041
MU SIGMA,ALAMURI RATNAMALA INSTITUTE OF ENGINEERING & TECHNOLOGY,THANE,2016,333427
HCL TECHNOLOGIES,DWARKADAS J. SANGHVI COLLEGE OF ENGINEERING,MUMBAI,2016,304011
ENDURANCE INTERNATIONAL GROUP,COLLEGE OF ENGINEERING PUNE,PUNE,2017,786209
VPHRASE,RAMRAO ADIK INSTITUTE OF TECHNOLOGY,NAVI MUMBAI,2017,420697
TECH MAHINDRA,ARMY INSTITUTE OF TECHNOLOGY,PUNE,2015,29426
SAP,THADOMAL SHAHANI ENGINEERING COLLEGE,MUMBAI,2018,810135
IDBI INTECH,THAKUR COLLEGE OF ENGINEERING AND TECHNOLOGY,MUMBAI,2017,563800
WIPRO,THADOMAL SHAHANI ENGINEERING COLLEGE,MUMBAI,2018,491080
HEWLETT-PACKARD,XAVIER INSTITUTE OF ENGINEERING,MUMBAI,2017,1136587
IBM,DHOLE PATIL COLLEGE OF ENGINEERING PUNE,PUNE,2017,452414
THIRDWARE SOLUTION,THAKUR COLLEGE OF ENGINEERING AND TECHNOLOGY,MUMBAI,2017,439275
MORGAN STANLEY,BHARATI VIDYAPEETH COLLEGE OF ENGINEERING,PUNE,2018,1764982
NUCSOFT,BHARATI VIDYAPEETH COLLEGE OF ENGINEERING,PUNE,2016,30241
MICROSOFT,VEERMATA JIJABAI TECHNOLOGICAL INSTITUTE,MUMBAI,2017,1176245
TECH MAHINDRA,VEERMATA JIJABAI TECHNOLOGICAL INSTITUTE,MUMBAI,2015,472387
MORGAN STANLEY,PILLAI HOC COLLEGE OF ENGINEERING AND TECHNOLOGY,NAVI MUMBAI,2018,512775
GOOGLE,COLLEGE OF ENGINEERING PUNE,PUNE,2015,44741
THIRDWARE SOLUTION,K. J. SOMAIYA COLLEGE OF ENGINEERING,MUMBAI,2017,436630
QUINNOX,LOKMANYA TILAK COLLEGE OF ENGINEERING,NAVI MUMBAI,2018,446973
BHARAT PETROLEUM,THADOMAL SHAHANI ENGINEERING COLLEGE,MUMBAI,2016,391618
AMAZON,ALAMURI RATNAMALA INSTITUTE OF ENGINEERING & TECHNOLOGY,THANE,2015,20586
KPIT TECHNOLOGIES,RAMRAO ADIK INSTITUTE OF TECHNOLOGY,NAVI MUMBAI,2017,796689
GOOGLE,DWARKADAS J. SANGHVI COLLEGE OF ENGINEERING,MUMBAI,2018,44143
NEWGEN,XAVIER INSTITUTE OF ENGINEERING,MUMBAI,2018,11383
AMAZON,LOKMANYA TILAK COLLEGE OF ENGINEERING,NAVI MUMBAI,2018,19789
HURIX,INDIRA COLLEGE OF ENGINEERING AND MANAGEMENT,PUNE,2018,892379
AMDOCS,COLLEGE OF ENGINEERING PUNE,PUNE,2018,771234
RAVE TECHNOLOGIES,DHOLE PATIL COLLEGE OF ENGINEERING PUNE,PUNE,2014,414320
CREDIT SUISSE,BHARATI VIDYAPEETH COLLEGE OF ENGINEERING,PUNE,2016,975319
HDFC,XAVIER INSTITUTE OF ENGINEERING,MUMBAI,2018,535465
AMAZON,LOKMANYA TILAK COLLEGE OF ENGINEERING,NAVI MUMBAI,2015,20215
LARSEN & TOUBRO,ALAMURI RATNAMALA INSTITUTE OF ENGINEERING & TECHNOLOGY,THANE,2015,1792687
ZYCUS,VISHWAKARMA INSTITUTE OF TECHNOLOGY,PUNE,2018,17100
CAPITA,"TRINITY COLLEGE OF ENGINEERING AND RESEARCH,PUNE",PUNE,2017,579967
YAHOO,INDIRA COLLEGE OF ENGINEERING AND MANAGEMENT,PUNE,2018,376823
CAPITA,VEERMATA JIJABAI TECHNOLOGICAL INSTITUTE,MUMBAI,2017,588342
INFOSYS,ALAMURI RATNAMALA INSTITUTE OF ENGINEERING & TECHNOLOGY,THANE,2018,646191
GOOGLE,SMT. INDIRA GANDHI COLLEGE OF ENGINEERING,NAVI MUMBAI,2018,44037
CLOVER INFOTECH,PILLAI HOC COLLEGE OF ENGINEERING AND TECHNOLOGY,NAVI MUMBAI,2017,369831
MORGAN STANLEY,DWARKADAS J. SANGHVI COLLEGE OF ENGINEERING,MUMBAI,2016,527445
ACCOLITE,ARMY INSTITUTE OF TECHNOLOGY,PUNE,2018,135926
VERIZON,ALAMURI RATNAMALA INSTITUTE OF ENGINEERING & TECHNOLOGY,THANE,2015,563169
NEWGEN,THAKUR COLLEGE OF ENGINEERING AND TECHNOLOGY,MUMBAI,2015,11083
IBM INDIA,DHOLE PATIL COLLEGE OF ENGINEERING PUNE,PUNE,2016,565578
LIONBRIDGE,ALAMURI RATNAMALA INSTITUTE OF ENGINEERING & TECHNOLOGY,THANE,2014,44269
INFOSYS,BHARATI VIDYAPEETH COLLEGE OF ENGINEERING,PUNE,2017,467021
PROTEGRITY,SMT. INDIRA GANDHI COLLEGE OF ENGINEERING,NAVI MUMBAI,2017,54052
WEATHERFORD,SMT. INDIRA GANDHI COLLEGE OF ENGINEERING,NAVI MUMBAI,2016,514058
MORGAN STANLEY,THADOMAL SHAHANI ENGINEERING COLLEGE,MUMBAI,2016,1747965
DIRECTI,"TRINITY COLLEGE OF ENGINEERING AND RESEARCH,PUNE",PUNE,2014,1639203
TATA COMMUNICATIONS,"SHREE RAMCHANDRA COLLEGE OF ENGINEERING,PUNE",PUNE,2017,381550
MICROSOFT,THAKUR COLLEGE OF ENGINEERING AND TECHNOLOGY,MUMBAI,2018,416065
NVIDIA,DWARKADAS J. SANGHVI COLLEGE OF ENGINEERING,MUMBAI,2017,21747
ECLINICALWORKS,"SHREE RAMCHANDRA COLLEGE OF ENGINEERING,PUNE",PUNE,2016,344654
INFOGAIN,DWARKADAS J. SANGHVI COLLEGE OF ENGINEERING,MUMBAI,2017,415614
SAINT-GOBAIN,PILLAI COLLEGE OF ENGINEERING,NAVI MUMBAI,2018,746141
TECH MAHINDRA,MIT COLLEGE OF ENGINEERING,PUNE,2016,28975
ADOBE,XAVIER INSTITUTE OF ENGINEERING,MUMBAI,2017,109643
SABA SOFTWARE,DWARKADAS J. SANGHVI COLLEGE OF ENGINEERING,MUMBAI,2017,728265
WISDMLABS,RAMRAO ADIK INSTITUTE OF TECHNOLOGY,NAVI MUMBAI,2017,470358
AMDOCS,VEERMATA JIJABAI TECHNOLOGICAL INSTITUTE,MUMBAI,2015,748671
CALSOFT,LOKMANYA TILAK COLLEGE OF ENGINEERING,NAVI MUMBAI,2015,16307
AXIS BANK,DHOLE PATIL COLLEGE OF ENGINEERING PUNE,PUNE,2018,11637
SAP,DWARKADAS J. SANGHVI COLLEGE OF ENGINEERING,MUMBAI,2017,59805
UGAM,K. J. SOMAIYA COLLEGE OF ENGINEERING,MUMBAI,2014,812769
BOOKMYSHOW,BHARATI VIDYAPEETH COLLEGE OF ENGINEERING,PUNE,2015,363632
MAJESCO,"SHREE RAMCHANDRA COLLEGE OF ENGINEERING,PUNE",PUNE,2018,430627
NSEIT,PILLAI COLLEGE OF ENGINEERING,NAVI MUMBAI,2018,58812
ECLERX,PUNE INSTITUTE OF COMPUTER TECHNOLOGY,PUNE,2015,45866
TECH MAHINDRA,"DR. D. Y. PATIL VIDYAPEETH, PUNE",PUNE,2018,29854
HURIX,COLLEGE OF ENGINEERING PUNE,PUNE,2015,918975
VPHRASE,INDIRA COLLEGE OF ENGINEERING AND MANAGEMENT,PUNE,2017,406270
HEXAWARE TECHNOLOGIES,"SHREE RAMCHANDRA COLLEGE OF ENGINEERING,PUNE",PUNE,2018,760901
NEWGEN,DHOLE PATIL COLLEGE OF ENGINEERING PUNE,PUNE,2014,11229
MU SIGMA,"TRINITY COLLEGE OF ENGINEERING AND RESEARCH,PUNE",PUNE,2014,691697
WEATHERFORD,K. J. SOMAIYA COLLEGE OF ENGINEERING,MUMBAI,2014,502284
ATIDAN,PILLAI COLLEGE OF ENGINEERING,NAVI MUMBAI,2015,794142
INFOSYS,VEERMATA JIJABAI TECHNOLOGICAL INSTITUTE,MUMBAI,2017,470498
INFOSYS,RAMRAO ADIK INSTITUTE OF TECHNOLOGY,NAVI MUMBAI,2017,625346
CMC,THAKUR COLLEGE OF ENGINEERING AND TECHNOLOGY,MUMBAI,2014,176307
ZENITH SYSTEM SOLUTIONS,INDIRA COLLEGE OF ENGINEERING AND MANAGEMENT,PUNE,2018,643497
WNS,DWARKADAS J. SANGHVI COLLEGE OF ENGINEERING,MUMBAI,2018,398034
MIRRAW,INDIRA COLLEGE OF ENGINEERING AND MANAGEMENT,PUNE,2015,31034
MU SIGMA,COLLEGE OF ENGINEERING PUNE,PUNE,2017,726467
BANK OF AMERICA,"TRINITY COLLEGE OF ENGINEERING AND RESEARCH,PUNE",PUNE,2014,793419
AMDOCS,PILLAI HOC COLLEGE OF ENGINEERING AND TECHNOLOGY,NAVI MUMBAI,2017,771806
HEXAWARE TECHNOLOGIES,ALAMURI RATNAMALA INSTITUTE OF ENGINEERING & TECHNOLOGY,THANE,2014,743994
TCS,DWARKADAS J. SANGHVI COLLEGE OF ENGINEERING,MUMBAI,2017,362488
JIO,PILLAI HOC COLLEGE OF ENGINEERING AND TECHNOLOGY,NAVI MUMBAI,2018,752280
ATIDAN,INDIRA COLLEGE OF ENGINEERING AND MANAGEMENT,PUNE,2018,935975
IGATE,THAKUR COLLEGE OF ENGINEERING AND TECHNOLOGY,MUMBAI,2018,30641
HDFC,PILLAI HOC COLLEGE OF ENGINEERING AND TECHNOLOGY,NAVI MUMBAI,2018,538272
MILES SOFTWARE,DHOLE PATIL COLLEGE OF ENGINEERING PUNE,PUNE,2014,634882
NEOSOFT TECHNOLOGIES,"DR. D. Y. PATIL VIDYAPEETH, PUNE",PUNE,2016,477264
ATIDAN,ALAMURI RATNAMALA INSTITUTE OF ENGINEERING & TECHNOLOGY,THANE,2018,815946
NETWORK 18,VISHWAKARMA INSTITUTE OF TECHNOLOGY,PUNE,2018,55083
CAPGEMINI,"TRINITY COLLEGE OF ENGINEERING AND RESEARCH,PUNE",PUNE,2015,392806
AMAZON,LOKMANYA TILAK COLLEGE OF ENGINEERING,NAVI MUMBAI,2018,20763
WISDMLABS,PUNE INSTITUTE OF COMPUTER TECHNOLOGY,PUNE,2017,470358
XORIANT,DHOLE PATIL COLLEGE OF ENGINEERING PUNE,PUNE,2018,446973
MEDIA.NET,K. J. SOMAIYA COLLEGE OF ENGINEERING,MUMBAI,2015,1358040
ECLINICALWORKS,PUNE INSTITUTE OF COMPUTER TECHNOLOGY,PUNE,2016,599048
INFOSYS,INDIRA COLLEGE OF ENGINEERING AND MANAGEMENT,PUNE,2015,642206
ACCENTURE,"SHREE RAMCHANDRA COLLEGE OF ENGINEERING,PUNE",PUNE,2015,303017
IDBI INTECH,DWARKADAS J. SANGHVI COLLEGE OF ENGINEERING,MUMBAI,2018,554082
SIEMENS,BHARATI VIDYAPEETH COLLEGE OF ENGINEERING,PUNE,2018,485441
CROMPTON GREAVES,PUNE INSTITUTE OF COMPUTER TECHNOLOGY,PUNE,2017,249372
TATA CONSULTANCY SERVICES,XAVIER INSTITUTE OF ENGINEERING,MUMBAI,2018,363632
CALSOFT,DWARKADAS J. SANGHVI COLLEGE OF ENGINEERING,MUMBAI,2017,16688
AMDOCS,XAVIER INSTITUTE OF ENGINEERING,MUMBAI,2015,761881
ENDURANCE INTERNATIONAL GROUP,VEERMATA JIJABAI TECHNOLOGICAL INSTITUTE,MUMBAI,2016,792884
GE,K. J. SOMAIYA COLLEGE OF ENGINEERING,MUMBAI,2015,529642
INGRAM MICRO,PUNE INSTITUTE OF COMPUTER TECHNOLOGY,PUNE,2014,360381
SYMANTEC,ARMY INSTITUTE OF TECHNOLOGY,PUNE,2018,1801956
LIONBRIDGE,MIT COLLEGE OF ENGINEERING,PUNE,2016,43858
SABA SOFTWARE,THAKUR COLLEGE OF ENGINEERING AND TECHNOLOGY,MUMBAI,2014,703546
UBS,DWARKADAS J. SANGHVI COLLEGE OF ENGINEERING,MUMBAI,2017,381503
GE,LOKMANYA TILAK COLLEGE OF ENGINEERING,NAVI MUMBAI,2016,701257
MU SIGMA,ARMY INSTITUTE OF TECHNOLOGY,PUNE,2014,351673
DIRECTI,PILLAI HOC COLLEGE OF ENGINEERING AND TECHNOLOGY,NAVI MUMBAI,2017,25335
SIEMENS,VISHWAKARMA INSTITUTE OF TECHNOLOGY,PUNE,2014,493508
ZENITH SYSTEM SOLUTIONS,PILLAI HOC COLLEGE OF ENGINEERING AND TECHNOLOGY,NAVI MUMBAI,2018,643497
MINDTREE,K. J. SOMAIYA COLLEGE OF ENGINEERING,MUMBAI,2014,18199
MIRRAW,K. J. SOMAIYA COLLEGE OF ENGINEERING,MUMBAI,2017,30718
ATOS,ALAMURI RATNAMALA INSTITUTE OF ENGINEERING & TECHNOLOGY,THANE,2016,698489
INFIBEAM,INDIRA COLLEGE OF ENGINEERING AND MANAGEMENT,PUNE,2014,176085
TCS,PILLAI HOC COLLEGE OF ENGINEERING AND TECHNOLOGY,NAVI MUMBAI,2014,42851
RAJA SOFTWARE LABS,ARMY INSTITUTE OF TECHNOLOGY,PUNE,2018,443321
MAQ SOFTWARE,PILLAI HOC COLLEGE OF ENGINEERING AND TECHNOLOGY,NAVI MUMBAI,2016,1648038
OSP LABS,RAMRAO ADIK INSTITUTE OF TECHNOLOGY,NAVI MUMBAI,2018,857813
ZENSAR TECHNOLOGIES,ALAMURI RATNAMALA INSTITUTE OF ENGINEERING & TECHNOLOGY,THANE,2018,473711
SABA SOFTWARE,SMT. INDIRA GANDHI COLLEGE OF ENGINEERING,NAVI MUMBAI,2018,709027
QUINNOX,XAVIER INSTITUTE OF ENGINEERING,MUMBAI,2015,447082
QUALITYKIOSK,VEERMATA JIJABAI TECHNOLOGICAL INSTITUTE,MUMBAI,2016,30871
INFOGAIN,VISHWAKARMA INSTITUTE OF TECHNOLOGY,PUNE,2016,227035
EDELWEISS FINANCIAL SERVICES,ARMY INSTITUTE OF TECHNOLOGY,PUNE,2016,939255
WIPRO,K. J. SOMAIYA COLLEGE OF ENGINEERING,MUMBAI,2016,471313
ORACLE,PILLAI COLLEGE OF ENGINEERING,NAVI MUMBAI,2015,499114
GE,THAKUR COLLEGE OF ENGINEERING AND TECHNOLOGY,MUMBAI,2014,511028
PROTEGRITY,K. J. SOMAIYA COLLEGE OF ENGINEERING,MUMBAI,2014,1150846
KPIT TECHNOLOGIES,MIT COLLEGE OF ENGINEERING,PUNE,2018,820424
TATA,PILLAI COLLEGE OF ENGINEERING,NAVI MUMBAI,2015,95537
MPHASIS,THADOMAL SHAHANI ENGINEERING COLLEGE,MUMBAI,2016,476423
ECLINICALWORKS,ALAMURI RATNAMALA INSTITUTE OF ENGINEERING & TECHNOLOGY,THANE,2017,343109
IDBI INTECH,DWARKADAS J. SANGHVI COLLEGE OF ENGINEERING,MUMBAI,2017,562171
WIPRO,INDIRA COLLEGE OF ENGINEERING AND MANAGEMENT,PUNE,2018,482653
AMDOCS,RAMRAO ADIK INSTITUTE OF TECHNOLOGY,NAVI MUMBAI,2016,768847
GODREJ INFOTECH,ARMY INSTITUTE OF TECHNOLOGY,PUNE,2014,373052
ZENSAR TECHNOLOGIES,ARMY INSTITUTE OF TECHNOLOGY,PUNE,2015,1086813
GEP,LOKMANYA TILAK COLLEGE OF ENGINEERING,NAVI MUMBAI,2017,731684
BOOKMYSHOW,RAMRAO ADIK INSTITUTE OF TECHNOLOGY,NAVI MUMBAI,2016,371950
NUCSOFT,DHOLE PATIL COLLEGE OF ENGINEERING PUNE,PUNE,2018,223621
MEDIA.NET,"DR. D. Y. PATIL VIDYAPEETH, PUNE",PUNE,2015,574906
RAJA SOFTWARE LABS,INDIRA COLLEGE OF ENGINEERING AND MANAGEMENT,PUNE,2014,445379
IBM,PILLAI COLLEGE OF ENGINEERING,NAVI MUMBAI,2018,374929
OSP LABS,"SHREE RAMCHANDRA COLLEGE OF ENGINEERING,PUNE",PUNE,2017,883208
ARK TECHNOSOLUTIONS,ALAMURI RATNAMALA INSTITUTE OF ENGINEERING & TECHNOLOGY,THANE,2016,1146537
TECH MAHINDRA,VISHWAKARMA INSTITUTE OF TECHNOLOGY,PUNE,2015,29012
INFOSYS,XAVIER INSTITUTE OF ENGINEERING,MUMBAI,2018,469527
AXIS BANK,BHARATI VIDYAPEETH COLLEGE OF ENGINEERING,PUNE,2018,588122
UGAM,INDIRA COLLEGE OF ENGINEERING AND MANAGEMENT,PUNE,2014,789089
ZYCUS,BHARATI VIDYAPEETH COLLEGE OF ENGINEERING,PUNE,2014,41226
THIRDWARE SOLUTION,PILLAI HOC COLLEGE OF ENGINEERING AND TECHNOLOGY,NAVI MUMBAI,2018,443055
QUINNOX,"DR. D. Y. PATIL VIDYAPEETH, PUNE",PUNE,2018,446973
WNS,"DR. D. Y. PATIL VIDYAPEETH, PUNE",PUNE,2016,404921
BNP PARIBAS,COLLEGE OF ENGINEERING PUNE,PUNE,2015,54368
CROMPTON GREAVES,DWARKADAS J. SANGHVI COLLEGE OF ENGINEERING,MUMBAI,2017,256243
HDFC,RAMRAO ADIK INSTITUTE OF TECHNOLOGY,NAVI MUMBAI,2018,537611
SABA SOFTWARE,PUNE INSTITUTE OF COMPUTER TECHNOLOGY,PUNE,2016,695694
VISA INC.,MIT COLLEGE OF ENGINEERING,PUNE,2017,1152255
TATA CONSULTANCY SERVICES,VEERMATA JIJABAI TECHNOLOGICAL INSTITUTE,MUMBAI,2016,758120
WIPRO,DWARKADAS J. SANGHVI COLLEGE OF ENGINEERING,MUMBAI,2015,490392
GEOMETRIC,PILLAI HOC COLLEGE OF ENGINEERING AND TECHNOLOGY,NAVI MUMBAI,2014,437613
MORGAN STANLEY,DWARKADAS J. SANGHVI COLLEGE OF ENGINEERING,MUMBAI,2015,1727648
MASTEK,VEERMATA JIJABAI TECHNOLOGICAL INSTITUTE,MUMBAI,2017,39011
BHARAT PETROLEUM,COLLEGE OF ENGINEERING PUNE,PUNE,2018,382233
MAJESCO,PILLAI COLLEGE OF ENGINEERING,NAVI MUMBAI,2014,436055
CAPGEMINI,RAMRAO ADIK INSTITUTE OF TECHNOLOGY,NAVI MUMBAI,2014,812037
UBS,DWARKADAS J. SANGHVI COLLEGE OF ENGINEERING,MUMBAI,2018,1801956
CAPITA,DWARKADAS J. SANGHVI COLLEGE OF ENGINEERING,MUMBAI,2015,587995
NSEIT,VISHWAKARMA INSTITUTE OF TECHNOLOGY,PUNE,2014,49435
NEWGEN SOFTWARE,ARMY INSTITUTE OF TECHNOLOGY,PUNE,2018,432807
UGAM,DHOLE PATIL COLLEGE OF ENGINEERING PUNE,PUNE,2014,545060
TATA CONSULTANCY SERVICES,MIT COLLEGE OF ENGINEERING,PUNE,2018,372725
SYMANTEC,BHARATI VIDYAPEETH COLLEGE OF ENGINEERING,PUNE,2018,1843055
QUINNOX,THADOMAL SHAHANI ENGINEERING COLLEGE,MUMBAI,2016,443333
SIEMENS,VISHWAKARMA INSTITUTE OF TECHNOLOGY,PUNE,2017,509649
YAHOO,THAKUR COLLEGE OF ENGINEERING AND TECHNOLOGY,MUMBAI,2016,385143
GOOGLE,DWARKADAS J. SANGHVI COLLEGE OF ENGINEERING,MUMBAI,2018,45221
SYMANTEC,INDIRA COLLEGE OF ENGINEERING AND MANAGEMENT,PUNE,2018,15948
SYNTROSYS,BHARATI VIDYAPEETH COLLEGE OF ENGINEERING,PUNE,2014,957923
CMC,PUNE INSTITUTE OF COMPUTER TECHNOLOGY,PUNE,2017,421334
ZENSAR TECHNOLOGIES,RAMRAO ADIK INSTITUTE OF TECHNOLOGY,NAVI MUMBAI,2015,482579
BHARAT PETROLEUM,K. J. SOMAIYA COLLEGE OF ENGINEERING,MUMBAI,2015,379712
PC TECHNOLOGY,PILLAI HOC COLLEGE OF ENGINEERING AND TECHNOLOGY,NAVI MUMBAI,2018,17733
